"The Day Ahead Auction data provided in the download is intended exclusively for private and internal use. The use of any data, whether in its raw or derived form, for external or commercial purposes is expressly prohibited. Should you require licensing for market related data, please contact the original data providers directly, including but not limited to EPEX SPOT SE and Nord Pool AS. Deviating from this, the price data of the day ahead auction for the following bidding zones is published without any change under the CC BY 4.0 (creativecommons.org/licenses/by/4.0) license with the source Bundesnetzagentur | SMARD.de: AT, BE, CH, CZ, DE-LU, DE-AT-LU, DK1, DK2, FR, HU, IT-NORTH, NL, NO2, PL, SE4, SI",
Date (GMT+1),Day Ahead Auction (SE3)
,"Price (EUR/MWh, EUR/tCO2)"
2026-01-01T00:00+01:00,38.67
2026-01-01T00:15+01:00,37.99
2026-01-01T00:30+01:00,37.4
2026-01-01T00:45+01:00,36.57
2026-01-01T01:00+01:00,35.42
2026-01-01T01:15+01:00,35.94
2026-01-01T01:30+01:00,32.88
2026-01-01T01:45+01:00,21.96
2026-01-01T02:00+01:00,30.41
2026-01-01T02:15+01:00,18.64
2026-01-01T02:30+01:00,14.11
2026-01-01T02:45+01:00,7.3
2026-01-01T03:00+01:00,10.26
2026-01-01T03:15+01:00,6.74
2026-01-01T03:30+01:00,4.74
2026-01-01T03:45+01:00,4.34
2026-01-01T04:00+01:00,4.86
2026-01-01T04:15+01:00,4.67
2026-01-01T04:30+01:00,3.94
2026-01-01T04:45+01:00,3.52
2026-01-01T05:00+01:00,3.66
2026-01-01T05:15+01:00,3.07
2026-01-01T05:30+01:00,3.09
2026-01-01T05:45+01:00,3.03
2026-01-01T06:00+01:00,3.11
2026-01-01T06:15+01:00,3.06
2026-01-01T06:30+01:00,3.51
2026-01-01T06:45+01:00,4.11
2026-01-01T07:00+01:00,3.18
2026-01-01T07:15+01:00,3.23
2026-01-01T07:30+01:00,3.79
2026-01-01T07:45+01:00,4.32
2026-01-01T08:00+01:00,3.51
2026-01-01T08:15+01:00,4.3
2026-01-01T08:30+01:00,4.58
2026-01-01T08:45+01:00,4.69
2026-01-01T09:00+01:00,4.78
2026-01-01T09:15+01:00,4.9
2026-01-01T09:30+01:00,5.06
2026-01-01T09:45+01:00,5.56
2026-01-01T10:00+01:00,5.65
2026-01-01T10:15+01:00,5.67
2026-01-01T10:30+01:00,5.75
2026-01-01T10:45+01:00,5.78
2026-01-01T11:00+01:00,5.81
2026-01-01T11:15+01:00,6.26
2026-01-01T11:30+01:00,6.95
2026-01-01T11:45+01:00,6.95
2026-01-01T12:00+01:00,6.71
2026-01-01T12:15+01:00,6.95
2026-01-01T12:30+01:00,6.95
2026-01-01T12:45+01:00,6.95
2026-01-01T13:00+01:00,7.43
2026-01-01T13:15+01:00,8.07
2026-01-01T13:30+01:00,8.08
2026-01-01T13:45+01:00,8.4
2026-01-01T14:00+01:00,8.43
2026-01-01T14:15+01:00,10.01
2026-01-01T14:30+01:00,11.17
2026-01-01T14:45+01:00,12.82
2026-01-01T15:00+01:00,11.54
2026-01-01T15:15+01:00,15.41
2026-01-01T15:30+01:00,15.53
2026-01-01T15:45+01:00,18.26
2026-01-01T16:00+01:00,18.25
2026-01-01T16:15+01:00,19.84
2026-01-01T16:30+01:00,22.49
2026-01-01T16:45+01:00,28.5
2026-01-01T17:00+01:00,24.77
2026-01-01T17:15+01:00,27.25
2026-01-01T17:30+01:00,30.7
2026-01-01T17:45+01:00,29.91
2026-01-01T18:00+01:00,26.27
2026-01-01T18:15+01:00,28.52
2026-01-01T18:30+01:00,21.92
2026-01-01T18:45+01:00,18.7
2026-01-01T19:00+01:00,27.46
2026-01-01T19:15+01:00,19.67
2026-01-01T19:30+01:00,21.03
2026-01-01T19:45+01:00,20.41
2026-01-01T20:00+01:00,22.48
2026-01-01T20:15+01:00,21.82
2026-01-01T20:30+01:00,19.86
2026-01-01T20:45+01:00,18.72
2026-01-01T21:00+01:00,20
2026-01-01T21:15+01:00,18.49
2026-01-01T21:30+01:00,16.24
2026-01-01T21:45+01:00,15.05
2026-01-01T22:00+01:00,15.66
2026-01-01T22:15+01:00,13.43
2026-01-01T22:30+01:00,10.04
2026-01-01T22:45+01:00,7.23
2026-01-01T23:00+01:00,7.48
2026-01-01T23:15+01:00,7.35
2026-01-01T23:30+01:00,7.92
2026-01-01T23:45+01:00,8.43
2026-01-02T00:00+01:00,15.13
2026-01-02T00:15+01:00,15.21
2026-01-02T00:30+01:00,14.89
2026-01-02T00:45+01:00,12.19
2026-01-02T01:00+01:00,13.08
2026-01-02T01:15+01:00,11.91
2026-01-02T01:30+01:00,10.38
2026-01-02T01:45+01:00,9.73
2026-01-02T02:00+01:00,10.4
2026-01-02T02:15+01:00,10.01
2026-01-02T02:30+01:00,10
2026-01-02T02:45+01:00,8.82
2026-01-02T03:00+01:00,7.96
2026-01-02T03:15+01:00,7.57
2026-01-02T03:30+01:00,7.1
2026-01-02T03:45+01:00,7.61
2026-01-02T04:00+01:00,6.95
2026-01-02T04:15+01:00,6.95
2026-01-02T04:30+01:00,7.07
2026-01-02T04:45+01:00,9.89
2026-01-02T05:00+01:00,10
2026-01-02T05:15+01:00,13.71
2026-01-02T05:30+01:00,15.21
2026-01-02T05:45+01:00,21.01
2026-01-02T06:00+01:00,12.09
2026-01-02T06:15+01:00,20.31
2026-01-02T06:30+01:00,25.2
2026-01-02T06:45+01:00,31.51
2026-01-02T07:00+01:00,30.36
2026-01-02T07:15+01:00,39.3
2026-01-02T07:30+01:00,47.96
2026-01-02T07:45+01:00,52.29
2026-01-02T08:00+01:00,55
2026-01-02T08:15+01:00,57.16
2026-01-02T08:30+01:00,62
2026-01-02T08:45+01:00,64.46
2026-01-02T09:00+01:00,63.99
2026-01-02T09:15+01:00,64
2026-01-02T09:30+01:00,68.63
2026-01-02T09:45+01:00,67.4
2026-01-02T10:00+01:00,61.99
2026-01-02T10:15+01:00,57.97
2026-01-02T10:30+01:00,54.99
2026-01-02T10:45+01:00,54.99
2026-01-02T11:00+01:00,53.74
2026-01-02T11:15+01:00,57.22
2026-01-02T11:30+01:00,56.86
2026-01-02T11:45+01:00,54.28
2026-01-02T12:00+01:00,52.07
2026-01-02T12:15+01:00,54.68
2026-01-02T12:30+01:00,57.12
2026-01-02T12:45+01:00,56.69
2026-01-02T13:00+01:00,66.02
2026-01-02T13:15+01:00,63.56
2026-01-02T13:30+01:00,62
2026-01-02T13:45+01:00,65.55
2026-01-02T14:00+01:00,60.26
2026-01-02T14:15+01:00,63.49
2026-01-02T14:30+01:00,64.82
2026-01-02T14:45+01:00,67.75
2026-01-02T15:00+01:00,64
2026-01-02T15:15+01:00,69.12
2026-01-02T15:30+01:00,72.64
2026-01-02T15:45+01:00,74.49
2026-01-02T16:00+01:00,66.57
2026-01-02T16:15+01:00,70.2
2026-01-02T16:30+01:00,70.24
2026-01-02T16:45+01:00,74.24
2026-01-02T17:00+01:00,70.7
2026-01-02T17:15+01:00,69.67
2026-01-02T17:30+01:00,69.01
2026-01-02T17:45+01:00,69.04
2026-01-02T18:00+01:00,69.92
2026-01-02T18:15+01:00,68.96
2026-01-02T18:30+01:00,67.78
2026-01-02T18:45+01:00,64
2026-01-02T19:00+01:00,68.78
2026-01-02T19:15+01:00,65.77
2026-01-02T19:30+01:00,64
2026-01-02T19:45+01:00,61.27
2026-01-02T20:00+01:00,65.39
2026-01-02T20:15+01:00,61.37
2026-01-02T20:30+01:00,58.8
2026-01-02T20:45+01:00,57.99
2026-01-02T21:00+01:00,62.64
2026-01-02T21:15+01:00,66.19
2026-01-02T21:30+01:00,64.09
2026-01-02T21:45+01:00,60.32
2026-01-02T22:00+01:00,54.99
2026-01-02T22:15+01:00,50.61
2026-01-02T22:30+01:00,50.5
2026-01-02T22:45+01:00,47.01
2026-01-02T23:00+01:00,43.45
2026-01-02T23:15+01:00,42.29
2026-01-02T23:30+01:00,38.59
2026-01-02T23:45+01:00,32
2026-01-03T00:00+01:00,44.96
2026-01-03T00:15+01:00,49.32
2026-01-03T00:30+01:00,47.95
2026-01-03T00:45+01:00,46.31
2026-01-03T01:00+01:00,48.78
2026-01-03T01:15+01:00,48.13
2026-01-03T01:30+01:00,47.22
2026-01-03T01:45+01:00,47.04
2026-01-03T02:00+01:00,45.87
2026-01-03T02:15+01:00,45.3
2026-01-03T02:30+01:00,45.29
2026-01-03T02:45+01:00,44.16
2026-01-03T03:00+01:00,40.7
2026-01-03T03:15+01:00,41.81
2026-01-03T03:30+01:00,44.08
2026-01-03T03:45+01:00,44.06
2026-01-03T04:00+01:00,37.21
2026-01-03T04:15+01:00,39.06
2026-01-03T04:30+01:00,42.03
2026-01-03T04:45+01:00,43.91
2026-01-03T05:00+01:00,41.23
2026-01-03T05:15+01:00,43.59
2026-01-03T05:30+01:00,46.32
2026-01-03T05:45+01:00,48.21
2026-01-03T06:00+01:00,47.53
2026-01-03T06:15+01:00,50.57
2026-01-03T06:30+01:00,54.16
2026-01-03T06:45+01:00,56.82
2026-01-03T07:00+01:00,54.39
2026-01-03T07:15+01:00,54.94
2026-01-03T07:30+01:00,59.99
2026-01-03T07:45+01:00,64.51
2026-01-03T08:00+01:00,61.24
2026-01-03T08:15+01:00,65.31
2026-01-03T08:30+01:00,69.18
2026-01-03T08:45+01:00,75
2026-01-03T09:00+01:00,75
2026-01-03T09:15+01:00,86.26
2026-01-03T09:30+01:00,91.47
2026-01-03T09:45+01:00,88.92
2026-01-03T10:00+01:00,95.94
2026-01-03T10:15+01:00,92.77
2026-01-03T10:30+01:00,89.31
2026-01-03T10:45+01:00,85.82
2026-01-03T11:00+01:00,83.21
2026-01-03T11:15+01:00,82.22
2026-01-03T11:30+01:00,84.41
2026-01-03T11:45+01:00,83.36
2026-01-03T12:00+01:00,85
2026-01-03T12:15+01:00,84.4
2026-01-03T12:30+01:00,84.47
2026-01-03T12:45+01:00,84.86
2026-01-03T13:00+01:00,83.84
2026-01-03T13:15+01:00,83.55
2026-01-03T13:30+01:00,84.03
2026-01-03T13:45+01:00,86.23
2026-01-03T14:00+01:00,78.02
2026-01-03T14:15+01:00,85.46
2026-01-03T14:30+01:00,87.92
2026-01-03T14:45+01:00,91.83
2026-01-03T15:00+01:00,87.26
2026-01-03T15:15+01:00,91.79
2026-01-03T15:30+01:00,94.42
2026-01-03T15:45+01:00,95.44
2026-01-03T16:00+01:00,92.56
2026-01-03T16:15+01:00,97.06
2026-01-03T16:30+01:00,98.64
2026-01-03T16:45+01:00,102
2026-01-03T17:00+01:00,103.47
2026-01-03T17:15+01:00,107.44
2026-01-03T17:30+01:00,109.65
2026-01-03T17:45+01:00,109.32
2026-01-03T18:00+01:00,110.18
2026-01-03T18:15+01:00,108.43
2026-01-03T18:30+01:00,107.43
2026-01-03T18:45+01:00,106.94
2026-01-03T19:00+01:00,108.41
2026-01-03T19:15+01:00,103.46
2026-01-03T19:30+01:00,91.14
2026-01-03T19:45+01:00,85.58
2026-01-03T20:00+01:00,89.38
2026-01-03T20:15+01:00,86.4
2026-01-03T20:30+01:00,84.74
2026-01-03T20:45+01:00,81.84
2026-01-03T21:00+01:00,82.55
2026-01-03T21:15+01:00,83.99
2026-01-03T21:30+01:00,83.74
2026-01-03T21:45+01:00,82.77
2026-01-03T22:00+01:00,90.95
2026-01-03T22:15+01:00,85
2026-01-03T22:30+01:00,80.99
2026-01-03T22:45+01:00,75.06
2026-01-03T23:00+01:00,88.3
2026-01-03T23:15+01:00,83.95
2026-01-03T23:30+01:00,79.94
2026-01-03T23:45+01:00,75.6
2026-01-04T00:00+01:00,83
2026-01-04T00:15+01:00,86.15
2026-01-04T00:30+01:00,85.06
2026-01-04T00:45+01:00,81.74
2026-01-04T01:00+01:00,84.74
2026-01-04T01:15+01:00,82.78
2026-01-04T01:30+01:00,81.63
2026-01-04T01:45+01:00,81.49
2026-01-04T02:00+01:00,84.26
2026-01-04T02:15+01:00,82.22
2026-01-04T02:30+01:00,81.58
2026-01-04T02:45+01:00,81.4
2026-01-04T03:00+01:00,81.98
2026-01-04T03:15+01:00,81.27
2026-01-04T03:30+01:00,80.84
2026-01-04T03:45+01:00,80.48
2026-01-04T04:00+01:00,80.04
2026-01-04T04:15+01:00,79.97
2026-01-04T04:30+01:00,80.02
2026-01-04T04:45+01:00,80.46
2026-01-04T05:00+01:00,80.06
2026-01-04T05:15+01:00,80.64
2026-01-04T05:30+01:00,81.37
2026-01-04T05:45+01:00,81.33
2026-01-04T06:00+01:00,80.31
2026-01-04T06:15+01:00,81.22
2026-01-04T06:30+01:00,81.1
2026-01-04T06:45+01:00,82.16
2026-01-04T07:00+01:00,81.85
2026-01-04T07:15+01:00,82.03
2026-01-04T07:30+01:00,84.38
2026-01-04T07:45+01:00,87.31
2026-01-04T08:00+01:00,84.18
2026-01-04T08:15+01:00,85
2026-01-04T08:30+01:00,86.28
2026-01-04T08:45+01:00,86.99
2026-01-04T09:00+01:00,91.11
2026-01-04T09:15+01:00,93.02
2026-01-04T09:30+01:00,93.59
2026-01-04T09:45+01:00,88.54
2026-01-04T10:00+01:00,101.7
2026-01-04T10:15+01:00,97.19
2026-01-04T10:30+01:00,90.92
2026-01-04T10:45+01:00,86.97
2026-01-04T11:00+01:00,93.85
2026-01-04T11:15+01:00,89.99
2026-01-04T11:30+01:00,89.96
2026-01-04T11:45+01:00,89.71
2026-01-04T12:00+01:00,91.3
2026-01-04T12:15+01:00,89.7
2026-01-04T12:30+01:00,89.94
2026-01-04T12:45+01:00,87.23
2026-01-04T13:00+01:00,86.2
2026-01-04T13:15+01:00,85.27
2026-01-04T13:30+01:00,86.19
2026-01-04T13:45+01:00,89.45
2026-01-04T14:00+01:00,83.5
2026-01-04T14:15+01:00,89.51
2026-01-04T14:30+01:00,95.79
2026-01-04T14:45+01:00,101.54
2026-01-04T15:00+01:00,84.05
2026-01-04T15:15+01:00,90.62
2026-01-04T15:30+01:00,95.88
2026-01-04T15:45+01:00,101.92
2026-01-04T16:00+01:00,88.26
2026-01-04T16:15+01:00,99.08
2026-01-04T16:30+01:00,103.38
2026-01-04T16:45+01:00,112.27
2026-01-04T17:00+01:00,113.98
2026-01-04T17:15+01:00,119.01
2026-01-04T17:30+01:00,117.49
2026-01-04T17:45+01:00,123.18
2026-01-04T18:00+01:00,121
2026-01-04T18:15+01:00,120.93
2026-01-04T18:30+01:00,119.53
2026-01-04T18:45+01:00,123.37
2026-01-04T19:00+01:00,123.5
2026-01-04T19:15+01:00,120.92
2026-01-04T19:30+01:00,119.38
2026-01-04T19:45+01:00,115.06
2026-01-04T20:00+01:00,121.3
2026-01-04T20:15+01:00,115.33
2026-01-04T20:30+01:00,110
2026-01-04T20:45+01:00,103.17
2026-01-04T21:00+01:00,106.84
2026-01-04T21:15+01:00,101.67
2026-01-04T21:30+01:00,97.55
2026-01-04T21:45+01:00,92.62
2026-01-04T22:00+01:00,97.99
2026-01-04T22:15+01:00,94.71
2026-01-04T22:30+01:00,95.48
2026-01-04T22:45+01:00,88.49
2026-01-04T23:00+01:00,95.26
2026-01-04T23:15+01:00,87.57
2026-01-04T23:30+01:00,85
2026-01-04T23:45+01:00,83.16
2026-01-05T00:00+01:00,104.93
2026-01-05T00:15+01:00,89.26
2026-01-05T00:30+01:00,85.81
2026-01-05T00:45+01:00,81.18
2026-01-05T01:00+01:00,90.71
2026-01-05T01:15+01:00,87.73
2026-01-05T01:30+01:00,84.61
2026-01-05T01:45+01:00,83.54
2026-01-05T02:00+01:00,85
2026-01-05T02:15+01:00,84.42
2026-01-05T02:30+01:00,84.74
2026-01-05T02:45+01:00,83.13
2026-01-05T03:00+01:00,84.27
2026-01-05T03:15+01:00,83.82
2026-01-05T03:30+01:00,83.6
2026-01-05T03:45+01:00,85
2026-01-05T04:00+01:00,84.38
2026-01-05T04:15+01:00,85
2026-01-05T04:30+01:00,85.4
2026-01-05T04:45+01:00,90.24
2026-01-05T05:00+01:00,85.64
2026-01-05T05:15+01:00,88.06
2026-01-05T05:30+01:00,89.45
2026-01-05T05:45+01:00,98.93
2026-01-05T06:00+01:00,86.09
2026-01-05T06:15+01:00,104.87
2026-01-05T06:30+01:00,119.12
2026-01-05T06:45+01:00,125.29
2026-01-05T07:00+01:00,114.45
2026-01-05T07:15+01:00,120.91
2026-01-05T07:30+01:00,132.94
2026-01-05T07:45+01:00,148.88
2026-01-05T08:00+01:00,145.35
2026-01-05T08:15+01:00,156.47
2026-01-05T08:30+01:00,148.96
2026-01-05T08:45+01:00,153.88
2026-01-05T09:00+01:00,162.98
2026-01-05T09:15+01:00,161.47
2026-01-05T09:30+01:00,147.22
2026-01-05T09:45+01:00,136.9
2026-01-05T10:00+01:00,162.45
2026-01-05T10:15+01:00,146.53
2026-01-05T10:30+01:00,140.27
2026-01-05T10:45+01:00,134.67
2026-01-05T11:00+01:00,143.4
2026-01-05T11:15+01:00,139.74
2026-01-05T11:30+01:00,139.4
2026-01-05T11:45+01:00,137.34
2026-01-05T12:00+01:00,137.84
2026-01-05T12:15+01:00,136.3
2026-01-05T12:30+01:00,137.19
2026-01-05T12:45+01:00,139.41
2026-01-05T13:00+01:00,134.88
2026-01-05T13:15+01:00,136.57
2026-01-05T13:30+01:00,149.6
2026-01-05T13:45+01:00,150.07
2026-01-05T14:00+01:00,141.12
2026-01-05T14:15+01:00,150.1
2026-01-05T14:30+01:00,157.92
2026-01-05T14:45+01:00,187.32
2026-01-05T15:00+01:00,163.44
2026-01-05T15:15+01:00,194.07
2026-01-05T15:30+01:00,207.3
2026-01-05T15:45+01:00,237.37
2026-01-05T16:00+01:00,194.96
2026-01-05T16:15+01:00,212.2
2026-01-05T16:30+01:00,242.17
2026-01-05T16:45+01:00,242.17
2026-01-05T17:00+01:00,200.24
2026-01-05T17:15+01:00,213.27
2026-01-05T17:30+01:00,250.58
2026-01-05T17:45+01:00,249.35
2026-01-05T18:00+01:00,225.01
2026-01-05T18:15+01:00,222.01
2026-01-05T18:30+01:00,222.72
2026-01-05T18:45+01:00,205.94
2026-01-05T19:00+01:00,222.09
2026-01-05T19:15+01:00,208.88
2026-01-05T19:30+01:00,161.98
2026-01-05T19:45+01:00,138.1
2026-01-05T20:00+01:00,171.29
2026-01-05T20:15+01:00,146.73
2026-01-05T20:30+01:00,138.09
2026-01-05T20:45+01:00,132
2026-01-05T21:00+01:00,137.82
2026-01-05T21:15+01:00,135.05
2026-01-05T21:30+01:00,125.75
2026-01-05T21:45+01:00,117.77
2026-01-05T22:00+01:00,128.7
2026-01-05T22:15+01:00,122.47
2026-01-05T22:30+01:00,124.16
2026-01-05T22:45+01:00,120.02
2026-01-05T23:00+01:00,119.5
2026-01-05T23:15+01:00,112.4
2026-01-05T23:30+01:00,107.25
2026-01-05T23:45+01:00,105.98
2026-01-06T00:00+01:00,112.36
2026-01-06T00:15+01:00,107.7
2026-01-06T00:30+01:00,101
2026-01-06T00:45+01:00,95.83
2026-01-06T01:00+01:00,110.29
2026-01-06T01:15+01:00,106.48
2026-01-06T01:30+01:00,102.36
2026-01-06T01:45+01:00,99.82
2026-01-06T02:00+01:00,104.34
2026-01-06T02:15+01:00,100.81
2026-01-06T02:30+01:00,100.82
2026-01-06T02:45+01:00,100.07
2026-01-06T03:00+01:00,101.02
2026-01-06T03:15+01:00,100.03
2026-01-06T03:30+01:00,100.06
2026-01-06T03:45+01:00,99.37
2026-01-06T04:00+01:00,99.12
2026-01-06T04:15+01:00,99.94
2026-01-06T04:30+01:00,104.07
2026-01-06T04:45+01:00,107.01
2026-01-06T05:00+01:00,100.35
2026-01-06T05:15+01:00,102.29
2026-01-06T05:30+01:00,110.74
2026-01-06T05:45+01:00,114.46
2026-01-06T06:00+01:00,109.39
2026-01-06T06:15+01:00,117.65
2026-01-06T06:30+01:00,121.37
2026-01-06T06:45+01:00,133.86
2026-01-06T07:00+01:00,121.63
2026-01-06T07:15+01:00,137.85
2026-01-06T07:30+01:00,147.38
2026-01-06T07:45+01:00,146.99
2026-01-06T08:00+01:00,153.45
2026-01-06T08:15+01:00,168.65
2026-01-06T08:30+01:00,170.93
2026-01-06T08:45+01:00,166.42
2026-01-06T09:00+01:00,189.36
2026-01-06T09:15+01:00,169.9
2026-01-06T09:30+01:00,166.27
2026-01-06T09:45+01:00,149.62
2026-01-06T10:00+01:00,176.83
2026-01-06T10:15+01:00,150.06
2026-01-06T10:30+01:00,150.01
2026-01-06T10:45+01:00,142.4
2026-01-06T11:00+01:00,161.62
2026-01-06T11:15+01:00,148.46
2026-01-06T11:30+01:00,142.96
2026-01-06T11:45+01:00,135.99
2026-01-06T12:00+01:00,144.41
2026-01-06T12:15+01:00,137.93
2026-01-06T12:30+01:00,131.87
2026-01-06T12:45+01:00,129.91
2026-01-06T13:00+01:00,133.68
2026-01-06T13:15+01:00,131.29
2026-01-06T13:30+01:00,127.71
2026-01-06T13:45+01:00,128.12
2026-01-06T14:00+01:00,127.02
2026-01-06T14:15+01:00,129.99
2026-01-06T14:30+01:00,129.96
2026-01-06T14:45+01:00,135.68
2026-01-06T15:00+01:00,127.68
2026-01-06T15:15+01:00,135.29
2026-01-06T15:30+01:00,140.1
2026-01-06T15:45+01:00,150.05
2026-01-06T16:00+01:00,132
2026-01-06T16:15+01:00,146.14
2026-01-06T16:30+01:00,151.48
2026-01-06T16:45+01:00,160.45
2026-01-06T17:00+01:00,145.73
2026-01-06T17:15+01:00,148.76
2026-01-06T17:30+01:00,161.91
2026-01-06T17:45+01:00,160.6
2026-01-06T18:00+01:00,160.25
2026-01-06T18:15+01:00,151.08
2026-01-06T18:30+01:00,147.95
2026-01-06T18:45+01:00,135.53
2026-01-06T19:00+01:00,154.65
2026-01-06T19:15+01:00,137.8
2026-01-06T19:30+01:00,131.3
2026-01-06T19:45+01:00,118.7
2026-01-06T20:00+01:00,128.93
2026-01-06T20:15+01:00,118.61
2026-01-06T20:30+01:00,110.79
2026-01-06T20:45+01:00,100.15
2026-01-06T21:00+01:00,115.49
2026-01-06T21:15+01:00,109.62
2026-01-06T21:30+01:00,103.03
2026-01-06T21:45+01:00,99.56
2026-01-06T22:00+01:00,106.09
2026-01-06T22:15+01:00,101.84
2026-01-06T22:30+01:00,92.54
2026-01-06T22:45+01:00,83.83
2026-01-06T23:00+01:00,93.34
2026-01-06T23:15+01:00,84.99
2026-01-06T23:30+01:00,74.49
2026-01-06T23:45+01:00,66.23
2026-01-07T00:00+01:00,75
2026-01-07T00:15+01:00,79.83
2026-01-07T00:30+01:00,73.21
2026-01-07T00:45+01:00,67.5
2026-01-07T01:00+01:00,72.92
2026-01-07T01:15+01:00,69.6
2026-01-07T01:30+01:00,66.86
2026-01-07T01:45+01:00,65.53
2026-01-07T02:00+01:00,67.14
2026-01-07T02:15+01:00,63.04
2026-01-07T02:30+01:00,60.97
2026-01-07T02:45+01:00,59.36
2026-01-07T03:00+01:00,63.77
2026-01-07T03:15+01:00,60.06
2026-01-07T03:30+01:00,59.8
2026-01-07T03:45+01:00,57.33
2026-01-07T04:00+01:00,57.75
2026-01-07T04:15+01:00,57.75
2026-01-07T04:30+01:00,61.53
2026-01-07T04:45+01:00,66.85
2026-01-07T05:00+01:00,56.99
2026-01-07T05:15+01:00,63.87
2026-01-07T05:30+01:00,75
2026-01-07T05:45+01:00,83.44
2026-01-07T06:00+01:00,77.36
2026-01-07T06:15+01:00,88.4
2026-01-07T06:30+01:00,93.04
2026-01-07T06:45+01:00,93.85
2026-01-07T07:00+01:00,96.89
2026-01-07T07:15+01:00,97.06
2026-01-07T07:30+01:00,97.63
2026-01-07T07:45+01:00,98.48
2026-01-07T08:00+01:00,104.01
2026-01-07T08:15+01:00,104.89
2026-01-07T08:30+01:00,110.66
2026-01-07T08:45+01:00,106.55
2026-01-07T09:00+01:00,112.08
2026-01-07T09:15+01:00,112.3
2026-01-07T09:30+01:00,111.88
2026-01-07T09:45+01:00,100.34
2026-01-07T10:00+01:00,114.21
2026-01-07T10:15+01:00,109.03
2026-01-07T10:30+01:00,106.37
2026-01-07T10:45+01:00,102.77
2026-01-07T11:00+01:00,104.54
2026-01-07T11:15+01:00,101.97
2026-01-07T11:30+01:00,100.64
2026-01-07T11:45+01:00,102.27
2026-01-07T12:00+01:00,101.3
2026-01-07T12:15+01:00,98.9
2026-01-07T12:30+01:00,98.74
2026-01-07T12:45+01:00,96.46
2026-01-07T13:00+01:00,100.35
2026-01-07T13:15+01:00,95.99
2026-01-07T13:30+01:00,92.05
2026-01-07T13:45+01:00,93.62
2026-01-07T14:00+01:00,92.89
2026-01-07T14:15+01:00,96.08
2026-01-07T14:30+01:00,95.54
2026-01-07T14:45+01:00,100.49
2026-01-07T15:00+01:00,94.43
2026-01-07T15:15+01:00,100.73
2026-01-07T15:30+01:00,103.48
2026-01-07T15:45+01:00,101.04
2026-01-07T16:00+01:00,100.18
2026-01-07T16:15+01:00,100
2026-01-07T16:30+01:00,104.99
2026-01-07T16:45+01:00,111.11
2026-01-07T17:00+01:00,115.46
2026-01-07T17:15+01:00,119.03
2026-01-07T17:30+01:00,125.76
2026-01-07T17:45+01:00,128.15
2026-01-07T18:00+01:00,120.2
2026-01-07T18:15+01:00,121.09
2026-01-07T18:30+01:00,120.83
2026-01-07T18:45+01:00,122.13
2026-01-07T19:00+01:00,113
2026-01-07T19:15+01:00,115.32
2026-01-07T19:30+01:00,105.32
2026-01-07T19:45+01:00,89.78
2026-01-07T20:00+01:00,96.77
2026-01-07T20:15+01:00,79.31
2026-01-07T20:30+01:00,68.01
2026-01-07T20:45+01:00,63.64
2026-01-07T21:00+01:00,81.88
2026-01-07T21:15+01:00,78.34
2026-01-07T21:30+01:00,65.38
2026-01-07T21:45+01:00,60.54
2026-01-07T22:00+01:00,81.12
2026-01-07T22:15+01:00,69.25
2026-01-07T22:30+01:00,62.26
2026-01-07T22:45+01:00,56.99
2026-01-07T23:00+01:00,57.12
2026-01-07T23:15+01:00,52.99
2026-01-07T23:30+01:00,51
2026-01-07T23:45+01:00,49.73
2026-01-08T00:00+01:00,51.76
2026-01-08T00:15+01:00,50.79
2026-01-08T00:30+01:00,49.9
2026-01-08T00:45+01:00,49
2026-01-08T01:00+01:00,50.08
2026-01-08T01:15+01:00,49.41
2026-01-08T01:30+01:00,49
2026-01-08T01:45+01:00,48.72
2026-01-08T02:00+01:00,49.74
2026-01-08T02:15+01:00,49.38
2026-01-08T02:30+01:00,48.9
2026-01-08T02:45+01:00,48.81
2026-01-08T03:00+01:00,49.02
2026-01-08T03:15+01:00,48.5
2026-01-08T03:30+01:00,48.2
2026-01-08T03:45+01:00,47.84
2026-01-08T04:00+01:00,48.32
2026-01-08T04:15+01:00,48.71
2026-01-08T04:30+01:00,48.65
2026-01-08T04:45+01:00,48.64
2026-01-08T05:00+01:00,47.63
2026-01-08T05:15+01:00,48.53
2026-01-08T05:30+01:00,49.59
2026-01-08T05:45+01:00,50.63
2026-01-08T06:00+01:00,49.55
2026-01-08T06:15+01:00,52.11
2026-01-08T06:30+01:00,59.53
2026-01-08T06:45+01:00,65.16
2026-01-08T07:00+01:00,58.75
2026-01-08T07:15+01:00,62.23
2026-01-08T07:30+01:00,72.7
2026-01-08T07:45+01:00,90
2026-01-08T08:00+01:00,106.82
2026-01-08T08:15+01:00,117.16
2026-01-08T08:30+01:00,120.75
2026-01-08T08:45+01:00,117.51
2026-01-08T09:00+01:00,109.99
2026-01-08T09:15+01:00,103.31
2026-01-08T09:30+01:00,111.48
2026-01-08T09:45+01:00,126.1
2026-01-08T10:00+01:00,119.6
2026-01-08T10:15+01:00,138.18
2026-01-08T10:30+01:00,141.36
2026-01-08T10:45+01:00,142.96
2026-01-08T11:00+01:00,120.09
2026-01-08T11:15+01:00,139.06
2026-01-08T11:30+01:00,143.06
2026-01-08T11:45+01:00,143.06
2026-01-08T12:00+01:00,143.89
2026-01-08T12:15+01:00,142.04
2026-01-08T12:30+01:00,141.6
2026-01-08T12:45+01:00,146.88
2026-01-08T13:00+01:00,140.72
2026-01-08T13:15+01:00,147.13
2026-01-08T13:30+01:00,146.1
2026-01-08T13:45+01:00,150.91
2026-01-08T14:00+01:00,122.31
2026-01-08T14:15+01:00,141.95
2026-01-08T14:30+01:00,170.15
2026-01-08T14:45+01:00,172.61
2026-01-08T15:00+01:00,157.91
2026-01-08T15:15+01:00,175.56
2026-01-08T15:30+01:00,178.2
2026-01-08T15:45+01:00,184.74
2026-01-08T16:00+01:00,151.7
2026-01-08T16:15+01:00,163.35
2026-01-08T16:30+01:00,177.68
2026-01-08T16:45+01:00,190.75
2026-01-08T17:00+01:00,173.28
2026-01-08T17:15+01:00,177.93
2026-01-08T17:30+01:00,164.89
2026-01-08T17:45+01:00,152.33
2026-01-08T18:00+01:00,192.68
2026-01-08T18:15+01:00,160.49
2026-01-08T18:30+01:00,150.91
2026-01-08T18:45+01:00,128.53
2026-01-08T19:00+01:00,141.65
2026-01-08T19:15+01:00,137.93
2026-01-08T19:30+01:00,108.59
2026-01-08T19:45+01:00,88.77
2026-01-08T20:00+01:00,116.23
2026-01-08T20:15+01:00,94.14
2026-01-08T20:30+01:00,75
2026-01-08T20:45+01:00,69.74
2026-01-08T21:00+01:00,98.65
2026-01-08T21:15+01:00,92.48
2026-01-08T21:30+01:00,86.15
2026-01-08T21:45+01:00,79.94
2026-01-08T22:00+01:00,98.23
2026-01-08T22:15+01:00,77.64
2026-01-08T22:30+01:00,72.46
2026-01-08T22:45+01:00,61.27
2026-01-08T23:00+01:00,83.27
2026-01-08T23:15+01:00,65.48
2026-01-08T23:30+01:00,49.56
2026-01-08T23:45+01:00,50.56
2026-01-09T00:00+01:00,80
2026-01-09T00:15+01:00,77.98
2026-01-09T00:30+01:00,68.98
2026-01-09T00:45+01:00,67.35
2026-01-09T01:00+01:00,72.36
2026-01-09T01:15+01:00,69.94
2026-01-09T01:30+01:00,67.41
2026-01-09T01:45+01:00,61.99
2026-01-09T02:00+01:00,63.18
2026-01-09T02:15+01:00,56.81
2026-01-09T02:30+01:00,53.35
2026-01-09T02:45+01:00,50.93
2026-01-09T03:00+01:00,54.54
2026-01-09T03:15+01:00,49.81
2026-01-09T03:30+01:00,48.9
2026-01-09T03:45+01:00,45.42
2026-01-09T04:00+01:00,44.99
2026-01-09T04:15+01:00,45
2026-01-09T04:30+01:00,47.38
2026-01-09T04:45+01:00,50.67
2026-01-09T05:00+01:00,48.19
2026-01-09T05:15+01:00,51.79
2026-01-09T05:30+01:00,58.09
2026-01-09T05:45+01:00,62.56
2026-01-09T06:00+01:00,64.64
2026-01-09T06:15+01:00,70.88
2026-01-09T06:30+01:00,73.51
2026-01-09T06:45+01:00,77.75
2026-01-09T07:00+01:00,76.34
2026-01-09T07:15+01:00,83.07
2026-01-09T07:30+01:00,87.61
2026-01-09T07:45+01:00,88.38
2026-01-09T08:00+01:00,86.26
2026-01-09T08:15+01:00,90.59
2026-01-09T08:30+01:00,91.55
2026-01-09T08:45+01:00,87.06
2026-01-09T09:00+01:00,91.26
2026-01-09T09:15+01:00,89.21
2026-01-09T09:30+01:00,86.74
2026-01-09T09:45+01:00,89.73
2026-01-09T10:00+01:00,93.48
2026-01-09T10:15+01:00,89.55
2026-01-09T10:30+01:00,98.92
2026-01-09T10:45+01:00,93.72
2026-01-09T11:00+01:00,88.92
2026-01-09T11:15+01:00,87.16
2026-01-09T11:30+01:00,84.82
2026-01-09T11:45+01:00,83.91
2026-01-09T12:00+01:00,83.93
2026-01-09T12:15+01:00,84.09
2026-01-09T12:30+01:00,86.01
2026-01-09T12:45+01:00,83.61
2026-01-09T13:00+01:00,84.9
2026-01-09T13:15+01:00,84.77
2026-01-09T13:30+01:00,84.06
2026-01-09T13:45+01:00,83.52
2026-01-09T14:00+01:00,83.98
2026-01-09T14:15+01:00,84.4
2026-01-09T14:30+01:00,84.4
2026-01-09T14:45+01:00,84.78
2026-01-09T15:00+01:00,84.23
2026-01-09T15:15+01:00,84.89
2026-01-09T15:30+01:00,84.58
2026-01-09T15:45+01:00,89.32
2026-01-09T16:00+01:00,84.41
2026-01-09T16:15+01:00,85.66
2026-01-09T16:30+01:00,91.02
2026-01-09T16:45+01:00,89.98
2026-01-09T17:00+01:00,92.77
2026-01-09T17:15+01:00,92.76
2026-01-09T17:30+01:00,91.07
2026-01-09T17:45+01:00,93.45
2026-01-09T18:00+01:00,89.36
2026-01-09T18:15+01:00,91.36
2026-01-09T18:30+01:00,91.61
2026-01-09T18:45+01:00,87.03
2026-01-09T19:00+01:00,87.6
2026-01-09T19:15+01:00,84.86
2026-01-09T19:30+01:00,84.58
2026-01-09T19:45+01:00,84.48
2026-01-09T20:00+01:00,84.09
2026-01-09T20:15+01:00,82.78
2026-01-09T20:30+01:00,82.14
2026-01-09T20:45+01:00,82.72
2026-01-09T21:00+01:00,84.2
2026-01-09T21:15+01:00,81.98
2026-01-09T21:30+01:00,79.02
2026-01-09T21:45+01:00,74.85
2026-01-09T22:00+01:00,84.13
2026-01-09T22:15+01:00,80.69
2026-01-09T22:30+01:00,79.95
2026-01-09T22:45+01:00,75.58
2026-01-09T23:00+01:00,77.54
2026-01-09T23:15+01:00,72.82
2026-01-09T23:30+01:00,71.79
2026-01-09T23:45+01:00,69.73
2026-01-10T00:00+01:00,61.39
2026-01-10T00:15+01:00,60.13
2026-01-10T00:30+01:00,66.38
2026-01-10T00:45+01:00,59.91
2026-01-10T01:00+01:00,68.46
2026-01-10T01:15+01:00,66.37
2026-01-10T01:30+01:00,62.88
2026-01-10T01:45+01:00,58.79
2026-01-10T02:00+01:00,64.6
2026-01-10T02:15+01:00,62.91
2026-01-10T02:30+01:00,62.4
2026-01-10T02:45+01:00,61.47
2026-01-10T03:00+01:00,64.96
2026-01-10T03:15+01:00,63.35
2026-01-10T03:30+01:00,63.95
2026-01-10T03:45+01:00,62.6
2026-01-10T04:00+01:00,63.62
2026-01-10T04:15+01:00,64.19
2026-01-10T04:30+01:00,62.82
2026-01-10T04:45+01:00,63.81
2026-01-10T05:00+01:00,62.75
2026-01-10T05:15+01:00,64.14
2026-01-10T05:30+01:00,66.53
2026-01-10T05:45+01:00,68.61
2026-01-10T06:00+01:00,64.45
2026-01-10T06:15+01:00,67.92
2026-01-10T06:30+01:00,70.94
2026-01-10T06:45+01:00,73.12
2026-01-10T07:00+01:00,69.34
2026-01-10T07:15+01:00,75.35
2026-01-10T07:30+01:00,79.04
2026-01-10T07:45+01:00,81.82
2026-01-10T08:00+01:00,79.95
2026-01-10T08:15+01:00,81.41
2026-01-10T08:30+01:00,85.47
2026-01-10T08:45+01:00,88.78
2026-01-10T09:00+01:00,87.93
2026-01-10T09:15+01:00,90.77
2026-01-10T09:30+01:00,91.07
2026-01-10T09:45+01:00,89.95
2026-01-10T10:00+01:00,89
2026-01-10T10:15+01:00,91.79
2026-01-10T10:30+01:00,97.65
2026-01-10T10:45+01:00,99.83
2026-01-10T11:00+01:00,91.88
2026-01-10T11:15+01:00,98.63
2026-01-10T11:30+01:00,100.38
2026-01-10T11:45+01:00,102.74
2026-01-10T12:00+01:00,97.36
2026-01-10T12:15+01:00,100.22
2026-01-10T12:30+01:00,97.09
2026-01-10T12:45+01:00,99
2026-01-10T13:00+01:00,98.27
2026-01-10T13:15+01:00,99.87
2026-01-10T13:30+01:00,101.16
2026-01-10T13:45+01:00,107.65
2026-01-10T14:00+01:00,101.84
2026-01-10T14:15+01:00,104.31
2026-01-10T14:30+01:00,109.07
2026-01-10T14:45+01:00,111.98
2026-01-10T15:00+01:00,104.14
2026-01-10T15:15+01:00,111.64
2026-01-10T15:30+01:00,113.26
2026-01-10T15:45+01:00,124.89
2026-01-10T16:00+01:00,117
2026-01-10T16:15+01:00,121.08
2026-01-10T16:30+01:00,119.76
2026-01-10T16:45+01:00,138.32
2026-01-10T17:00+01:00,129.84
2026-01-10T17:15+01:00,134.76
2026-01-10T17:30+01:00,137.67
2026-01-10T17:45+01:00,138.53
2026-01-10T18:00+01:00,139.12
2026-01-10T18:15+01:00,133.71
2026-01-10T18:30+01:00,132.33
2026-01-10T18:45+01:00,125.5
2026-01-10T19:00+01:00,130.69
2026-01-10T19:15+01:00,125.5
2026-01-10T19:30+01:00,121.47
2026-01-10T19:45+01:00,119.89
2026-01-10T20:00+01:00,124.8
2026-01-10T20:15+01:00,116.17
2026-01-10T20:30+01:00,113.72
2026-01-10T20:45+01:00,108.7
2026-01-10T21:00+01:00,112.36
2026-01-10T21:15+01:00,108.69
2026-01-10T21:30+01:00,108.4
2026-01-10T21:45+01:00,101.13
2026-01-10T22:00+01:00,108.59
2026-01-10T22:15+01:00,98.22
2026-01-10T22:30+01:00,95.36
2026-01-10T22:45+01:00,89.84
2026-01-10T23:00+01:00,91.03
2026-01-10T23:15+01:00,87.94
2026-01-10T23:30+01:00,87.15
2026-01-10T23:45+01:00,85.84
2026-01-11T00:00+01:00,83.69
2026-01-11T00:15+01:00,80.77
2026-01-11T00:30+01:00,79.3
2026-01-11T00:45+01:00,76.34
2026-01-11T01:00+01:00,79.9
2026-01-11T01:15+01:00,79
2026-01-11T01:30+01:00,77.06
2026-01-11T01:45+01:00,76.46
2026-01-11T02:00+01:00,77.12
2026-01-11T02:15+01:00,77.31
2026-01-11T02:30+01:00,76.53
2026-01-11T02:45+01:00,76.01
2026-01-11T03:00+01:00,78.08
2026-01-11T03:15+01:00,77.96
2026-01-11T03:30+01:00,78.29
2026-01-11T03:45+01:00,79.1
2026-01-11T04:00+01:00,77.82
2026-01-11T04:15+01:00,78.35
2026-01-11T04:30+01:00,78.49
2026-01-11T04:45+01:00,78.63
2026-01-11T05:00+01:00,78.74
2026-01-11T05:15+01:00,79.03
2026-01-11T05:30+01:00,79.65
2026-01-11T05:45+01:00,80.7
2026-01-11T06:00+01:00,77.26
2026-01-11T06:15+01:00,78.9
2026-01-11T06:30+01:00,79.05
2026-01-11T06:45+01:00,79.58
2026-01-11T07:00+01:00,75.26
2026-01-11T07:15+01:00,79.37
2026-01-11T07:30+01:00,82.27
2026-01-11T07:45+01:00,83.78
2026-01-11T08:00+01:00,77.61
2026-01-11T08:15+01:00,81.69
2026-01-11T08:30+01:00,88.22
2026-01-11T08:45+01:00,94.41
2026-01-11T09:00+01:00,96.09
2026-01-11T09:15+01:00,99.29
2026-01-11T09:30+01:00,100
2026-01-11T09:45+01:00,98.76
2026-01-11T10:00+01:00,100.71
2026-01-11T10:15+01:00,98.53
2026-01-11T10:30+01:00,97.36
2026-01-11T10:45+01:00,93.65
2026-01-11T11:00+01:00,99.9
2026-01-11T11:15+01:00,97.73
2026-01-11T11:30+01:00,97.07
2026-01-11T11:45+01:00,93.58
2026-01-11T12:00+01:00,97.21
2026-01-11T12:15+01:00,95.51
2026-01-11T12:30+01:00,95.86
2026-01-11T12:45+01:00,90.02
2026-01-11T13:00+01:00,96.18
2026-01-11T13:15+01:00,91.37
2026-01-11T13:30+01:00,93.94
2026-01-11T13:45+01:00,94.88
2026-01-11T14:00+01:00,93.89
2026-01-11T14:15+01:00,95.84
2026-01-11T14:30+01:00,98.37
2026-01-11T14:45+01:00,97.49
2026-01-11T15:00+01:00,87.94
2026-01-11T15:15+01:00,96.62
2026-01-11T15:30+01:00,104.65
2026-01-11T15:45+01:00,108.61
2026-01-11T16:00+01:00,102.67
2026-01-11T16:15+01:00,110.5
2026-01-11T16:30+01:00,114.05
2026-01-11T16:45+01:00,123.57
2026-01-11T17:00+01:00,117
2026-01-11T17:15+01:00,120.72
2026-01-11T17:30+01:00,119.86
2026-01-11T17:45+01:00,117.71
2026-01-11T18:00+01:00,121.16
2026-01-11T18:15+01:00,117.55
2026-01-11T18:30+01:00,111.55
2026-01-11T18:45+01:00,107.49
2026-01-11T19:00+01:00,107.55
2026-01-11T19:15+01:00,106.83
2026-01-11T19:30+01:00,104.52
2026-01-11T19:45+01:00,99.89
2026-01-11T20:00+01:00,101.46
2026-01-11T20:15+01:00,94.43
2026-01-11T20:30+01:00,90.79
2026-01-11T20:45+01:00,85.21
2026-01-11T21:00+01:00,97.27
2026-01-11T21:15+01:00,91.18
2026-01-11T21:30+01:00,90.82
2026-01-11T21:45+01:00,86.27
2026-01-11T22:00+01:00,94.1
2026-01-11T22:15+01:00,90.68
2026-01-11T22:30+01:00,89.77
2026-01-11T22:45+01:00,86.87
2026-01-11T23:00+01:00,86.98
2026-01-11T23:15+01:00,83.8
2026-01-11T23:30+01:00,81.58
2026-01-11T23:45+01:00,78.88
2026-01-12T00:00+01:00,80.2
2026-01-12T00:15+01:00,79.99
2026-01-12T00:30+01:00,80.16
2026-01-12T00:45+01:00,77.58
2026-01-12T01:00+01:00,80.02
2026-01-12T01:15+01:00,79.64
2026-01-12T01:30+01:00,77.74
2026-01-12T01:45+01:00,75.99
2026-01-12T02:00+01:00,78.33
2026-01-12T02:15+01:00,77.58
2026-01-12T02:30+01:00,78.25
2026-01-12T02:45+01:00,76.96
2026-01-12T03:00+01:00,77.47
2026-01-12T03:15+01:00,77.12
2026-01-12T03:30+01:00,76.95
2026-01-12T03:45+01:00,75
2026-01-12T04:00+01:00,76.52
2026-01-12T04:15+01:00,76.23
2026-01-12T04:30+01:00,76.95
2026-01-12T04:45+01:00,77.66
2026-01-12T05:00+01:00,75.52
2026-01-12T05:15+01:00,76.61
2026-01-12T05:30+01:00,80.96
2026-01-12T05:45+01:00,86.32
2026-01-12T06:00+01:00,80.09
2026-01-12T06:15+01:00,91.57
2026-01-12T06:30+01:00,104.33
2026-01-12T06:45+01:00,117.32
2026-01-12T07:00+01:00,105.88
2026-01-12T07:15+01:00,115.03
2026-01-12T07:30+01:00,150.07
2026-01-12T07:45+01:00,180.01
2026-01-12T08:00+01:00,144.86
2026-01-12T08:15+01:00,162.28
2026-01-12T08:30+01:00,173.06
2026-01-12T08:45+01:00,188.1
2026-01-12T09:00+01:00,149.87
2026-01-12T09:15+01:00,152.53
2026-01-12T09:30+01:00,162.29
2026-01-12T09:45+01:00,170.98
2026-01-12T10:00+01:00,205.54
2026-01-12T10:15+01:00,203.77
2026-01-12T10:30+01:00,203.95
2026-01-12T10:45+01:00,208.25
2026-01-12T11:00+01:00,203.84
2026-01-12T11:15+01:00,206.28
2026-01-12T11:30+01:00,205.38
2026-01-12T11:45+01:00,216.4
2026-01-12T12:00+01:00,221.97
2026-01-12T12:15+01:00,205.32
2026-01-12T12:30+01:00,187.75
2026-01-12T12:45+01:00,173.59
2026-01-12T13:00+01:00,197.88
2026-01-12T13:15+01:00,164.93
2026-01-12T13:30+01:00,155.38
2026-01-12T13:45+01:00,143.9
2026-01-12T14:00+01:00,145.88
2026-01-12T14:15+01:00,146.48
2026-01-12T14:30+01:00,136.57
2026-01-12T14:45+01:00,135.26
2026-01-12T15:00+01:00,145.01
2026-01-12T15:15+01:00,145.07
2026-01-12T15:30+01:00,142.12
2026-01-12T15:45+01:00,140.81
2026-01-12T16:00+01:00,148.75
2026-01-12T16:15+01:00,131.82
2026-01-12T16:30+01:00,121.84
2026-01-12T16:45+01:00,120.31
2026-01-12T17:00+01:00,123.83
2026-01-12T17:15+01:00,121.38
2026-01-12T17:30+01:00,119.69
2026-01-12T17:45+01:00,118.09
2026-01-12T18:00+01:00,129.64
2026-01-12T18:15+01:00,120.6
2026-01-12T18:30+01:00,110.4
2026-01-12T18:45+01:00,118.92
2026-01-12T19:00+01:00,104.72
2026-01-12T19:15+01:00,103.94
2026-01-12T19:30+01:00,102.09
2026-01-12T19:45+01:00,97.49
2026-01-12T20:00+01:00,104.33
2026-01-12T20:15+01:00,95.04
2026-01-12T20:30+01:00,90.5
2026-01-12T20:45+01:00,86.36
2026-01-12T21:00+01:00,97.39
2026-01-12T21:15+01:00,91.77
2026-01-12T21:30+01:00,88.45
2026-01-12T21:45+01:00,93.67
2026-01-12T22:00+01:00,90.58
2026-01-12T22:15+01:00,87.37
2026-01-12T22:30+01:00,83.84
2026-01-12T22:45+01:00,84.08
2026-01-12T23:00+01:00,80.44
2026-01-12T23:15+01:00,77.59
2026-01-12T23:30+01:00,76.21
2026-01-12T23:45+01:00,73.84
2026-01-13T00:00+01:00,76.78
2026-01-13T00:15+01:00,73.48
2026-01-13T00:30+01:00,71.3
2026-01-13T00:45+01:00,67.35
2026-01-13T01:00+01:00,72.81
2026-01-13T01:15+01:00,68.84
2026-01-13T01:30+01:00,67.88
2026-01-13T01:45+01:00,68.55
2026-01-13T02:00+01:00,73.45
2026-01-13T02:15+01:00,71.92
2026-01-13T02:30+01:00,71.52
2026-01-13T02:45+01:00,69.89
2026-01-13T03:00+01:00,68.68
2026-01-13T03:15+01:00,68.96
2026-01-13T03:30+01:00,69.57
2026-01-13T03:45+01:00,72.62
2026-01-13T04:00+01:00,69.59
2026-01-13T04:15+01:00,73.04
2026-01-13T04:30+01:00,76.24
2026-01-13T04:45+01:00,80.13
2026-01-13T05:00+01:00,71.95
2026-01-13T05:15+01:00,77.55
2026-01-13T05:30+01:00,81.98
2026-01-13T05:45+01:00,84.04
2026-01-13T06:00+01:00,77.19
2026-01-13T06:15+01:00,81.91
2026-01-13T06:30+01:00,95.59
2026-01-13T06:45+01:00,107.01
2026-01-13T07:00+01:00,92.69
2026-01-13T07:15+01:00,117.79
2026-01-13T07:30+01:00,119.56
2026-01-13T07:45+01:00,124.94
2026-01-13T08:00+01:00,120.49
2026-01-13T08:15+01:00,125.08
2026-01-13T08:30+01:00,135.14
2026-01-13T08:45+01:00,126.52
2026-01-13T09:00+01:00,135.29
2026-01-13T09:15+01:00,128.14
2026-01-13T09:30+01:00,124.65
2026-01-13T09:45+01:00,120.84
2026-01-13T10:00+01:00,148.87
2026-01-13T10:15+01:00,142.2
2026-01-13T10:30+01:00,133.1
2026-01-13T10:45+01:00,125.16
2026-01-13T11:00+01:00,121.91
2026-01-13T11:15+01:00,124.2
2026-01-13T11:30+01:00,122.91
2026-01-13T11:45+01:00,117.4
2026-01-13T12:00+01:00,120.6
2026-01-13T12:15+01:00,116.47
2026-01-13T12:30+01:00,114.88
2026-01-13T12:45+01:00,113.77
2026-01-13T13:00+01:00,115.99
2026-01-13T13:15+01:00,113.2
2026-01-13T13:30+01:00,109.45
2026-01-13T13:45+01:00,106.42
2026-01-13T14:00+01:00,115.03
2026-01-13T14:15+01:00,114.79
2026-01-13T14:30+01:00,117.23
2026-01-13T14:45+01:00,122.4
2026-01-13T15:00+01:00,108.64
2026-01-13T15:15+01:00,121.18
2026-01-13T15:30+01:00,117.97
2026-01-13T15:45+01:00,118.46
2026-01-13T16:00+01:00,112.51
2026-01-13T16:15+01:00,118.84
2026-01-13T16:30+01:00,118.94
2026-01-13T16:45+01:00,129.76
2026-01-13T17:00+01:00,119.03
2026-01-13T17:15+01:00,120.91
2026-01-13T17:30+01:00,119.85
2026-01-13T17:45+01:00,120.07
2026-01-13T18:00+01:00,116.91
2026-01-13T18:15+01:00,112.37
2026-01-13T18:30+01:00,105.79
2026-01-13T18:45+01:00,97.21
2026-01-13T19:00+01:00,110.99
2026-01-13T19:15+01:00,100.22
2026-01-13T19:30+01:00,89.8
2026-01-13T19:45+01:00,85.15
2026-01-13T20:00+01:00,98.35
2026-01-13T20:15+01:00,86.49
2026-01-13T20:30+01:00,85.35
2026-01-13T20:45+01:00,82.91
2026-01-13T21:00+01:00,90.83
2026-01-13T21:15+01:00,90.23
2026-01-13T21:30+01:00,85.04
2026-01-13T21:45+01:00,80
2026-01-13T22:00+01:00,92.5
2026-01-13T22:15+01:00,75.84
2026-01-13T22:30+01:00,66.71
2026-01-13T22:45+01:00,62.79
2026-01-13T23:00+01:00,70.91
2026-01-13T23:15+01:00,64.03
2026-01-13T23:30+01:00,60.31
2026-01-13T23:45+01:00,53.6
2026-01-14T00:00+01:00,50.05
2026-01-14T00:15+01:00,49.23
2026-01-14T00:30+01:00,47.89
2026-01-14T00:45+01:00,47.52
2026-01-14T01:00+01:00,48.14
2026-01-14T01:15+01:00,47.68
2026-01-14T01:30+01:00,47.37
2026-01-14T01:45+01:00,46.89
2026-01-14T02:00+01:00,47.85
2026-01-14T02:15+01:00,47.37
2026-01-14T02:30+01:00,39.7
2026-01-14T02:45+01:00,32.4
2026-01-14T03:00+01:00,45.32
2026-01-14T03:15+01:00,36.81
2026-01-14T03:30+01:00,33.67
2026-01-14T03:45+01:00,31.08
2026-01-14T04:00+01:00,33.01
2026-01-14T04:15+01:00,32.07
2026-01-14T04:30+01:00,31.98
2026-01-14T04:45+01:00,33.68
2026-01-14T05:00+01:00,29.01
2026-01-14T05:15+01:00,30.58
2026-01-14T05:30+01:00,34.77
2026-01-14T05:45+01:00,44.95
2026-01-14T06:00+01:00,39.97
2026-01-14T06:15+01:00,43.71
2026-01-14T06:30+01:00,48.51
2026-01-14T06:45+01:00,52.17
2026-01-14T07:00+01:00,55.89
2026-01-14T07:15+01:00,66.15
2026-01-14T07:30+01:00,73.06
2026-01-14T07:45+01:00,85.7
2026-01-14T08:00+01:00,85.72
2026-01-14T08:15+01:00,92.54
2026-01-14T08:30+01:00,92.07
2026-01-14T08:45+01:00,91.14
2026-01-14T09:00+01:00,98.43
2026-01-14T09:15+01:00,94.1
2026-01-14T09:30+01:00,90.44
2026-01-14T09:45+01:00,87.64
2026-01-14T10:00+01:00,86.79
2026-01-14T10:15+01:00,83.87
2026-01-14T10:30+01:00,82.68
2026-01-14T10:45+01:00,83.68
2026-01-14T11:00+01:00,88.02
2026-01-14T11:15+01:00,87.43
2026-01-14T11:30+01:00,91.77
2026-01-14T11:45+01:00,92.96
2026-01-14T12:00+01:00,86.45
2026-01-14T12:15+01:00,83.91
2026-01-14T12:30+01:00,83.37
2026-01-14T12:45+01:00,82.88
2026-01-14T13:00+01:00,83.32
2026-01-14T13:15+01:00,80.35
2026-01-14T13:30+01:00,79.41
2026-01-14T13:45+01:00,81.46
2026-01-14T14:00+01:00,79.91
2026-01-14T14:15+01:00,81.69
2026-01-14T14:30+01:00,89.49
2026-01-14T14:45+01:00,93
2026-01-14T15:00+01:00,81.6
2026-01-14T15:15+01:00,87.43
2026-01-14T15:30+01:00,100.79
2026-01-14T15:45+01:00,102.34
2026-01-14T16:00+01:00,77.71
2026-01-14T16:15+01:00,84.52
2026-01-14T16:30+01:00,95.58
2026-01-14T16:45+01:00,118.41
2026-01-14T17:00+01:00,94.85
2026-01-14T17:15+01:00,113.87
2026-01-14T17:30+01:00,110.56
2026-01-14T17:45+01:00,107.25
2026-01-14T18:00+01:00,109.99
2026-01-14T18:15+01:00,105.32
2026-01-14T18:30+01:00,107.55
2026-01-14T18:45+01:00,109.94
2026-01-14T19:00+01:00,112.61
2026-01-14T19:15+01:00,100.21
2026-01-14T19:30+01:00,90.76
2026-01-14T19:45+01:00,84.74
2026-01-14T20:00+01:00,94.24
2026-01-14T20:15+01:00,85.25
2026-01-14T20:30+01:00,81.04
2026-01-14T20:45+01:00,73.08
2026-01-14T21:00+01:00,77.72
2026-01-14T21:15+01:00,74.39
2026-01-14T21:30+01:00,72.63
2026-01-14T21:45+01:00,70.01
2026-01-14T22:00+01:00,71.45
2026-01-14T22:15+01:00,69.8
2026-01-14T22:30+01:00,68.13
2026-01-14T22:45+01:00,65.62
2026-01-14T23:00+01:00,67.88
2026-01-14T23:15+01:00,65.24
2026-01-14T23:30+01:00,63.19
2026-01-14T23:45+01:00,61.01
2026-01-15T00:00+01:00,65.45
2026-01-15T00:15+01:00,73.97
2026-01-15T00:30+01:00,75.34
2026-01-15T00:45+01:00,76.07
2026-01-15T01:00+01:00,76.32
2026-01-15T01:15+01:00,76.21
2026-01-15T01:30+01:00,74.99
2026-01-15T01:45+01:00,71.24
2026-01-15T02:00+01:00,76.24
2026-01-15T02:15+01:00,74.3
2026-01-15T02:30+01:00,72.72
2026-01-15T02:45+01:00,72.4
2026-01-15T03:00+01:00,72.18
2026-01-15T03:15+01:00,71.64
2026-01-15T03:30+01:00,70.83
2026-01-15T03:45+01:00,70.88
2026-01-15T04:00+01:00,70.37
2026-01-15T04:15+01:00,71.82
2026-01-15T04:30+01:00,72.9
2026-01-15T04:45+01:00,75.15
2026-01-15T05:00+01:00,69.95
2026-01-15T05:15+01:00,72.7
2026-01-15T05:30+01:00,82.24
2026-01-15T05:45+01:00,86.59
2026-01-15T06:00+01:00,75.91
2026-01-15T06:15+01:00,84.24
2026-01-15T06:30+01:00,90.95
2026-01-15T06:45+01:00,95.53
2026-01-15T07:00+01:00,84.61
2026-01-15T07:15+01:00,91.88
2026-01-15T07:30+01:00,97.46
2026-01-15T07:45+01:00,103.04
2026-01-15T08:00+01:00,91.11
2026-01-15T08:15+01:00,93.68
2026-01-15T08:30+01:00,94.66
2026-01-15T08:45+01:00,99.07
2026-01-15T09:00+01:00,102.32
2026-01-15T09:15+01:00,98.9
2026-01-15T09:30+01:00,95.96
2026-01-15T09:45+01:00,91.92
2026-01-15T10:00+01:00,100.88
2026-01-15T10:15+01:00,97.18
2026-01-15T10:30+01:00,93.23
2026-01-15T10:45+01:00,91.82
2026-01-15T11:00+01:00,97.91
2026-01-15T11:15+01:00,95.41
2026-01-15T11:30+01:00,93.43
2026-01-15T11:45+01:00,91.73
2026-01-15T12:00+01:00,92.26
2026-01-15T12:15+01:00,89.93
2026-01-15T12:30+01:00,90.09
2026-01-15T12:45+01:00,92.27
2026-01-15T13:00+01:00,94.18
2026-01-15T13:15+01:00,95.94
2026-01-15T13:30+01:00,97.39
2026-01-15T13:45+01:00,95.65
2026-01-15T14:00+01:00,91.81
2026-01-15T14:15+01:00,94.94
2026-01-15T14:30+01:00,94.15
2026-01-15T14:45+01:00,102.08
2026-01-15T15:00+01:00,91.23
2026-01-15T15:15+01:00,106.72
2026-01-15T15:30+01:00,112.76
2026-01-15T15:45+01:00,125.42
2026-01-15T16:00+01:00,110.13
2026-01-15T16:15+01:00,119.12
2026-01-15T16:30+01:00,122.18
2026-01-15T16:45+01:00,125.88
2026-01-15T17:00+01:00,131.6
2026-01-15T17:15+01:00,134.42
2026-01-15T17:30+01:00,124.94
2026-01-15T17:45+01:00,112.63
2026-01-15T18:00+01:00,118.43
2026-01-15T18:15+01:00,103.64
2026-01-15T18:30+01:00,102.32
2026-01-15T18:45+01:00,93.3
2026-01-15T19:00+01:00,97.97
2026-01-15T19:15+01:00,92.85
2026-01-15T19:30+01:00,91.7
2026-01-15T19:45+01:00,90.02
2026-01-15T20:00+01:00,89.28
2026-01-15T20:15+01:00,88.28
2026-01-15T20:30+01:00,85.72
2026-01-15T20:45+01:00,82.56
2026-01-15T21:00+01:00,82.7
2026-01-15T21:15+01:00,80.28
2026-01-15T21:30+01:00,79.83
2026-01-15T21:45+01:00,79.99
2026-01-15T22:00+01:00,82.54
2026-01-15T22:15+01:00,78.69
2026-01-15T22:30+01:00,69.78
2026-01-15T22:45+01:00,55.26
2026-01-15T23:00+01:00,73.48
2026-01-15T23:15+01:00,60.91
2026-01-15T23:30+01:00,50.57
2026-01-15T23:45+01:00,46.76
2026-01-16T00:00+01:00,72.89
2026-01-16T00:15+01:00,65.74
2026-01-16T00:30+01:00,55.93
2026-01-16T00:45+01:00,50.32
2026-01-16T01:00+01:00,62.08
2026-01-16T01:15+01:00,55.66
2026-01-16T01:30+01:00,52.17
2026-01-16T01:45+01:00,47.17
2026-01-16T02:00+01:00,53.39
2026-01-16T02:15+01:00,49.86
2026-01-16T02:30+01:00,45.87
2026-01-16T02:45+01:00,44.51
2026-01-16T03:00+01:00,47.12
2026-01-16T03:15+01:00,44.46
2026-01-16T03:30+01:00,44.46
2026-01-16T03:45+01:00,44.08
2026-01-16T04:00+01:00,45.54
2026-01-16T04:15+01:00,45.74
2026-01-16T04:30+01:00,47.85
2026-01-16T04:45+01:00,50.8
2026-01-16T05:00+01:00,46.74
2026-01-16T05:15+01:00,47.9
2026-01-16T05:30+01:00,50.97
2026-01-16T05:45+01:00,54.98
2026-01-16T06:00+01:00,48.36
2026-01-16T06:15+01:00,52.06
2026-01-16T06:30+01:00,59.45
2026-01-16T06:45+01:00,64.09
2026-01-16T07:00+01:00,57.61
2026-01-16T07:15+01:00,64.21
2026-01-16T07:30+01:00,71.67
2026-01-16T07:45+01:00,81.19
2026-01-16T08:00+01:00,72.55
2026-01-16T08:15+01:00,74.63
2026-01-16T08:30+01:00,70.76
2026-01-16T08:45+01:00,64.36
2026-01-16T09:00+01:00,74.76
2026-01-16T09:15+01:00,68.92
2026-01-16T09:30+01:00,64.37
2026-01-16T09:45+01:00,63.26
2026-01-16T10:00+01:00,67.1
2026-01-16T10:15+01:00,65.66
2026-01-16T10:30+01:00,63.75
2026-01-16T10:45+01:00,62.63
2026-01-16T11:00+01:00,67.23
2026-01-16T11:15+01:00,63.28
2026-01-16T11:30+01:00,61.84
2026-01-16T11:45+01:00,58.6
2026-01-16T12:00+01:00,64.42
2026-01-16T12:15+01:00,63.24
2026-01-16T12:30+01:00,62.46
2026-01-16T12:45+01:00,62.19
2026-01-16T13:00+01:00,63
2026-01-16T13:15+01:00,62.34
2026-01-16T13:30+01:00,60
2026-01-16T13:45+01:00,59.12
2026-01-16T14:00+01:00,67.66
2026-01-16T14:15+01:00,71.02
2026-01-16T14:30+01:00,71.92
2026-01-16T14:45+01:00,71.89
2026-01-16T15:00+01:00,65.69
2026-01-16T15:15+01:00,69.3
2026-01-16T15:30+01:00,72.21
2026-01-16T15:45+01:00,73.71
2026-01-16T16:00+01:00,77.57
2026-01-16T16:15+01:00,77.73
2026-01-16T16:30+01:00,77.35
2026-01-16T16:45+01:00,79.29
2026-01-16T17:00+01:00,68.01
2026-01-16T17:15+01:00,70.45
2026-01-16T17:30+01:00,69.43
2026-01-16T17:45+01:00,68.98
2026-01-16T18:00+01:00,72.28
2026-01-16T18:15+01:00,70.2
2026-01-16T18:30+01:00,67.61
2026-01-16T18:45+01:00,67.21
2026-01-16T19:00+01:00,68.34
2026-01-16T19:15+01:00,67.11
2026-01-16T19:30+01:00,66.21
2026-01-16T19:45+01:00,63.59
2026-01-16T20:00+01:00,67.2
2026-01-16T20:15+01:00,65.61
2026-01-16T20:30+01:00,63.92
2026-01-16T20:45+01:00,62.71
2026-01-16T21:00+01:00,63.41
2026-01-16T21:15+01:00,61.94
2026-01-16T21:30+01:00,61.38
2026-01-16T21:45+01:00,61.24
2026-01-16T22:00+01:00,61.74
2026-01-16T22:15+01:00,62.19
2026-01-16T22:30+01:00,62.03
2026-01-16T22:45+01:00,61.53
2026-01-16T23:00+01:00,59.41
2026-01-16T23:15+01:00,58.4
2026-01-16T23:30+01:00,57.18
2026-01-16T23:45+01:00,56.92
2026-01-17T00:00+01:00,71.23
2026-01-17T00:15+01:00,68.79
2026-01-17T00:30+01:00,63.56
2026-01-17T00:45+01:00,60.91
2026-01-17T01:00+01:00,60.68
2026-01-17T01:15+01:00,49.58
2026-01-17T01:30+01:00,44.26
2026-01-17T01:45+01:00,36.56
2026-01-17T02:00+01:00,35
2026-01-17T02:15+01:00,37.29
2026-01-17T02:30+01:00,32.88
2026-01-17T02:45+01:00,33.35
2026-01-17T03:00+01:00,47.5
2026-01-17T03:15+01:00,39.93
2026-01-17T03:30+01:00,42.7
2026-01-17T03:45+01:00,52.35
2026-01-17T04:00+01:00,59.17
2026-01-17T04:15+01:00,60.19
2026-01-17T04:30+01:00,61.82
2026-01-17T04:45+01:00,63.18
2026-01-17T05:00+01:00,62.67
2026-01-17T05:15+01:00,63.49
2026-01-17T05:30+01:00,64.85
2026-01-17T05:45+01:00,65.35
2026-01-17T06:00+01:00,61.7
2026-01-17T06:15+01:00,62.3
2026-01-17T06:30+01:00,65.44
2026-01-17T06:45+01:00,66.79
2026-01-17T07:00+01:00,64.06
2026-01-17T07:15+01:00,66.9
2026-01-17T07:30+01:00,70.31
2026-01-17T07:45+01:00,74.98
2026-01-17T08:00+01:00,68.05
2026-01-17T08:15+01:00,74.43
2026-01-17T08:30+01:00,78.82
2026-01-17T08:45+01:00,79.82
2026-01-17T09:00+01:00,78.65
2026-01-17T09:15+01:00,80.75
2026-01-17T09:30+01:00,80.39
2026-01-17T09:45+01:00,81.24
2026-01-17T10:00+01:00,82.66
2026-01-17T10:15+01:00,81.28
2026-01-17T10:30+01:00,80.83
2026-01-17T10:45+01:00,80.84
2026-01-17T11:00+01:00,78.9
2026-01-17T11:15+01:00,79.36
2026-01-17T11:30+01:00,79.46
2026-01-17T11:45+01:00,79.94
2026-01-17T12:00+01:00,79.42
2026-01-17T12:15+01:00,79.3
2026-01-17T12:30+01:00,78.4
2026-01-17T12:45+01:00,79.73
2026-01-17T13:00+01:00,77.17
2026-01-17T13:15+01:00,77.76
2026-01-17T13:30+01:00,77.98
2026-01-17T13:45+01:00,78.52
2026-01-17T14:00+01:00,77.12
2026-01-17T14:15+01:00,80.14
2026-01-17T14:30+01:00,82.32
2026-01-17T14:45+01:00,86.19
2026-01-17T15:00+01:00,80.87
2026-01-17T15:15+01:00,85.31
2026-01-17T15:30+01:00,90.21
2026-01-17T15:45+01:00,93.22
2026-01-17T16:00+01:00,89.32
2026-01-17T16:15+01:00,96.51
2026-01-17T16:30+01:00,99.09
2026-01-17T16:45+01:00,101.79
2026-01-17T17:00+01:00,101.37
2026-01-17T17:15+01:00,102.09
2026-01-17T17:30+01:00,102.8
2026-01-17T17:45+01:00,105.18
2026-01-17T18:00+01:00,98.64
2026-01-17T18:15+01:00,97.05
2026-01-17T18:30+01:00,98.9
2026-01-17T18:45+01:00,98.11
2026-01-17T19:00+01:00,98.19
2026-01-17T19:15+01:00,97.09
2026-01-17T19:30+01:00,96.41
2026-01-17T19:45+01:00,91.03
2026-01-17T20:00+01:00,94.12
2026-01-17T20:15+01:00,85.15
2026-01-17T20:30+01:00,83.79
2026-01-17T20:45+01:00,78.34
2026-01-17T21:00+01:00,83.06
2026-01-17T21:15+01:00,81.78
2026-01-17T21:30+01:00,78.02
2026-01-17T21:45+01:00,78.95
2026-01-17T22:00+01:00,81.57
2026-01-17T22:15+01:00,83.66
2026-01-17T22:30+01:00,80.84
2026-01-17T22:45+01:00,80.1
2026-01-17T23:00+01:00,80.75
2026-01-17T23:15+01:00,80.68
2026-01-17T23:30+01:00,77.75
2026-01-17T23:45+01:00,74.41
2026-01-18T00:00+01:00,83.81
2026-01-18T00:15+01:00,81.96
2026-01-18T00:30+01:00,81.15
2026-01-18T00:45+01:00,77.38
2026-01-18T01:00+01:00,80.3
2026-01-18T01:15+01:00,79.17
2026-01-18T01:30+01:00,78.95
2026-01-18T01:45+01:00,78.8
2026-01-18T02:00+01:00,68.62
2026-01-18T02:15+01:00,75.47
2026-01-18T02:30+01:00,76.43
2026-01-18T02:45+01:00,77.36
2026-01-18T03:00+01:00,78.8
2026-01-18T03:15+01:00,79.61
2026-01-18T03:30+01:00,82.45
2026-01-18T03:45+01:00,89.88
2026-01-18T04:00+01:00,74.46
2026-01-18T04:15+01:00,76.97
2026-01-18T04:30+01:00,80.46
2026-01-18T04:45+01:00,89.06
2026-01-18T05:00+01:00,67.11
2026-01-18T05:15+01:00,82.52
2026-01-18T05:30+01:00,87.31
2026-01-18T05:45+01:00,87.91
2026-01-18T06:00+01:00,65.07
2026-01-18T06:15+01:00,70.3
2026-01-18T06:30+01:00,85.34
2026-01-18T06:45+01:00,90
2026-01-18T07:00+01:00,83.27
2026-01-18T07:15+01:00,87.5
2026-01-18T07:30+01:00,90.89
2026-01-18T07:45+01:00,94.09
2026-01-18T08:00+01:00,86.36
2026-01-18T08:15+01:00,91.22
2026-01-18T08:30+01:00,95.03
2026-01-18T08:45+01:00,97.89
2026-01-18T09:00+01:00,91.54
2026-01-18T09:15+01:00,94.06
2026-01-18T09:30+01:00,98.75
2026-01-18T09:45+01:00,99.49
2026-01-18T10:00+01:00,98.8
2026-01-18T10:15+01:00,99.6
2026-01-18T10:30+01:00,98.51
2026-01-18T10:45+01:00,95.64
2026-01-18T11:00+01:00,95.3
2026-01-18T11:15+01:00,96.63
2026-01-18T11:30+01:00,95.45
2026-01-18T11:45+01:00,94.93
2026-01-18T12:00+01:00,94.27
2026-01-18T12:15+01:00,93.98
2026-01-18T12:30+01:00,93.73
2026-01-18T12:45+01:00,93.4
2026-01-18T13:00+01:00,93.45
2026-01-18T13:15+01:00,93.94
2026-01-18T13:30+01:00,94.38
2026-01-18T13:45+01:00,94.94
2026-01-18T14:00+01:00,95.55
2026-01-18T14:15+01:00,97.48
2026-01-18T14:30+01:00,99.01
2026-01-18T14:45+01:00,99.65
2026-01-18T15:00+01:00,98.92
2026-01-18T15:15+01:00,100
2026-01-18T15:30+01:00,102.76
2026-01-18T15:45+01:00,109.08
2026-01-18T16:00+01:00,102.81
2026-01-18T16:15+01:00,113.27
2026-01-18T16:30+01:00,114.18
2026-01-18T16:45+01:00,116.35
2026-01-18T17:00+01:00,114.02
2026-01-18T17:15+01:00,123.25
2026-01-18T17:30+01:00,130.31
2026-01-18T17:45+01:00,136.28
2026-01-18T18:00+01:00,134.78
2026-01-18T18:15+01:00,136.99
2026-01-18T18:30+01:00,138.88
2026-01-18T18:45+01:00,131.18
2026-01-18T19:00+01:00,134.86
2026-01-18T19:15+01:00,123.22
2026-01-18T19:30+01:00,115
2026-01-18T19:45+01:00,106.22
2026-01-18T20:00+01:00,121.15
2026-01-18T20:15+01:00,117.06
2026-01-18T20:30+01:00,109.62
2026-01-18T20:45+01:00,101.33
2026-01-18T21:00+01:00,110.93
2026-01-18T21:15+01:00,104.74
2026-01-18T21:30+01:00,99.93
2026-01-18T21:45+01:00,99
2026-01-18T22:00+01:00,101.64
2026-01-18T22:15+01:00,99.76
2026-01-18T22:30+01:00,99.15
2026-01-18T22:45+01:00,97.92
2026-01-18T23:00+01:00,99.58
2026-01-18T23:15+01:00,99.39
2026-01-18T23:30+01:00,97.22
2026-01-18T23:45+01:00,96.8
2026-01-19T00:00+01:00,93.75
2026-01-19T00:15+01:00,91.81
2026-01-19T00:30+01:00,90.89
2026-01-19T00:45+01:00,88.83
2026-01-19T01:00+01:00,89.66
2026-01-19T01:15+01:00,90.24
2026-01-19T01:30+01:00,89.99
2026-01-19T01:45+01:00,88.78
2026-01-19T02:00+01:00,90.55
2026-01-19T02:15+01:00,89.55
2026-01-19T02:30+01:00,89.05
2026-01-19T02:45+01:00,88.97
2026-01-19T03:00+01:00,88.82
2026-01-19T03:15+01:00,89
2026-01-19T03:30+01:00,89.09
2026-01-19T03:45+01:00,89.83
2026-01-19T04:00+01:00,88.53
2026-01-19T04:15+01:00,89.87
2026-01-19T04:30+01:00,90.05
2026-01-19T04:45+01:00,89.99
2026-01-19T05:00+01:00,87.73
2026-01-19T05:15+01:00,90.63
2026-01-19T05:30+01:00,94.06
2026-01-19T05:45+01:00,100.6
2026-01-19T06:00+01:00,104.66
2026-01-19T06:15+01:00,118.56
2026-01-19T06:30+01:00,126.64
2026-01-19T06:45+01:00,140.46
2026-01-19T07:00+01:00,137.26
2026-01-19T07:15+01:00,151.67
2026-01-19T07:30+01:00,166.42
2026-01-19T07:45+01:00,168.36
2026-01-19T08:00+01:00,172.75
2026-01-19T08:15+01:00,179.75
2026-01-19T08:30+01:00,172.57
2026-01-19T08:45+01:00,160.56
2026-01-19T09:00+01:00,185.6
2026-01-19T09:15+01:00,166.7
2026-01-19T09:30+01:00,148.18
2026-01-19T09:45+01:00,133.89
2026-01-19T10:00+01:00,152.85
2026-01-19T10:15+01:00,135.98
2026-01-19T10:30+01:00,127.08
2026-01-19T10:45+01:00,118.2
2026-01-19T11:00+01:00,127.04
2026-01-19T11:15+01:00,119.72
2026-01-19T11:30+01:00,118.96
2026-01-19T11:45+01:00,117.01
2026-01-19T12:00+01:00,117.97
2026-01-19T12:15+01:00,114.49
2026-01-19T12:30+01:00,117.35
2026-01-19T12:45+01:00,120
2026-01-19T13:00+01:00,118.89
2026-01-19T13:15+01:00,121.23
2026-01-19T13:30+01:00,125.79
2026-01-19T13:45+01:00,133.63
2026-01-19T14:00+01:00,120.57
2026-01-19T14:15+01:00,136.57
2026-01-19T14:30+01:00,144.11
2026-01-19T14:45+01:00,165.94
2026-01-19T15:00+01:00,134.93
2026-01-19T15:15+01:00,155.93
2026-01-19T15:30+01:00,172.02
2026-01-19T15:45+01:00,204.09
2026-01-19T16:00+01:00,168.22
2026-01-19T16:15+01:00,192.67
2026-01-19T16:30+01:00,206.8
2026-01-19T16:45+01:00,211.24
2026-01-19T17:00+01:00,192.02
2026-01-19T17:15+01:00,217.79
2026-01-19T17:30+01:00,215.97
2026-01-19T17:45+01:00,201
2026-01-19T18:00+01:00,204.72
2026-01-19T18:15+01:00,187.1
2026-01-19T18:30+01:00,193.83
2026-01-19T18:45+01:00,194.45
2026-01-19T19:00+01:00,188.05
2026-01-19T19:15+01:00,178.33
2026-01-19T19:30+01:00,173.14
2026-01-19T19:45+01:00,166.02
2026-01-19T20:00+01:00,162.3
2026-01-19T20:15+01:00,156.1
2026-01-19T20:30+01:00,153.39
2026-01-19T20:45+01:00,140.82
2026-01-19T21:00+01:00,137.27
2026-01-19T21:15+01:00,134.3
2026-01-19T21:30+01:00,130.21
2026-01-19T21:45+01:00,122.8
2026-01-19T22:00+01:00,128.14
2026-01-19T22:15+01:00,124.04
2026-01-19T22:30+01:00,122.65
2026-01-19T22:45+01:00,116.53
2026-01-19T23:00+01:00,119.04
2026-01-19T23:15+01:00,111.22
2026-01-19T23:30+01:00,104.55
2026-01-19T23:45+01:00,101.06
2026-01-20T00:00+01:00,110.82
2026-01-20T00:15+01:00,113.25
2026-01-20T00:30+01:00,111.05
2026-01-20T00:45+01:00,109.54
2026-01-20T01:00+01:00,111.71
2026-01-20T01:15+01:00,111.24
2026-01-20T01:30+01:00,111.17
2026-01-20T01:45+01:00,108.88
2026-01-20T02:00+01:00,106.63
2026-01-20T02:15+01:00,106.3
2026-01-20T02:30+01:00,107.3
2026-01-20T02:45+01:00,107.46
2026-01-20T03:00+01:00,105.58
2026-01-20T03:15+01:00,105.89
2026-01-20T03:30+01:00,106.49
2026-01-20T03:45+01:00,107.88
2026-01-20T04:00+01:00,105.15
2026-01-20T04:15+01:00,106.6
2026-01-20T04:30+01:00,111.71
2026-01-20T04:45+01:00,114.23
2026-01-20T05:00+01:00,117.81
2026-01-20T05:15+01:00,107.69
2026-01-20T05:30+01:00,123.81
2026-01-20T05:45+01:00,134.7
2026-01-20T06:00+01:00,121.85
2026-01-20T06:15+01:00,152.4
2026-01-20T06:30+01:00,182.81
2026-01-20T06:45+01:00,271.38
2026-01-20T07:00+01:00,170.03
2026-01-20T07:15+01:00,220.71
2026-01-20T07:30+01:00,264.13
2026-01-20T07:45+01:00,292.33
2026-01-20T08:00+01:00,318.51
2026-01-20T08:15+01:00,296.68
2026-01-20T08:30+01:00,239.05
2026-01-20T08:45+01:00,207.56
2026-01-20T09:00+01:00,252.23
2026-01-20T09:15+01:00,235.98
2026-01-20T09:30+01:00,207.92
2026-01-20T09:45+01:00,197.46
2026-01-20T10:00+01:00,206.91
2026-01-20T10:15+01:00,196.73
2026-01-20T10:30+01:00,165.08
2026-01-20T10:45+01:00,158.04
2026-01-20T11:00+01:00,150.99
2026-01-20T11:15+01:00,137.16
2026-01-20T11:30+01:00,135.06
2026-01-20T11:45+01:00,131.05
2026-01-20T12:00+01:00,131.08
2026-01-20T12:15+01:00,121.81
2026-01-20T12:30+01:00,117.53
2026-01-20T12:45+01:00,117.52
2026-01-20T13:00+01:00,131.89
2026-01-20T13:15+01:00,130.96
2026-01-20T13:30+01:00,128.74
2026-01-20T13:45+01:00,126.52
2026-01-20T14:00+01:00,140.08
2026-01-20T14:15+01:00,148.63
2026-01-20T14:30+01:00,151.96
2026-01-20T14:45+01:00,170.44
2026-01-20T15:00+01:00,162.17
2026-01-20T15:15+01:00,180.41
2026-01-20T15:30+01:00,207.87
2026-01-20T15:45+01:00,218.62
2026-01-20T16:00+01:00,203.75
2026-01-20T16:15+01:00,249.94
2026-01-20T16:30+01:00,289.09
2026-01-20T16:45+01:00,349.92
2026-01-20T17:00+01:00,248.79
2026-01-20T17:15+01:00,265.56
2026-01-20T17:30+01:00,260.06
2026-01-20T17:45+01:00,228.13
2026-01-20T18:00+01:00,226.71
2026-01-20T18:15+01:00,202.99
2026-01-20T18:30+01:00,186.21
2026-01-20T18:45+01:00,181.48
2026-01-20T19:00+01:00,205.37
2026-01-20T19:15+01:00,185.38
2026-01-20T19:30+01:00,170.02
2026-01-20T19:45+01:00,158.94
2026-01-20T20:00+01:00,181.96
2026-01-20T20:15+01:00,158.08
2026-01-20T20:30+01:00,144.12
2026-01-20T20:45+01:00,133.32
2026-01-20T21:00+01:00,159.42
2026-01-20T21:15+01:00,151.09
2026-01-20T21:30+01:00,131.74
2026-01-20T21:45+01:00,110.86
2026-01-20T22:00+01:00,131.93
2026-01-20T22:15+01:00,121.58
2026-01-20T22:30+01:00,110.03
2026-01-20T22:45+01:00,102.53
2026-01-20T23:00+01:00,112.48
2026-01-20T23:15+01:00,106.41
2026-01-20T23:30+01:00,103.84
2026-01-20T23:45+01:00,95.5
2026-01-21T00:00+01:00,97.42
2026-01-21T00:15+01:00,96.59
2026-01-21T00:30+01:00,96.49
2026-01-21T00:45+01:00,95.76
2026-01-21T01:00+01:00,99.25
2026-01-21T01:15+01:00,95.47
2026-01-21T01:30+01:00,93
2026-01-21T01:45+01:00,91.15
2026-01-21T02:00+01:00,95.6
2026-01-21T02:15+01:00,94.5
2026-01-21T02:30+01:00,91.15
2026-01-21T02:45+01:00,91.22
2026-01-21T03:00+01:00,92.29
2026-01-21T03:15+01:00,91.19
2026-01-21T03:30+01:00,92.4
2026-01-21T03:45+01:00,90.87
2026-01-21T04:00+01:00,88.94
2026-01-21T04:15+01:00,89.99
2026-01-21T04:30+01:00,90.73
2026-01-21T04:45+01:00,91.45
2026-01-21T05:00+01:00,89.43
2026-01-21T05:15+01:00,90.95
2026-01-21T05:30+01:00,95.67
2026-01-21T05:45+01:00,96.64
2026-01-21T06:00+01:00,96.19
2026-01-21T06:15+01:00,100.51
2026-01-21T06:30+01:00,107.67
2026-01-21T06:45+01:00,105.61
2026-01-21T07:00+01:00,112.1
2026-01-21T07:15+01:00,120.45
2026-01-21T07:30+01:00,135.51
2026-01-21T07:45+01:00,150.65
2026-01-21T08:00+01:00,150.34
2026-01-21T08:15+01:00,153.69
2026-01-21T08:30+01:00,155.84
2026-01-21T08:45+01:00,144.14
2026-01-21T09:00+01:00,157.76
2026-01-21T09:15+01:00,147.22
2026-01-21T09:30+01:00,136.31
2026-01-21T09:45+01:00,119.89
2026-01-21T10:00+01:00,149.29
2026-01-21T10:15+01:00,120.38
2026-01-21T10:30+01:00,106.22
2026-01-21T10:45+01:00,102.07
2026-01-21T11:00+01:00,105.61
2026-01-21T11:15+01:00,104.07
2026-01-21T11:30+01:00,102.38
2026-01-21T11:45+01:00,102.19
2026-01-21T12:00+01:00,101.84
2026-01-21T12:15+01:00,101.46
2026-01-21T12:30+01:00,99.93
2026-01-21T12:45+01:00,101.48
2026-01-21T13:00+01:00,101.85
2026-01-21T13:15+01:00,102.34
2026-01-21T13:30+01:00,102.42
2026-01-21T13:45+01:00,107.19
2026-01-21T14:00+01:00,105
2026-01-21T14:15+01:00,105.32
2026-01-21T14:30+01:00,107.96
2026-01-21T14:45+01:00,119.94
2026-01-21T15:00+01:00,105.66
2026-01-21T15:15+01:00,119.87
2026-01-21T15:30+01:00,128.48
2026-01-21T15:45+01:00,141.5
2026-01-21T16:00+01:00,135.83
2026-01-21T16:15+01:00,140.72
2026-01-21T16:30+01:00,136.51
2026-01-21T16:45+01:00,143.27
2026-01-21T17:00+01:00,131.41
2026-01-21T17:15+01:00,138.2
2026-01-21T17:30+01:00,129.65
2026-01-21T17:45+01:00,127.6
2026-01-21T18:00+01:00,136.52
2026-01-21T18:15+01:00,120.47
2026-01-21T18:30+01:00,114.4
2026-01-21T18:45+01:00,109.44
2026-01-21T19:00+01:00,112.53
2026-01-21T19:15+01:00,108.72
2026-01-21T19:30+01:00,102.21
2026-01-21T19:45+01:00,99.96
2026-01-21T20:00+01:00,103.38
2026-01-21T20:15+01:00,99.96
2026-01-21T20:30+01:00,97
2026-01-21T20:45+01:00,96.69
2026-01-21T21:00+01:00,96.99
2026-01-21T21:15+01:00,95.86
2026-01-21T21:30+01:00,92.27
2026-01-21T21:45+01:00,91.16
2026-01-21T22:00+01:00,96.3
2026-01-21T22:15+01:00,96.02
2026-01-21T22:30+01:00,93.99
2026-01-21T22:45+01:00,91.76
2026-01-21T23:00+01:00,90.98
2026-01-21T23:15+01:00,88.05
2026-01-21T23:30+01:00,86.29
2026-01-21T23:45+01:00,81.15
2026-01-22T00:00+01:00,87.55
2026-01-22T00:15+01:00,86.17
2026-01-22T00:30+01:00,84.99
2026-01-22T00:45+01:00,81.93
2026-01-22T01:00+01:00,86.3
2026-01-22T01:15+01:00,84.42
2026-01-22T01:30+01:00,81.36
2026-01-22T01:45+01:00,81.02
2026-01-22T02:00+01:00,82.83
2026-01-22T02:15+01:00,83.13
2026-01-22T02:30+01:00,81.77
2026-01-22T02:45+01:00,79.51
2026-01-22T03:00+01:00,82.77
2026-01-22T03:15+01:00,81.94
2026-01-22T03:30+01:00,80.74
2026-01-22T03:45+01:00,81.39
2026-01-22T04:00+01:00,81.78
2026-01-22T04:15+01:00,82.4
2026-01-22T04:30+01:00,82.91
2026-01-22T04:45+01:00,83.2
2026-01-22T05:00+01:00,81.39
2026-01-22T05:15+01:00,84.57
2026-01-22T05:30+01:00,86.3
2026-01-22T05:45+01:00,89
2026-01-22T06:00+01:00,83.62
2026-01-22T06:15+01:00,90
2026-01-22T06:30+01:00,93.94
2026-01-22T06:45+01:00,97.06
2026-01-22T07:00+01:00,98.74
2026-01-22T07:15+01:00,101.42
2026-01-22T07:30+01:00,104.31
2026-01-22T07:45+01:00,109.82
2026-01-22T08:00+01:00,120.9
2026-01-22T08:15+01:00,123.61
2026-01-22T08:30+01:00,119.46
2026-01-22T08:45+01:00,116.73
2026-01-22T09:00+01:00,121.88
2026-01-22T09:15+01:00,112.27
2026-01-22T09:30+01:00,105.98
2026-01-22T09:45+01:00,100.96
2026-01-22T10:00+01:00,100.11
2026-01-22T10:15+01:00,96.26
2026-01-22T10:30+01:00,94.62
2026-01-22T10:45+01:00,90.74
2026-01-22T11:00+01:00,93.8
2026-01-22T11:15+01:00,90.95
2026-01-22T11:30+01:00,90.66
2026-01-22T11:45+01:00,89.19
2026-01-22T12:00+01:00,90.09
2026-01-22T12:15+01:00,88.78
2026-01-22T12:30+01:00,89.99
2026-01-22T12:45+01:00,89.64
2026-01-22T13:00+01:00,89.35
2026-01-22T13:15+01:00,90.11
2026-01-22T13:30+01:00,91.01
2026-01-22T13:45+01:00,92.7
2026-01-22T14:00+01:00,90.94
2026-01-22T14:15+01:00,94.94
2026-01-22T14:30+01:00,95.53
2026-01-22T14:45+01:00,98.06
2026-01-22T15:00+01:00,97.46
2026-01-22T15:15+01:00,101.55
2026-01-22T15:30+01:00,104.72
2026-01-22T15:45+01:00,111.35
2026-01-22T16:00+01:00,106.33
2026-01-22T16:15+01:00,116.19
2026-01-22T16:30+01:00,126.42
2026-01-22T16:45+01:00,124.19
2026-01-22T17:00+01:00,125.49
2026-01-22T17:15+01:00,131.71
2026-01-22T17:30+01:00,134.1
2026-01-22T17:45+01:00,130.82
2026-01-22T18:00+01:00,122.31
2026-01-22T18:15+01:00,112.49
2026-01-22T18:30+01:00,109.94
2026-01-22T18:45+01:00,109.13
2026-01-22T19:00+01:00,108.28
2026-01-22T19:15+01:00,105
2026-01-22T19:30+01:00,104.34
2026-01-22T19:45+01:00,103.36
2026-01-22T20:00+01:00,101.61
2026-01-22T20:15+01:00,100.8
2026-01-22T20:30+01:00,99.99
2026-01-22T20:45+01:00,98.94
2026-01-22T21:00+01:00,101.71
2026-01-22T21:15+01:00,100.39
2026-01-22T21:30+01:00,97.96
2026-01-22T21:45+01:00,95.48
2026-01-22T22:00+01:00,98.13
2026-01-22T22:15+01:00,97.75
2026-01-22T22:30+01:00,96.75
2026-01-22T22:45+01:00,91.99
2026-01-22T23:00+01:00,96.38
2026-01-22T23:15+01:00,93.96
2026-01-22T23:30+01:00,92.15
2026-01-22T23:45+01:00,87.08
2026-01-23T00:00+01:00,96.82
2026-01-23T00:15+01:00,95.42
2026-01-23T00:30+01:00,94.48
2026-01-23T00:45+01:00,94.84
2026-01-23T01:00+01:00,95.27
2026-01-23T01:15+01:00,94.34
2026-01-23T01:30+01:00,94.74
2026-01-23T01:45+01:00,93.29
2026-01-23T02:00+01:00,93.71
2026-01-23T02:15+01:00,92.18
2026-01-23T02:30+01:00,91.68
2026-01-23T02:45+01:00,90.64
2026-01-23T03:00+01:00,92.53
2026-01-23T03:15+01:00,89.41
2026-01-23T03:30+01:00,89.67
2026-01-23T03:45+01:00,87.01
2026-01-23T04:00+01:00,92.55
2026-01-23T04:15+01:00,92.14
2026-01-23T04:30+01:00,92.83
2026-01-23T04:45+01:00,93.04
2026-01-23T05:00+01:00,93.38
2026-01-23T05:15+01:00,94.46
2026-01-23T05:30+01:00,95.48
2026-01-23T05:45+01:00,97.16
2026-01-23T06:00+01:00,89.97
2026-01-23T06:15+01:00,96.12
2026-01-23T06:30+01:00,99.42
2026-01-23T06:45+01:00,101.67
2026-01-23T07:00+01:00,103.98
2026-01-23T07:15+01:00,112.28
2026-01-23T07:30+01:00,120.37
2026-01-23T07:45+01:00,127.06
2026-01-23T08:00+01:00,138.11
2026-01-23T08:15+01:00,144.63
2026-01-23T08:30+01:00,141.8
2026-01-23T08:45+01:00,133.24
2026-01-23T09:00+01:00,157.91
2026-01-23T09:15+01:00,140.34
2026-01-23T09:30+01:00,130.11
2026-01-23T09:45+01:00,114.14
2026-01-23T10:00+01:00,132.05
2026-01-23T10:15+01:00,116.54
2026-01-23T10:30+01:00,108.53
2026-01-23T10:45+01:00,102.52
2026-01-23T11:00+01:00,103.25
2026-01-23T11:15+01:00,101.12
2026-01-23T11:30+01:00,99.1
2026-01-23T11:45+01:00,97.49
2026-01-23T12:00+01:00,98.33
2026-01-23T12:15+01:00,96.45
2026-01-23T12:30+01:00,96.11
2026-01-23T12:45+01:00,95.81
2026-01-23T13:00+01:00,98.22
2026-01-23T13:15+01:00,97
2026-01-23T13:30+01:00,97
2026-01-23T13:45+01:00,97
2026-01-23T14:00+01:00,95.63
2026-01-23T14:15+01:00,96.05
2026-01-23T14:30+01:00,96.44
2026-01-23T14:45+01:00,99.99
2026-01-23T15:00+01:00,99.88
2026-01-23T15:15+01:00,102.01
2026-01-23T15:30+01:00,108.89
2026-01-23T15:45+01:00,118.89
2026-01-23T16:00+01:00,107.82
2026-01-23T16:15+01:00,119.97
2026-01-23T16:30+01:00,125.04
2026-01-23T16:45+01:00,130.63
2026-01-23T17:00+01:00,129.86
2026-01-23T17:15+01:00,136.94
2026-01-23T17:30+01:00,136.05
2026-01-23T17:45+01:00,134.59
2026-01-23T18:00+01:00,130.95
2026-01-23T18:15+01:00,125.39
2026-01-23T18:30+01:00,122.36
2026-01-23T18:45+01:00,127.22
2026-01-23T19:00+01:00,122.69
2026-01-23T19:15+01:00,115.02
2026-01-23T19:30+01:00,111.4
2026-01-23T19:45+01:00,107.68
2026-01-23T20:00+01:00,110.74
2026-01-23T20:15+01:00,105.69
2026-01-23T20:30+01:00,103.47
2026-01-23T20:45+01:00,101.39
2026-01-23T21:00+01:00,105.4
2026-01-23T21:15+01:00,103.8
2026-01-23T21:30+01:00,101.04
2026-01-23T21:45+01:00,99.15
2026-01-23T22:00+01:00,100.53
2026-01-23T22:15+01:00,99.95
2026-01-23T22:30+01:00,100.37
2026-01-23T22:45+01:00,99.79
2026-01-23T23:00+01:00,98.82
2026-01-23T23:15+01:00,96.29
2026-01-23T23:30+01:00,95
2026-01-23T23:45+01:00,94.04
2026-01-24T00:00+01:00,89.45
2026-01-24T00:15+01:00,94.99
2026-01-24T00:30+01:00,95
2026-01-24T00:45+01:00,93.68
2026-01-24T01:00+01:00,93.36
2026-01-24T01:15+01:00,93
2026-01-24T01:30+01:00,93.16
2026-01-24T01:45+01:00,90.87
2026-01-24T02:00+01:00,94.6
2026-01-24T02:15+01:00,95.32
2026-01-24T02:30+01:00,95.69
2026-01-24T02:45+01:00,95.39
2026-01-24T03:00+01:00,94.33
2026-01-24T03:15+01:00,95.1
2026-01-24T03:30+01:00,94.75
2026-01-24T03:45+01:00,94.94
2026-01-24T04:00+01:00,94.21
2026-01-24T04:15+01:00,93.27
2026-01-24T04:30+01:00,93.89
2026-01-24T04:45+01:00,93.89
2026-01-24T05:00+01:00,94.24
2026-01-24T05:15+01:00,94.91
2026-01-24T05:30+01:00,95
2026-01-24T05:45+01:00,95.08
2026-01-24T06:00+01:00,91.6
2026-01-24T06:15+01:00,94.03
2026-01-24T06:30+01:00,95.13
2026-01-24T06:45+01:00,97.09
2026-01-24T07:00+01:00,99.48
2026-01-24T07:15+01:00,99.98
2026-01-24T07:30+01:00,101.55
2026-01-24T07:45+01:00,103.41
2026-01-24T08:00+01:00,100.01
2026-01-24T08:15+01:00,101.76
2026-01-24T08:30+01:00,105.04
2026-01-24T08:45+01:00,106.2
2026-01-24T09:00+01:00,112.8
2026-01-24T09:15+01:00,113.89
2026-01-24T09:30+01:00,109.79
2026-01-24T09:45+01:00,109.57
2026-01-24T10:00+01:00,128.38
2026-01-24T10:15+01:00,115.51
2026-01-24T10:30+01:00,111
2026-01-24T10:45+01:00,103.09
2026-01-24T11:00+01:00,111.87
2026-01-24T11:15+01:00,107.79
2026-01-24T11:30+01:00,107.06
2026-01-24T11:45+01:00,106.24
2026-01-24T12:00+01:00,108.19
2026-01-24T12:15+01:00,106.73
2026-01-24T12:30+01:00,106.29
2026-01-24T12:45+01:00,103.61
2026-01-24T13:00+01:00,102.99
2026-01-24T13:15+01:00,101.59
2026-01-24T13:30+01:00,101.58
2026-01-24T13:45+01:00,101.29
2026-01-24T14:00+01:00,102.28
2026-01-24T14:15+01:00,103.23
2026-01-24T14:30+01:00,105.52
2026-01-24T14:45+01:00,108.18
2026-01-24T15:00+01:00,103.9
2026-01-24T15:15+01:00,109.31
2026-01-24T15:30+01:00,121.23
2026-01-24T15:45+01:00,127.88
2026-01-24T16:00+01:00,114.92
2026-01-24T16:15+01:00,123.89
2026-01-24T16:30+01:00,136.23
2026-01-24T16:45+01:00,136.62
2026-01-24T17:00+01:00,136.56
2026-01-24T17:15+01:00,140.78
2026-01-24T17:30+01:00,143.05
2026-01-24T17:45+01:00,143.06
2026-01-24T18:00+01:00,138.31
2026-01-24T18:15+01:00,138.98
2026-01-24T18:30+01:00,134.91
2026-01-24T18:45+01:00,129.82
2026-01-24T19:00+01:00,135.25
2026-01-24T19:15+01:00,128.92
2026-01-24T19:30+01:00,124.9
2026-01-24T19:45+01:00,116.36
2026-01-24T20:00+01:00,123.38
2026-01-24T20:15+01:00,118.52
2026-01-24T20:30+01:00,109.28
2026-01-24T20:45+01:00,103.63
2026-01-24T21:00+01:00,111.81
2026-01-24T21:15+01:00,109.36
2026-01-24T21:30+01:00,107.58
2026-01-24T21:45+01:00,104.28
2026-01-24T22:00+01:00,109.38
2026-01-24T22:15+01:00,104.86
2026-01-24T22:30+01:00,101.67
2026-01-24T22:45+01:00,99.62
2026-01-24T23:00+01:00,99.97
2026-01-24T23:15+01:00,96.96
2026-01-24T23:30+01:00,94.59
2026-01-24T23:45+01:00,91.67
2026-01-25T00:00+01:00,96.62
2026-01-25T00:15+01:00,96.45
2026-01-25T00:30+01:00,93.76
2026-01-25T00:45+01:00,92.28
2026-01-25T01:00+01:00,99.03
2026-01-25T01:15+01:00,98.44
2026-01-25T01:30+01:00,98.9
2026-01-25T01:45+01:00,97.33
2026-01-25T02:00+01:00,98.86
2026-01-25T02:15+01:00,97.17
2026-01-25T02:30+01:00,96.83
2026-01-25T02:45+01:00,95.1
2026-01-25T03:00+01:00,97.94
2026-01-25T03:15+01:00,96.18
2026-01-25T03:30+01:00,96.46
2026-01-25T03:45+01:00,93.58
2026-01-25T04:00+01:00,96.71
2026-01-25T04:15+01:00,96.96
2026-01-25T04:30+01:00,94.31
2026-01-25T04:45+01:00,93.21
2026-01-25T05:00+01:00,92.54
2026-01-25T05:15+01:00,92.87
2026-01-25T05:30+01:00,94.14
2026-01-25T05:45+01:00,96.2
2026-01-25T06:00+01:00,89.14
2026-01-25T06:15+01:00,90.15
2026-01-25T06:30+01:00,90.92
2026-01-25T06:45+01:00,91.27
2026-01-25T07:00+01:00,91.94
2026-01-25T07:15+01:00,93.85
2026-01-25T07:30+01:00,94.87
2026-01-25T07:45+01:00,96.1
2026-01-25T08:00+01:00,94.16
2026-01-25T08:15+01:00,96.22
2026-01-25T08:30+01:00,98.12
2026-01-25T08:45+01:00,100
2026-01-25T09:00+01:00,98.35
2026-01-25T09:15+01:00,99.99
2026-01-25T09:30+01:00,100.77
2026-01-25T09:45+01:00,103.8
2026-01-25T10:00+01:00,107.79
2026-01-25T10:15+01:00,111.2
2026-01-25T10:30+01:00,108.82
2026-01-25T10:45+01:00,109.42
2026-01-25T11:00+01:00,113.77
2026-01-25T11:15+01:00,112.95
2026-01-25T11:30+01:00,112.97
2026-01-25T11:45+01:00,109.98
2026-01-25T12:00+01:00,119.9
2026-01-25T12:15+01:00,116.61
2026-01-25T12:30+01:00,116.83
2026-01-25T12:45+01:00,113.51
2026-01-25T13:00+01:00,116.85
2026-01-25T13:15+01:00,113.86
2026-01-25T13:30+01:00,111.77
2026-01-25T13:45+01:00,110.28
2026-01-25T14:00+01:00,110.07
2026-01-25T14:15+01:00,110.07
2026-01-25T14:30+01:00,111.55
2026-01-25T14:45+01:00,114.1
2026-01-25T15:00+01:00,107.59
2026-01-25T15:15+01:00,109.28
2026-01-25T15:30+01:00,113.21
2026-01-25T15:45+01:00,116.78
2026-01-25T16:00+01:00,107.78
2026-01-25T16:15+01:00,111.72
2026-01-25T16:30+01:00,120.32
2026-01-25T16:45+01:00,127.64
2026-01-25T17:00+01:00,121
2026-01-25T17:15+01:00,129.71
2026-01-25T17:30+01:00,129.75
2026-01-25T17:45+01:00,131.2
2026-01-25T18:00+01:00,134.79
2026-01-25T18:15+01:00,135.01
2026-01-25T18:30+01:00,134.49
2026-01-25T18:45+01:00,130.02
2026-01-25T19:00+01:00,132.5
2026-01-25T19:15+01:00,129.01
2026-01-25T19:30+01:00,126.71
2026-01-25T19:45+01:00,123.72
2026-01-25T20:00+01:00,128.99
2026-01-25T20:15+01:00,125.25
2026-01-25T20:30+01:00,117.31
2026-01-25T20:45+01:00,109.99
2026-01-25T21:00+01:00,116.87
2026-01-25T21:15+01:00,113.14
2026-01-25T21:30+01:00,109.05
2026-01-25T21:45+01:00,106.44
2026-01-25T22:00+01:00,112.93
2026-01-25T22:15+01:00,109.3
2026-01-25T22:30+01:00,106.08
2026-01-25T22:45+01:00,103.24
2026-01-25T23:00+01:00,104.44
2026-01-25T23:15+01:00,101.92
2026-01-25T23:30+01:00,100.17
2026-01-25T23:45+01:00,99.6
2026-01-26T00:00+01:00,102.57
2026-01-26T00:15+01:00,101.85
2026-01-26T00:30+01:00,98.68
2026-01-26T00:45+01:00,98.25
2026-01-26T01:00+01:00,99.42
2026-01-26T01:15+01:00,98.69
2026-01-26T01:30+01:00,98.21
2026-01-26T01:45+01:00,96.96
2026-01-26T02:00+01:00,98.16
2026-01-26T02:15+01:00,96.73
2026-01-26T02:30+01:00,95.14
2026-01-26T02:45+01:00,94.99
2026-01-26T03:00+01:00,94.95
2026-01-26T03:15+01:00,95.9
2026-01-26T03:30+01:00,95.06
2026-01-26T03:45+01:00,95.61
2026-01-26T04:00+01:00,92.69
2026-01-26T04:15+01:00,93.4
2026-01-26T04:30+01:00,94.79
2026-01-26T04:45+01:00,93.68
2026-01-26T05:00+01:00,94.58
2026-01-26T05:15+01:00,95.7
2026-01-26T05:30+01:00,97.96
2026-01-26T05:45+01:00,98.99
2026-01-26T06:00+01:00,100.56
2026-01-26T06:15+01:00,107.44
2026-01-26T06:30+01:00,110.87
2026-01-26T06:45+01:00,125.45
2026-01-26T07:00+01:00,136.98
2026-01-26T07:15+01:00,149.26
2026-01-26T07:30+01:00,161.83
2026-01-26T07:45+01:00,178.54
2026-01-26T08:00+01:00,166.58
2026-01-26T08:15+01:00,180.56
2026-01-26T08:30+01:00,187.73
2026-01-26T08:45+01:00,176.17
2026-01-26T09:00+01:00,196.97
2026-01-26T09:15+01:00,188.15
2026-01-26T09:30+01:00,176.23
2026-01-26T09:45+01:00,163.97
2026-01-26T10:00+01:00,191.62
2026-01-26T10:15+01:00,187.12
2026-01-26T10:30+01:00,179.33
2026-01-26T10:45+01:00,165.26
2026-01-26T11:00+01:00,180.63
2026-01-26T11:15+01:00,174.58
2026-01-26T11:30+01:00,170.51
2026-01-26T11:45+01:00,165.81
2026-01-26T12:00+01:00,170.2
2026-01-26T12:15+01:00,160.17
2026-01-26T12:30+01:00,152.27
2026-01-26T12:45+01:00,146.54
2026-01-26T13:00+01:00,160.57
2026-01-26T13:15+01:00,152.81
2026-01-26T13:30+01:00,149.2
2026-01-26T13:45+01:00,143.25
2026-01-26T14:00+01:00,142.58
2026-01-26T14:15+01:00,149.63
2026-01-26T14:30+01:00,146.77
2026-01-26T14:45+01:00,150.12
2026-01-26T15:00+01:00,149.13
2026-01-26T15:15+01:00,150.8
2026-01-26T15:30+01:00,159.9
2026-01-26T15:45+01:00,171.17
2026-01-26T16:00+01:00,151.57
2026-01-26T16:15+01:00,152.92
2026-01-26T16:30+01:00,169.91
2026-01-26T16:45+01:00,190.25
2026-01-26T17:00+01:00,152.05
2026-01-26T17:15+01:00,170.42
2026-01-26T17:30+01:00,192.05
2026-01-26T17:45+01:00,199.94
2026-01-26T18:00+01:00,187.33
2026-01-26T18:15+01:00,175.94
2026-01-26T18:30+01:00,178.57
2026-01-26T18:45+01:00,170.16
2026-01-26T19:00+01:00,182.75
2026-01-26T19:15+01:00,178.23
2026-01-26T19:30+01:00,164.16
2026-01-26T19:45+01:00,151.83
2026-01-26T20:00+01:00,163.81
2026-01-26T20:15+01:00,149.59
2026-01-26T20:30+01:00,144.91
2026-01-26T20:45+01:00,135.37
2026-01-26T21:00+01:00,146.59
2026-01-26T21:15+01:00,137.61
2026-01-26T21:30+01:00,137.56
2026-01-26T21:45+01:00,116.16
2026-01-26T22:00+01:00,132.17
2026-01-26T22:15+01:00,119.91
2026-01-26T22:30+01:00,110.88
2026-01-26T22:45+01:00,107.3
2026-01-26T23:00+01:00,113.99
2026-01-26T23:15+01:00,110.93
2026-01-26T23:30+01:00,105.02
2026-01-26T23:45+01:00,101.58
2026-01-27T00:00+01:00,119.92
2026-01-27T00:15+01:00,113.85
2026-01-27T00:30+01:00,109.67
2026-01-27T00:45+01:00,105.36
2026-01-27T01:00+01:00,112.88
2026-01-27T01:15+01:00,108.23
2026-01-27T01:30+01:00,106.17
2026-01-27T01:45+01:00,102.8
2026-01-27T02:00+01:00,105.9
2026-01-27T02:15+01:00,103.12
2026-01-27T02:30+01:00,100.91
2026-01-27T02:45+01:00,100.95
2026-01-27T03:00+01:00,100.6
2026-01-27T03:15+01:00,100.67
2026-01-27T03:30+01:00,100.86
2026-01-27T03:45+01:00,100.59
2026-01-27T04:00+01:00,100.44
2026-01-27T04:15+01:00,100
2026-01-27T04:30+01:00,100.14
2026-01-27T04:45+01:00,100.39
2026-01-27T05:00+01:00,100.3
2026-01-27T05:15+01:00,103.03
2026-01-27T05:30+01:00,104.9
2026-01-27T05:45+01:00,106.18
2026-01-27T06:00+01:00,107.03
2026-01-27T06:15+01:00,111.29
2026-01-27T06:30+01:00,126
2026-01-27T06:45+01:00,147.44
2026-01-27T07:00+01:00,136.14
2026-01-27T07:15+01:00,156.36
2026-01-27T07:30+01:00,168.83
2026-01-27T07:45+01:00,185.77
2026-01-27T08:00+01:00,190.91
2026-01-27T08:15+01:00,198.86
2026-01-27T08:30+01:00,201.65
2026-01-27T08:45+01:00,208.95
2026-01-27T09:00+01:00,200.8
2026-01-27T09:15+01:00,200.47
2026-01-27T09:30+01:00,201.44
2026-01-27T09:45+01:00,216.49
2026-01-27T10:00+01:00,199.73
2026-01-27T10:15+01:00,199.9
2026-01-27T10:30+01:00,190.51
2026-01-27T10:45+01:00,177.89
2026-01-27T11:00+01:00,170.89
2026-01-27T11:15+01:00,159.5
2026-01-27T11:30+01:00,151.02
2026-01-27T11:45+01:00,154.15
2026-01-27T12:00+01:00,148.38
2026-01-27T12:15+01:00,138.36
2026-01-27T12:30+01:00,142.74
2026-01-27T12:45+01:00,134.93
2026-01-27T13:00+01:00,140.51
2026-01-27T13:15+01:00,134.84
2026-01-27T13:30+01:00,130.88
2026-01-27T13:45+01:00,132.76
2026-01-27T14:00+01:00,128.59
2026-01-27T14:15+01:00,133.32
2026-01-27T14:30+01:00,138.02
2026-01-27T14:45+01:00,140.85
2026-01-27T15:00+01:00,135.82
2026-01-27T15:15+01:00,149.05
2026-01-27T15:30+01:00,160
2026-01-27T15:45+01:00,168.53
2026-01-27T16:00+01:00,147.82
2026-01-27T16:15+01:00,172.55
2026-01-27T16:30+01:00,191.24
2026-01-27T16:45+01:00,202.26
2026-01-27T17:00+01:00,202.3
2026-01-27T17:15+01:00,208.56
2026-01-27T17:30+01:00,200.88
2026-01-27T17:45+01:00,188.68
2026-01-27T18:00+01:00,191.39
2026-01-27T18:15+01:00,167.03
2026-01-27T18:30+01:00,150.87
2026-01-27T18:45+01:00,157.04
2026-01-27T19:00+01:00,155.57
2026-01-27T19:15+01:00,143.89
2026-01-27T19:30+01:00,141.05
2026-01-27T19:45+01:00,132.44
2026-01-27T20:00+01:00,136.87
2026-01-27T20:15+01:00,125.05
2026-01-27T20:30+01:00,117.17
2026-01-27T20:45+01:00,113.68
2026-01-27T21:00+01:00,119.7
2026-01-27T21:15+01:00,121.17
2026-01-27T21:30+01:00,121.16
2026-01-27T21:45+01:00,117.5
2026-01-27T22:00+01:00,123.7
2026-01-27T22:15+01:00,119.06
2026-01-27T22:30+01:00,119.3
2026-01-27T22:45+01:00,115.43
2026-01-27T23:00+01:00,117.05
2026-01-27T23:15+01:00,110.15
2026-01-27T23:30+01:00,108.28
2026-01-27T23:45+01:00,104.89
2026-01-28T00:00+01:00,108.89
2026-01-28T00:15+01:00,106.93
2026-01-28T00:30+01:00,100.85
2026-01-28T00:45+01:00,100
2026-01-28T01:00+01:00,106.99
2026-01-28T01:15+01:00,103.56
2026-01-28T01:30+01:00,100.69
2026-01-28T01:45+01:00,100
2026-01-28T02:00+01:00,103.97
2026-01-28T02:15+01:00,103.1
2026-01-28T02:30+01:00,101.11
2026-01-28T02:45+01:00,100.23
2026-01-28T03:00+01:00,100.43
2026-01-28T03:15+01:00,100
2026-01-28T03:30+01:00,99.99
2026-01-28T03:45+01:00,100.4
2026-01-28T04:00+01:00,100.34
2026-01-28T04:15+01:00,101.24
2026-01-28T04:30+01:00,103.12
2026-01-28T04:45+01:00,105.22
2026-01-28T05:00+01:00,102.24
2026-01-28T05:15+01:00,104.1
2026-01-28T05:30+01:00,106.77
2026-01-28T05:45+01:00,106.9
2026-01-28T06:00+01:00,105.5
2026-01-28T06:15+01:00,110.06
2026-01-28T06:30+01:00,117.42
2026-01-28T06:45+01:00,124.76
2026-01-28T07:00+01:00,129.48
2026-01-28T07:15+01:00,143.41
2026-01-28T07:30+01:00,145.76
2026-01-28T07:45+01:00,156.19
2026-01-28T08:00+01:00,162.59
2026-01-28T08:15+01:00,169.31
2026-01-28T08:30+01:00,175.28
2026-01-28T08:45+01:00,184.07
2026-01-28T09:00+01:00,182.36
2026-01-28T09:15+01:00,179.8
2026-01-28T09:30+01:00,167.76
2026-01-28T09:45+01:00,166.55
2026-01-28T10:00+01:00,188.31
2026-01-28T10:15+01:00,174.71
2026-01-28T10:30+01:00,169.34
2026-01-28T10:45+01:00,158.2
2026-01-28T11:00+01:00,170.82
2026-01-28T11:15+01:00,163.35
2026-01-28T11:30+01:00,165.57
2026-01-28T11:45+01:00,164.99
2026-01-28T12:00+01:00,161.74
2026-01-28T12:15+01:00,158.31
2026-01-28T12:30+01:00,154.24
2026-01-28T12:45+01:00,152.97
2026-01-28T13:00+01:00,151.61
2026-01-28T13:15+01:00,155.4
2026-01-28T13:30+01:00,145.06
2026-01-28T13:45+01:00,138.09
2026-01-28T14:00+01:00,142.03
2026-01-28T14:15+01:00,140.12
2026-01-28T14:30+01:00,139.99
2026-01-28T14:45+01:00,145.38
2026-01-28T15:00+01:00,145.19
2026-01-28T15:15+01:00,137.89
2026-01-28T15:30+01:00,139.58
2026-01-28T15:45+01:00,145.34
2026-01-28T16:00+01:00,140.42
2026-01-28T16:15+01:00,143.11
2026-01-28T16:30+01:00,148.07
2026-01-28T16:45+01:00,156.77
2026-01-28T17:00+01:00,153.28
2026-01-28T17:15+01:00,172.08
2026-01-28T17:30+01:00,170.73
2026-01-28T17:45+01:00,169.95
2026-01-28T18:00+01:00,173.55
2026-01-28T18:15+01:00,171.48
2026-01-28T18:30+01:00,168.38
2026-01-28T18:45+01:00,168.22
2026-01-28T19:00+01:00,169.7
2026-01-28T19:15+01:00,166.77
2026-01-28T19:30+01:00,161.18
2026-01-28T19:45+01:00,144.81
2026-01-28T20:00+01:00,148.32
2026-01-28T20:15+01:00,137.74
2026-01-28T20:30+01:00,134.3
2026-01-28T20:45+01:00,121.48
2026-01-28T21:00+01:00,131.46
2026-01-28T21:15+01:00,120.98
2026-01-28T21:30+01:00,113.02
2026-01-28T21:45+01:00,109.89
2026-01-28T22:00+01:00,123.36
2026-01-28T22:15+01:00,115.24
2026-01-28T22:30+01:00,115
2026-01-28T22:45+01:00,107.96
2026-01-28T23:00+01:00,116.36
2026-01-28T23:15+01:00,109.2
2026-01-28T23:30+01:00,107.92
2026-01-28T23:45+01:00,104.01
2026-01-29T00:00+01:00,105.56
2026-01-29T00:15+01:00,104.58
2026-01-29T00:30+01:00,103.82
2026-01-29T00:45+01:00,101.91
2026-01-29T01:00+01:00,105.8
2026-01-29T01:15+01:00,104.03
2026-01-29T01:30+01:00,103.74
2026-01-29T01:45+01:00,102.43
2026-01-29T02:00+01:00,103.01
2026-01-29T02:15+01:00,102.6
2026-01-29T02:30+01:00,101.68
2026-01-29T02:45+01:00,100.23
2026-01-29T03:00+01:00,100.03
2026-01-29T03:15+01:00,100
2026-01-29T03:30+01:00,100.02
2026-01-29T03:45+01:00,100.09
2026-01-29T04:00+01:00,99.48
2026-01-29T04:15+01:00,100.3
2026-01-29T04:30+01:00,100.64
2026-01-29T04:45+01:00,103.87
2026-01-29T05:00+01:00,101.67
2026-01-29T05:15+01:00,103.5
2026-01-29T05:30+01:00,107.9
2026-01-29T05:45+01:00,110.18
2026-01-29T06:00+01:00,104.91
2026-01-29T06:15+01:00,111.15
2026-01-29T06:30+01:00,119.72
2026-01-29T06:45+01:00,136.22
2026-01-29T07:00+01:00,127.82
2026-01-29T07:15+01:00,145.73
2026-01-29T07:30+01:00,161.27
2026-01-29T07:45+01:00,164.21
2026-01-29T08:00+01:00,165.12
2026-01-29T08:15+01:00,166.93
2026-01-29T08:30+01:00,168.89
2026-01-29T08:45+01:00,168.87
2026-01-29T09:00+01:00,173.11
2026-01-29T09:15+01:00,167.55
2026-01-29T09:30+01:00,169.69
2026-01-29T09:45+01:00,166.29
2026-01-29T10:00+01:00,169.99
2026-01-29T10:15+01:00,165.5
2026-01-29T10:30+01:00,159.92
2026-01-29T10:45+01:00,154.53
2026-01-29T11:00+01:00,160.66
2026-01-29T11:15+01:00,155.54
2026-01-29T11:30+01:00,152.45
2026-01-29T11:45+01:00,147.71
2026-01-29T12:00+01:00,149.24
2026-01-29T12:15+01:00,145.61
2026-01-29T12:30+01:00,143.29
2026-01-29T12:45+01:00,140.75
2026-01-29T13:00+01:00,150.25
2026-01-29T13:15+01:00,142.64
2026-01-29T13:30+01:00,141.78
2026-01-29T13:45+01:00,142.5
2026-01-29T14:00+01:00,142.51
2026-01-29T14:15+01:00,143.11
2026-01-29T14:30+01:00,145.24
2026-01-29T14:45+01:00,147.63
2026-01-29T15:00+01:00,144.84
2026-01-29T15:15+01:00,147.03
2026-01-29T15:30+01:00,149.96
2026-01-29T15:45+01:00,154.78
2026-01-29T16:00+01:00,146.82
2026-01-29T16:15+01:00,152.48
2026-01-29T16:30+01:00,154.27
2026-01-29T16:45+01:00,162.07
2026-01-29T17:00+01:00,158.21
2026-01-29T17:15+01:00,160.19
2026-01-29T17:30+01:00,162.63
2026-01-29T17:45+01:00,162.19
2026-01-29T18:00+01:00,159.63
2026-01-29T18:15+01:00,158.59
2026-01-29T18:30+01:00,156.66
2026-01-29T18:45+01:00,153.35
2026-01-29T19:00+01:00,149.75
2026-01-29T19:15+01:00,144.89
2026-01-29T19:30+01:00,141.51
2026-01-29T19:45+01:00,129.21
2026-01-29T20:00+01:00,141.4
2026-01-29T20:15+01:00,125.65
2026-01-29T20:30+01:00,118.69
2026-01-29T20:45+01:00,112.98
2026-01-29T21:00+01:00,123.26
2026-01-29T21:15+01:00,116.26
2026-01-29T21:30+01:00,111.46
2026-01-29T21:45+01:00,108.59
2026-01-29T22:00+01:00,114.85
2026-01-29T22:15+01:00,110.76
2026-01-29T22:30+01:00,110.17
2026-01-29T22:45+01:00,105.23
2026-01-29T23:00+01:00,109.55
2026-01-29T23:15+01:00,101.89
2026-01-29T23:30+01:00,101.63
2026-01-29T23:45+01:00,97.44
2026-01-30T00:00+01:00,108.24
2026-01-30T00:15+01:00,109.01
2026-01-30T00:30+01:00,103.1
2026-01-30T00:45+01:00,100.95
2026-01-30T01:00+01:00,102.86
2026-01-30T01:15+01:00,102.23
2026-01-30T01:30+01:00,100.38
2026-01-30T01:45+01:00,98.67
2026-01-30T02:00+01:00,100.49
2026-01-30T02:15+01:00,99.47
2026-01-30T02:30+01:00,98.03
2026-01-30T02:45+01:00,97.41
2026-01-30T03:00+01:00,97.42
2026-01-30T03:15+01:00,96.98
2026-01-30T03:30+01:00,96.12
2026-01-30T03:45+01:00,96.54
2026-01-30T04:00+01:00,96.59
2026-01-30T04:15+01:00,95.17
2026-01-30T04:30+01:00,96.1
2026-01-30T04:45+01:00,98.74
2026-01-30T05:00+01:00,93.57
2026-01-30T05:15+01:00,93.84
2026-01-30T05:30+01:00,94.58
2026-01-30T05:45+01:00,106.59
2026-01-30T06:00+01:00,99.22
2026-01-30T06:15+01:00,107.46
2026-01-30T06:30+01:00,116.4
2026-01-30T06:45+01:00,119.58
2026-01-30T07:00+01:00,117.87
2026-01-30T07:15+01:00,128.17
2026-01-30T07:30+01:00,133.05
2026-01-30T07:45+01:00,140.36
2026-01-30T08:00+01:00,139.88
2026-01-30T08:15+01:00,147.88
2026-01-30T08:30+01:00,143.45
2026-01-30T08:45+01:00,133.94
2026-01-30T09:00+01:00,165.68
2026-01-30T09:15+01:00,152.43
2026-01-30T09:30+01:00,151.15
2026-01-30T09:45+01:00,148.93
2026-01-30T10:00+01:00,143.62
2026-01-30T10:15+01:00,139.69
2026-01-30T10:30+01:00,130.37
2026-01-30T10:45+01:00,125.42
2026-01-30T11:00+01:00,133.16
2026-01-30T11:15+01:00,125.99
2026-01-30T11:30+01:00,125.75
2026-01-30T11:45+01:00,121.21
2026-01-30T12:00+01:00,126.67
2026-01-30T12:15+01:00,119.61
2026-01-30T12:30+01:00,117.27
2026-01-30T12:45+01:00,114.69
2026-01-30T13:00+01:00,115.74
2026-01-30T13:15+01:00,112.58
2026-01-30T13:30+01:00,109.89
2026-01-30T13:45+01:00,109.9
2026-01-30T14:00+01:00,110.15
2026-01-30T14:15+01:00,109.58
2026-01-30T14:30+01:00,110.82
2026-01-30T14:45+01:00,110.73
2026-01-30T15:00+01:00,107.67
2026-01-30T15:15+01:00,108.63
2026-01-30T15:30+01:00,110
2026-01-30T15:45+01:00,114.37
2026-01-30T16:00+01:00,110.4
2026-01-30T16:15+01:00,112.19
2026-01-30T16:30+01:00,116.74
2026-01-30T16:45+01:00,118.72
2026-01-30T17:00+01:00,117.8
2026-01-30T17:15+01:00,123.11
2026-01-30T17:30+01:00,128.21
2026-01-30T17:45+01:00,125.78
2026-01-30T18:00+01:00,128.2
2026-01-30T18:15+01:00,121.72
2026-01-30T18:30+01:00,122.46
2026-01-30T18:45+01:00,116.3
2026-01-30T19:00+01:00,115.05
2026-01-30T19:15+01:00,110.33
2026-01-30T19:30+01:00,110.23
2026-01-30T19:45+01:00,106.47
2026-01-30T20:00+01:00,110.59
2026-01-30T20:15+01:00,105.04
2026-01-30T20:30+01:00,101.22
2026-01-30T20:45+01:00,99.74
2026-01-30T21:00+01:00,103.94
2026-01-30T21:15+01:00,99.98
2026-01-30T21:30+01:00,95.86
2026-01-30T21:45+01:00,91.98
2026-01-30T22:00+01:00,101.02
2026-01-30T22:15+01:00,97.01
2026-01-30T22:30+01:00,93.32
2026-01-30T22:45+01:00,91.31
2026-01-30T23:00+01:00,91.81
2026-01-30T23:15+01:00,89.44
2026-01-30T23:30+01:00,83.54
2026-01-30T23:45+01:00,70.13
2026-01-31T00:00+01:00,88.77
2026-01-31T00:15+01:00,91.14
2026-01-31T00:30+01:00,78.31
2026-01-31T00:45+01:00,76.7
2026-01-31T01:00+01:00,80.03
2026-01-31T01:15+01:00,79.94
2026-01-31T01:30+01:00,80.03
2026-01-31T01:45+01:00,74.65
2026-01-31T02:00+01:00,72.36
2026-01-31T02:15+01:00,72
2026-01-31T02:30+01:00,73.16
2026-01-31T02:45+01:00,72.22
2026-01-31T03:00+01:00,73.54
2026-01-31T03:15+01:00,71.64
2026-01-31T03:30+01:00,70.99
2026-01-31T03:45+01:00,70
2026-01-31T04:00+01:00,70.75
2026-01-31T04:15+01:00,70.5
2026-01-31T04:30+01:00,69.99
2026-01-31T04:45+01:00,68.41
2026-01-31T05:00+01:00,70.27
2026-01-31T05:15+01:00,70.97
2026-01-31T05:30+01:00,70.27
2026-01-31T05:45+01:00,70.3
2026-01-31T06:00+01:00,66.04
2026-01-31T06:15+01:00,69.99
2026-01-31T06:30+01:00,71.09
2026-01-31T06:45+01:00,71.71
2026-01-31T07:00+01:00,69.47
2026-01-31T07:15+01:00,71.3
2026-01-31T07:30+01:00,71.7
2026-01-31T07:45+01:00,75.34
2026-01-31T08:00+01:00,72.25
2026-01-31T08:15+01:00,83.93
2026-01-31T08:30+01:00,96.34
2026-01-31T08:45+01:00,97.13
2026-01-31T09:00+01:00,98.39
2026-01-31T09:15+01:00,99.25
2026-01-31T09:30+01:00,106.44
2026-01-31T09:45+01:00,106
2026-01-31T10:00+01:00,107.75
2026-01-31T10:15+01:00,103.45
2026-01-31T10:30+01:00,105.51
2026-01-31T10:45+01:00,100.41
2026-01-31T11:00+01:00,102.24
2026-01-31T11:15+01:00,100.47
2026-01-31T11:30+01:00,101.22
2026-01-31T11:45+01:00,99.99
2026-01-31T12:00+01:00,99.51
2026-01-31T12:15+01:00,93.38
2026-01-31T12:30+01:00,99.99
2026-01-31T12:45+01:00,99.79
2026-01-31T13:00+01:00,101.46
2026-01-31T13:15+01:00,98.91
2026-01-31T13:30+01:00,97.37
2026-01-31T13:45+01:00,97.79
2026-01-31T14:00+01:00,85.27
2026-01-31T14:15+01:00,95.08
2026-01-31T14:30+01:00,100.17
2026-01-31T14:45+01:00,103.58
2026-01-31T15:00+01:00,99.74
2026-01-31T15:15+01:00,105
2026-01-31T15:30+01:00,110.11
2026-01-31T15:45+01:00,114.1
2026-01-31T16:00+01:00,101
2026-01-31T16:15+01:00,114.99
2026-01-31T16:30+01:00,118.37
2026-01-31T16:45+01:00,117.73
2026-01-31T17:00+01:00,118.64
2026-01-31T17:15+01:00,115.9
2026-01-31T17:30+01:00,114.55
2026-01-31T17:45+01:00,107.91
2026-01-31T18:00+01:00,111.76
2026-01-31T18:15+01:00,108.98
2026-01-31T18:30+01:00,104.03
2026-01-31T18:45+01:00,99.75
2026-01-31T19:00+01:00,110.22
2026-01-31T19:15+01:00,103.67
2026-01-31T19:30+01:00,99.46
2026-01-31T19:45+01:00,94.69
2026-01-31T20:00+01:00,102.24
2026-01-31T20:15+01:00,97.78
2026-01-31T20:30+01:00,95.11
2026-01-31T20:45+01:00,88.72
2026-01-31T21:00+01:00,94.25
2026-01-31T21:15+01:00,94.99
2026-01-31T21:30+01:00,88.46
2026-01-31T21:45+01:00,84.55
2026-01-31T22:00+01:00,89.84
2026-01-31T22:15+01:00,86.7
2026-01-31T22:30+01:00,81.78
2026-01-31T22:45+01:00,78.01
2026-01-31T23:00+01:00,80
2026-01-31T23:15+01:00,76.89
2026-01-31T23:30+01:00,80
2026-01-31T23:45+01:00,73.96
2026-02-01T00:00+01:00,60.23
2026-02-01T00:15+01:00,59.83
2026-02-01T00:30+01:00,59.73
2026-02-01T00:45+01:00,59.38
2026-02-01T01:00+01:00,60
2026-02-01T01:15+01:00,59.9
2026-02-01T01:30+01:00,59.78
2026-02-01T01:45+01:00,59.38
2026-02-01T02:00+01:00,60.65
2026-02-01T02:15+01:00,60.21
2026-02-01T02:30+01:00,60.44
2026-02-01T02:45+01:00,59.66
2026-02-01T03:00+01:00,59.62
2026-02-01T03:15+01:00,59.61
2026-02-01T03:30+01:00,59.68
2026-02-01T03:45+01:00,61.14
2026-02-01T04:00+01:00,61.87
2026-02-01T04:15+01:00,62.12
2026-02-01T04:30+01:00,64.21
2026-02-01T04:45+01:00,65.75
2026-02-01T05:00+01:00,64.82
2026-02-01T05:15+01:00,66.37
2026-02-01T05:30+01:00,70.54
2026-02-01T05:45+01:00,73.12
2026-02-01T06:00+01:00,65.32
2026-02-01T06:15+01:00,70.03
2026-02-01T06:30+01:00,73.68
2026-02-01T06:45+01:00,75
2026-02-01T07:00+01:00,69.63
2026-02-01T07:15+01:00,71.23
2026-02-01T07:30+01:00,81.78
2026-02-01T07:45+01:00,87.9
2026-02-01T08:00+01:00,83.51
2026-02-01T08:15+01:00,86.26
2026-02-01T08:30+01:00,88.56
2026-02-01T08:45+01:00,92.7
2026-02-01T09:00+01:00,80.47
2026-02-01T09:15+01:00,81.71
2026-02-01T09:30+01:00,85.4
2026-02-01T09:45+01:00,95.86
2026-02-01T10:00+01:00,86.97
2026-02-01T10:15+01:00,97.55
2026-02-01T10:30+01:00,99.88
2026-02-01T10:45+01:00,102.68
2026-02-01T11:00+01:00,74.29
2026-02-01T11:15+01:00,91.33
2026-02-01T11:30+01:00,97.58
2026-02-01T11:45+01:00,101.04
2026-02-01T12:00+01:00,87.8
2026-02-01T12:15+01:00,93.04
2026-02-01T12:30+01:00,96.7
2026-02-01T12:45+01:00,94.75
2026-02-01T13:00+01:00,98.18
2026-02-01T13:15+01:00,95.88
2026-02-01T13:30+01:00,95.47
2026-02-01T13:45+01:00,95.66
2026-02-01T14:00+01:00,97.99
2026-02-01T14:15+01:00,98.43
2026-02-01T14:30+01:00,99.57
2026-02-01T14:45+01:00,100.88
2026-02-01T15:00+01:00,99.91
2026-02-01T15:15+01:00,104.77
2026-02-01T15:30+01:00,107.84
2026-02-01T15:45+01:00,109.91
2026-02-01T16:00+01:00,104.99
2026-02-01T16:15+01:00,108.94
2026-02-01T16:30+01:00,113.1
2026-02-01T16:45+01:00,120.69
2026-02-01T17:00+01:00,119.87
2026-02-01T17:15+01:00,117.21
2026-02-01T17:30+01:00,112.99
2026-02-01T17:45+01:00,110.56
2026-02-01T18:00+01:00,116.24
2026-02-01T18:15+01:00,115.97
2026-02-01T18:30+01:00,116.7
2026-02-01T18:45+01:00,112.99
2026-02-01T19:00+01:00,116.97
2026-02-01T19:15+01:00,112.69
2026-02-01T19:30+01:00,106.95
2026-02-01T19:45+01:00,101.04
2026-02-01T20:00+01:00,109.28
2026-02-01T20:15+01:00,105.71
2026-02-01T20:30+01:00,101.3
2026-02-01T20:45+01:00,97.19
2026-02-01T21:00+01:00,109.83
2026-02-01T21:15+01:00,110.8
2026-02-01T21:30+01:00,105.43
2026-02-01T21:45+01:00,98.31
2026-02-01T22:00+01:00,108.37
2026-02-01T22:15+01:00,102.23
2026-02-01T22:30+01:00,98.81
2026-02-01T22:45+01:00,93.34
2026-02-01T23:00+01:00,100.89
2026-02-01T23:15+01:00,94.66
2026-02-01T23:30+01:00,91.25
2026-02-01T23:45+01:00,87.21
2026-02-02T00:00+01:00,85.46
2026-02-02T00:15+01:00,88.45
2026-02-02T00:30+01:00,87.97
2026-02-02T00:45+01:00,83.57
2026-02-02T01:00+01:00,77.93
2026-02-02T01:15+01:00,76.57
2026-02-02T01:30+01:00,87.29
2026-02-02T01:45+01:00,86.34
2026-02-02T02:00+01:00,70.05
2026-02-02T02:15+01:00,81.73
2026-02-02T02:30+01:00,82.91
2026-02-02T02:45+01:00,82.69
2026-02-02T03:00+01:00,79.98
2026-02-02T03:15+01:00,81.87
2026-02-02T03:30+01:00,82.67
2026-02-02T03:45+01:00,82.48
2026-02-02T04:00+01:00,86.71
2026-02-02T04:15+01:00,87.53
2026-02-02T04:30+01:00,88.21
2026-02-02T04:45+01:00,88.55
2026-02-02T05:00+01:00,90.63
2026-02-02T05:15+01:00,86.88
2026-02-02T05:30+01:00,92.24
2026-02-02T05:45+01:00,94.26
2026-02-02T06:00+01:00,89.82
2026-02-02T06:15+01:00,102.48
2026-02-02T06:30+01:00,112.99
2026-02-02T06:45+01:00,121.24
2026-02-02T07:00+01:00,113
2026-02-02T07:15+01:00,118.62
2026-02-02T07:30+01:00,133.81
2026-02-02T07:45+01:00,134.25
2026-02-02T08:00+01:00,140
2026-02-02T08:15+01:00,148.69
2026-02-02T08:30+01:00,148.73
2026-02-02T08:45+01:00,145.99
2026-02-02T09:00+01:00,158.47
2026-02-02T09:15+01:00,146.16
2026-02-02T09:30+01:00,139.17
2026-02-02T09:45+01:00,131.07
2026-02-02T10:00+01:00,132.33
2026-02-02T10:15+01:00,129.11
2026-02-02T10:30+01:00,122.14
2026-02-02T10:45+01:00,113.16
2026-02-02T11:00+01:00,123.35
2026-02-02T11:15+01:00,116.54
2026-02-02T11:30+01:00,111.32
2026-02-02T11:45+01:00,108.91
2026-02-02T12:00+01:00,112.26
2026-02-02T12:15+01:00,109.25
2026-02-02T12:30+01:00,110.95
2026-02-02T12:45+01:00,109.32
2026-02-02T13:00+01:00,107.27
2026-02-02T13:15+01:00,106.26
2026-02-02T13:30+01:00,105.54
2026-02-02T13:45+01:00,105.36
2026-02-02T14:00+01:00,103.52
2026-02-02T14:15+01:00,104.08
2026-02-02T14:30+01:00,105.64
2026-02-02T14:45+01:00,106.95
2026-02-02T15:00+01:00,103.5
2026-02-02T15:15+01:00,105.7
2026-02-02T15:30+01:00,107.04
2026-02-02T15:45+01:00,110.25
2026-02-02T16:00+01:00,106.16
2026-02-02T16:15+01:00,109.61
2026-02-02T16:30+01:00,114.85
2026-02-02T16:45+01:00,118.29
2026-02-02T17:00+01:00,113.92
2026-02-02T17:15+01:00,120.6
2026-02-02T17:30+01:00,128.97
2026-02-02T17:45+01:00,124.59
2026-02-02T18:00+01:00,126.64
2026-02-02T18:15+01:00,120.71
2026-02-02T18:30+01:00,121.9
2026-02-02T18:45+01:00,118.92
2026-02-02T19:00+01:00,108.11
2026-02-02T19:15+01:00,107.54
2026-02-02T19:30+01:00,107.54
2026-02-02T19:45+01:00,104.42
2026-02-02T20:00+01:00,108.58
2026-02-02T20:15+01:00,105.75
2026-02-02T20:30+01:00,103.07
2026-02-02T20:45+01:00,101.87
2026-02-02T21:00+01:00,105.71
2026-02-02T21:15+01:00,103.25
2026-02-02T21:30+01:00,101.23
2026-02-02T21:45+01:00,98.71
2026-02-02T22:00+01:00,102.93
2026-02-02T22:15+01:00,100.71
2026-02-02T22:30+01:00,100.13
2026-02-02T22:45+01:00,98.37
2026-02-02T23:00+01:00,99.87
2026-02-02T23:15+01:00,93.59
2026-02-02T23:30+01:00,92.17
2026-02-02T23:45+01:00,87.09
2026-02-03T00:00+01:00,100.09
2026-02-03T00:15+01:00,98.95
2026-02-03T00:30+01:00,97.51
2026-02-03T00:45+01:00,96.19
2026-02-03T01:00+01:00,97.12
2026-02-03T01:15+01:00,95.87
2026-02-03T01:30+01:00,96.18
2026-02-03T01:45+01:00,95.68
2026-02-03T02:00+01:00,96.08
2026-02-03T02:15+01:00,94.69
2026-02-03T02:30+01:00,93.52
2026-02-03T02:45+01:00,92.27
2026-02-03T03:00+01:00,94.07
2026-02-03T03:15+01:00,93.12
2026-02-03T03:30+01:00,92.79
2026-02-03T03:45+01:00,92.03
2026-02-03T04:00+01:00,91.72
2026-02-03T04:15+01:00,91.5
2026-02-03T04:30+01:00,92.99
2026-02-03T04:45+01:00,93.03
2026-02-03T05:00+01:00,92.18
2026-02-03T05:15+01:00,94.02
2026-02-03T05:30+01:00,98.87
2026-02-03T05:45+01:00,105.35
2026-02-03T06:00+01:00,103.39
2026-02-03T06:15+01:00,109.61
2026-02-03T06:30+01:00,115.03
2026-02-03T06:45+01:00,120.3
2026-02-03T07:00+01:00,122.2
2026-02-03T07:15+01:00,129
2026-02-03T07:30+01:00,134.06
2026-02-03T07:45+01:00,138.09
2026-02-03T08:00+01:00,199.95
2026-02-03T08:15+01:00,199.99
2026-02-03T08:30+01:00,193.19
2026-02-03T08:45+01:00,188.06
2026-02-03T09:00+01:00,162.57
2026-02-03T09:15+01:00,149.89
2026-02-03T09:30+01:00,142.03
2026-02-03T09:45+01:00,136.74
2026-02-03T10:00+01:00,128.52
2026-02-03T10:15+01:00,124.39
2026-02-03T10:30+01:00,121.07
2026-02-03T10:45+01:00,114.56
2026-02-03T11:00+01:00,120.97
2026-02-03T11:15+01:00,114.58
2026-02-03T11:30+01:00,112.66
2026-02-03T11:45+01:00,107.53
2026-02-03T12:00+01:00,114.11
2026-02-03T12:15+01:00,112.99
2026-02-03T12:30+01:00,111.08
2026-02-03T12:45+01:00,109.58
2026-02-03T13:00+01:00,109.85
2026-02-03T13:15+01:00,112.13
2026-02-03T13:30+01:00,112.99
2026-02-03T13:45+01:00,113
2026-02-03T14:00+01:00,109.21
2026-02-03T14:15+01:00,111.66
2026-02-03T14:30+01:00,112.56
2026-02-03T14:45+01:00,115.05
2026-02-03T15:00+01:00,109.45
2026-02-03T15:15+01:00,111.29
2026-02-03T15:30+01:00,113.98
2026-02-03T15:45+01:00,115.89
2026-02-03T16:00+01:00,115.71
2026-02-03T16:15+01:00,116.43
2026-02-03T16:30+01:00,119.84
2026-02-03T16:45+01:00,120.34
2026-02-03T17:00+01:00,138.65
2026-02-03T17:15+01:00,138.67
2026-02-03T17:30+01:00,142.91
2026-02-03T17:45+01:00,143.09
2026-02-03T18:00+01:00,138.06
2026-02-03T18:15+01:00,135.6
2026-02-03T18:30+01:00,134.86
2026-02-03T18:45+01:00,135.09
2026-02-03T19:00+01:00,131.62
2026-02-03T19:15+01:00,130.88
2026-02-03T19:30+01:00,129.54
2026-02-03T19:45+01:00,122.91
2026-02-03T20:00+01:00,115.76
2026-02-03T20:15+01:00,113.49
2026-02-03T20:30+01:00,110.79
2026-02-03T20:45+01:00,108.66
2026-02-03T21:00+01:00,108.7
2026-02-03T21:15+01:00,107.36
2026-02-03T21:30+01:00,104.87
2026-02-03T21:45+01:00,101.1
2026-02-03T22:00+01:00,105.07
2026-02-03T22:15+01:00,101.63
2026-02-03T22:30+01:00,101.24
2026-02-03T22:45+01:00,97.5
2026-02-03T23:00+01:00,99.67
2026-02-03T23:15+01:00,98.38
2026-02-03T23:30+01:00,96.25
2026-02-03T23:45+01:00,88.98
2026-02-04T00:00+01:00,96.97
2026-02-04T00:15+01:00,93.14
2026-02-04T00:30+01:00,94.42
2026-02-04T00:45+01:00,94.39
2026-02-04T01:00+01:00,94.56
2026-02-04T01:15+01:00,92.75
2026-02-04T01:30+01:00,92.6
2026-02-04T01:45+01:00,91.85
2026-02-04T02:00+01:00,92.58
2026-02-04T02:15+01:00,91.61
2026-02-04T02:30+01:00,92.72
2026-02-04T02:45+01:00,94.42
2026-02-04T03:00+01:00,94.56
2026-02-04T03:15+01:00,93.57
2026-02-04T03:30+01:00,95.52
2026-02-04T03:45+01:00,94.8
2026-02-04T04:00+01:00,92.66
2026-02-04T04:15+01:00,92.49
2026-02-04T04:30+01:00,94.75
2026-02-04T04:45+01:00,95.96
2026-02-04T05:00+01:00,92.94
2026-02-04T05:15+01:00,95
2026-02-04T05:30+01:00,96.95
2026-02-04T05:45+01:00,100.61
2026-02-04T06:00+01:00,99.32
2026-02-04T06:15+01:00,102.53
2026-02-04T06:30+01:00,107.95
2026-02-04T06:45+01:00,111.89
2026-02-04T07:00+01:00,117.22
2026-02-04T07:15+01:00,123.33
2026-02-04T07:30+01:00,128.71
2026-02-04T07:45+01:00,132.79
2026-02-04T08:00+01:00,135.4
2026-02-04T08:15+01:00,139.06
2026-02-04T08:30+01:00,132.29
2026-02-04T08:45+01:00,124.91
2026-02-04T09:00+01:00,132.69
2026-02-04T09:15+01:00,120.76
2026-02-04T09:30+01:00,117.34
2026-02-04T09:45+01:00,113.56
2026-02-04T10:00+01:00,119.15
2026-02-04T10:15+01:00,114.27
2026-02-04T10:30+01:00,107.91
2026-02-04T10:45+01:00,106.46
2026-02-04T11:00+01:00,110.13
2026-02-04T11:15+01:00,109.94
2026-02-04T11:30+01:00,109.34
2026-02-04T11:45+01:00,107.86
2026-02-04T12:00+01:00,102.2
2026-02-04T12:15+01:00,100.73
2026-02-04T12:30+01:00,99.65
2026-02-04T12:45+01:00,99.52
2026-02-04T13:00+01:00,99.59
2026-02-04T13:15+01:00,99.17
2026-02-04T13:30+01:00,99.09
2026-02-04T13:45+01:00,100.62
2026-02-04T14:00+01:00,99.91
2026-02-04T14:15+01:00,100.32
2026-02-04T14:30+01:00,101.28
2026-02-04T14:45+01:00,103.06
2026-02-04T15:00+01:00,99.88
2026-02-04T15:15+01:00,103.06
2026-02-04T15:30+01:00,105.53
2026-02-04T15:45+01:00,107.77
2026-02-04T16:00+01:00,105.61
2026-02-04T16:15+01:00,109.75
2026-02-04T16:30+01:00,117.69
2026-02-04T16:45+01:00,125.94
2026-02-04T17:00+01:00,122.88
2026-02-04T17:15+01:00,127.71
2026-02-04T17:30+01:00,133.25
2026-02-04T17:45+01:00,133.04
2026-02-04T18:00+01:00,129.57
2026-02-04T18:15+01:00,125.09
2026-02-04T18:30+01:00,119.99
2026-02-04T18:45+01:00,117.05
2026-02-04T19:00+01:00,118.56
2026-02-04T19:15+01:00,105.13
2026-02-04T19:30+01:00,100.21
2026-02-04T19:45+01:00,97.69
2026-02-04T20:00+01:00,100.66
2026-02-04T20:15+01:00,96.54
2026-02-04T20:30+01:00,94.75
2026-02-04T20:45+01:00,92.86
2026-02-04T21:00+01:00,98.68
2026-02-04T21:15+01:00,94.56
2026-02-04T21:30+01:00,92.12
2026-02-04T21:45+01:00,91.86
2026-02-04T22:00+01:00,97.01
2026-02-04T22:15+01:00,94.15
2026-02-04T22:30+01:00,92.85
2026-02-04T22:45+01:00,85.54
2026-02-04T23:00+01:00,92.29
2026-02-04T23:15+01:00,87.07
2026-02-04T23:30+01:00,83.25
2026-02-04T23:45+01:00,77.34
2026-02-05T00:00+01:00,93.49
2026-02-05T00:15+01:00,91.05
2026-02-05T00:30+01:00,89.98
2026-02-05T00:45+01:00,89.77
2026-02-05T01:00+01:00,90.53
2026-02-05T01:15+01:00,89.72
2026-02-05T01:30+01:00,89.54
2026-02-05T01:45+01:00,85.85
2026-02-05T02:00+01:00,86.95
2026-02-05T02:15+01:00,86.57
2026-02-05T02:30+01:00,87.85
2026-02-05T02:45+01:00,86.68
2026-02-05T03:00+01:00,85.99
2026-02-05T03:15+01:00,87.64
2026-02-05T03:30+01:00,87.65
2026-02-05T03:45+01:00,87.67
2026-02-05T04:00+01:00,86.74
2026-02-05T04:15+01:00,88.31
2026-02-05T04:30+01:00,89.51
2026-02-05T04:45+01:00,91.15
2026-02-05T05:00+01:00,87.53
2026-02-05T05:15+01:00,89.1
2026-02-05T05:30+01:00,92.53
2026-02-05T05:45+01:00,96.92
2026-02-05T06:00+01:00,89.9
2026-02-05T06:15+01:00,101.99
2026-02-05T06:30+01:00,105.83
2026-02-05T06:45+01:00,108.24
2026-02-05T07:00+01:00,104.03
2026-02-05T07:15+01:00,112.94
2026-02-05T07:30+01:00,121.59
2026-02-05T07:45+01:00,124.52
2026-02-05T08:00+01:00,125.77
2026-02-05T08:15+01:00,128.55
2026-02-05T08:30+01:00,130.9
2026-02-05T08:45+01:00,139.95
2026-02-05T09:00+01:00,128.83
2026-02-05T09:15+01:00,126.49
2026-02-05T09:30+01:00,125.47
2026-02-05T09:45+01:00,128.12
2026-02-05T10:00+01:00,130.61
2026-02-05T10:15+01:00,125
2026-02-05T10:30+01:00,126
2026-02-05T10:45+01:00,122.01
2026-02-05T11:00+01:00,131.91
2026-02-05T11:15+01:00,125.14
2026-02-05T11:30+01:00,123.84
2026-02-05T11:45+01:00,119.99
2026-02-05T12:00+01:00,124.43
2026-02-05T12:15+01:00,121.09
2026-02-05T12:30+01:00,117.96
2026-02-05T12:45+01:00,117.06
2026-02-05T13:00+01:00,116.72
2026-02-05T13:15+01:00,115.68
2026-02-05T13:30+01:00,115.44
2026-02-05T13:45+01:00,115
2026-02-05T14:00+01:00,114.23
2026-02-05T14:15+01:00,113.38
2026-02-05T14:30+01:00,113.89
2026-02-05T14:45+01:00,117.52
2026-02-05T15:00+01:00,110.96
2026-02-05T15:15+01:00,113.9
2026-02-05T15:30+01:00,120.89
2026-02-05T15:45+01:00,129.79
2026-02-05T16:00+01:00,119.56
2026-02-05T16:15+01:00,125.58
2026-02-05T16:30+01:00,132.18
2026-02-05T16:45+01:00,130.87
2026-02-05T17:00+01:00,131.12
2026-02-05T17:15+01:00,136
2026-02-05T17:30+01:00,148.64
2026-02-05T17:45+01:00,151.92
2026-02-05T18:00+01:00,141.07
2026-02-05T18:15+01:00,136.13
2026-02-05T18:30+01:00,138.85
2026-02-05T18:45+01:00,134.44
2026-02-05T19:00+01:00,139.68
2026-02-05T19:15+01:00,133.93
2026-02-05T19:30+01:00,130.7
2026-02-05T19:45+01:00,126.51
2026-02-05T20:00+01:00,131.17
2026-02-05T20:15+01:00,123.65
2026-02-05T20:30+01:00,117.27
2026-02-05T20:45+01:00,110.71
2026-02-05T21:00+01:00,113.42
2026-02-05T21:15+01:00,109.11
2026-02-05T21:30+01:00,107.06
2026-02-05T21:45+01:00,104.09
2026-02-05T22:00+01:00,108.31
2026-02-05T22:15+01:00,106.55
2026-02-05T22:30+01:00,104.26
2026-02-05T22:45+01:00,102.56
2026-02-05T23:00+01:00,106.06
2026-02-05T23:15+01:00,101.41
2026-02-05T23:30+01:00,98.22
2026-02-05T23:45+01:00,93.58
2026-02-06T00:00+01:00,100.52
2026-02-06T00:15+01:00,98.98
2026-02-06T00:30+01:00,98.93
2026-02-06T00:45+01:00,99.33
2026-02-06T01:00+01:00,101.6
2026-02-06T01:15+01:00,99.64
2026-02-06T01:30+01:00,98.43
2026-02-06T01:45+01:00,97.67
2026-02-06T02:00+01:00,99.02
2026-02-06T02:15+01:00,97.93
2026-02-06T02:30+01:00,97.32
2026-02-06T02:45+01:00,98.5
2026-02-06T03:00+01:00,96.99
2026-02-06T03:15+01:00,99.09
2026-02-06T03:30+01:00,98.71
2026-02-06T03:45+01:00,99.33
2026-02-06T04:00+01:00,96.16
2026-02-06T04:15+01:00,97.95
2026-02-06T04:30+01:00,98.76
2026-02-06T04:45+01:00,101.05
2026-02-06T05:00+01:00,98.81
2026-02-06T05:15+01:00,101.19
2026-02-06T05:30+01:00,103.73
2026-02-06T05:45+01:00,109.18
2026-02-06T06:00+01:00,101.18
2026-02-06T06:15+01:00,103.95
2026-02-06T06:30+01:00,108.8
2026-02-06T06:45+01:00,116.43
2026-02-06T07:00+01:00,115.65
2026-02-06T07:15+01:00,124.92
2026-02-06T07:30+01:00,137.71
2026-02-06T07:45+01:00,142.62
2026-02-06T08:00+01:00,136.45
2026-02-06T08:15+01:00,143.48
2026-02-06T08:30+01:00,146.05
2026-02-06T08:45+01:00,147.16
2026-02-06T09:00+01:00,148.08
2026-02-06T09:15+01:00,147.94
2026-02-06T09:30+01:00,141.66
2026-02-06T09:45+01:00,138.93
2026-02-06T10:00+01:00,148.02
2026-02-06T10:15+01:00,143.55
2026-02-06T10:30+01:00,140
2026-02-06T10:45+01:00,136.65
2026-02-06T11:00+01:00,143.61
2026-02-06T11:15+01:00,141.15
2026-02-06T11:30+01:00,137.73
2026-02-06T11:45+01:00,132.29
2026-02-06T12:00+01:00,135.43
2026-02-06T12:15+01:00,132.06
2026-02-06T12:30+01:00,133.37
2026-02-06T12:45+01:00,128.38
2026-02-06T13:00+01:00,134.43
2026-02-06T13:15+01:00,131.65
2026-02-06T13:30+01:00,127.95
2026-02-06T13:45+01:00,122.57
2026-02-06T14:00+01:00,118
2026-02-06T14:15+01:00,117.01
2026-02-06T14:30+01:00,121.19
2026-02-06T14:45+01:00,125.79
2026-02-06T15:00+01:00,115.36
2026-02-06T15:15+01:00,120.12
2026-02-06T15:30+01:00,124.74
2026-02-06T15:45+01:00,126.48
2026-02-06T16:00+01:00,117.99
2026-02-06T16:15+01:00,121.45
2026-02-06T16:30+01:00,123.33
2026-02-06T16:45+01:00,125.06
2026-02-06T17:00+01:00,120.7
2026-02-06T17:15+01:00,127.5
2026-02-06T17:30+01:00,131.36
2026-02-06T17:45+01:00,136.4
2026-02-06T18:00+01:00,132.49
2026-02-06T18:15+01:00,130.2
2026-02-06T18:30+01:00,122.22
2026-02-06T18:45+01:00,121.08
2026-02-06T19:00+01:00,124.33
2026-02-06T19:15+01:00,117.77
2026-02-06T19:30+01:00,116.68
2026-02-06T19:45+01:00,111.23
2026-02-06T20:00+01:00,113.63
2026-02-06T20:15+01:00,107.75
2026-02-06T20:30+01:00,104.85
2026-02-06T20:45+01:00,104.01
2026-02-06T21:00+01:00,108.43
2026-02-06T21:15+01:00,106.19
2026-02-06T21:30+01:00,103.88
2026-02-06T21:45+01:00,102.04
2026-02-06T22:00+01:00,104.59
2026-02-06T22:15+01:00,103.36
2026-02-06T22:30+01:00,102.42
2026-02-06T22:45+01:00,101.63
2026-02-06T23:00+01:00,102.36
2026-02-06T23:15+01:00,101
2026-02-06T23:30+01:00,100.07
2026-02-06T23:45+01:00,96.6
2026-02-07T00:00+01:00,103.62
2026-02-07T00:15+01:00,101.96
2026-02-07T00:30+01:00,100.52
2026-02-07T00:45+01:00,99.83
2026-02-07T01:00+01:00,100.25
2026-02-07T01:15+01:00,98.77
2026-02-07T01:30+01:00,100.7
2026-02-07T01:45+01:00,100.27
2026-02-07T02:00+01:00,100.17
2026-02-07T02:15+01:00,99.41
2026-02-07T02:30+01:00,96.89
2026-02-07T02:45+01:00,95.72
2026-02-07T03:00+01:00,98.25
2026-02-07T03:15+01:00,96.5
2026-02-07T03:30+01:00,97.31
2026-02-07T03:45+01:00,95.45
2026-02-07T04:00+01:00,95.85
2026-02-07T04:15+01:00,96.57
2026-02-07T04:30+01:00,96.79
2026-02-07T04:45+01:00,96.34
2026-02-07T05:00+01:00,94.56
2026-02-07T05:15+01:00,96.34
2026-02-07T05:30+01:00,96.74
2026-02-07T05:45+01:00,98.01
2026-02-07T06:00+01:00,90.99
2026-02-07T06:15+01:00,95.96
2026-02-07T06:30+01:00,98.97
2026-02-07T06:45+01:00,100.89
2026-02-07T07:00+01:00,100.27
2026-02-07T07:15+01:00,102.38
2026-02-07T07:30+01:00,104.03
2026-02-07T07:45+01:00,105.41
2026-02-07T08:00+01:00,104.78
2026-02-07T08:15+01:00,107.59
2026-02-07T08:30+01:00,109.42
2026-02-07T08:45+01:00,109.46
2026-02-07T09:00+01:00,114.96
2026-02-07T09:15+01:00,110
2026-02-07T09:30+01:00,112.4
2026-02-07T09:45+01:00,109.42
2026-02-07T10:00+01:00,113.07
2026-02-07T10:15+01:00,109.36
2026-02-07T10:30+01:00,107.77
2026-02-07T10:45+01:00,106.06
2026-02-07T11:00+01:00,106.88
2026-02-07T11:15+01:00,105.82
2026-02-07T11:30+01:00,103.75
2026-02-07T11:45+01:00,101.64
2026-02-07T12:00+01:00,103.68
2026-02-07T12:15+01:00,101.14
2026-02-07T12:30+01:00,100.51
2026-02-07T12:45+01:00,100
2026-02-07T13:00+01:00,100.4
2026-02-07T13:15+01:00,99.72
2026-02-07T13:30+01:00,99.21
2026-02-07T13:45+01:00,99.99
2026-02-07T14:00+01:00,99.3
2026-02-07T14:15+01:00,100.36
2026-02-07T14:30+01:00,101.75
2026-02-07T14:45+01:00,104.41
2026-02-07T15:00+01:00,101.59
2026-02-07T15:15+01:00,103.73
2026-02-07T15:30+01:00,108.97
2026-02-07T15:45+01:00,111.76
2026-02-07T16:00+01:00,108.22
2026-02-07T16:15+01:00,114.24
2026-02-07T16:30+01:00,121.11
2026-02-07T16:45+01:00,128.97
2026-02-07T17:00+01:00,119.21
2026-02-07T17:15+01:00,123.65
2026-02-07T17:30+01:00,129.7
2026-02-07T17:45+01:00,134.98
2026-02-07T18:00+01:00,134.74
2026-02-07T18:15+01:00,133.09
2026-02-07T18:30+01:00,130.99
2026-02-07T18:45+01:00,128.81
2026-02-07T19:00+01:00,127.52
2026-02-07T19:15+01:00,128.18
2026-02-07T19:30+01:00,122.56
2026-02-07T19:45+01:00,115.48
2026-02-07T20:00+01:00,120.03
2026-02-07T20:15+01:00,110.49
2026-02-07T20:30+01:00,108.21
2026-02-07T20:45+01:00,104.79
2026-02-07T21:00+01:00,106.95
2026-02-07T21:15+01:00,105.34
2026-02-07T21:30+01:00,102.93
2026-02-07T21:45+01:00,101.42
2026-02-07T22:00+01:00,105.01
2026-02-07T22:15+01:00,103.87
2026-02-07T22:30+01:00,102.92
2026-02-07T22:45+01:00,99.64
2026-02-07T23:00+01:00,103.41
2026-02-07T23:15+01:00,100.4
2026-02-07T23:30+01:00,95.37
2026-02-07T23:45+01:00,90.4
2026-02-08T00:00+01:00,107.92
2026-02-08T00:15+01:00,102.78
2026-02-08T00:30+01:00,100.42
2026-02-08T00:45+01:00,96.84
2026-02-08T01:00+01:00,101.5
2026-02-08T01:15+01:00,101.36
2026-02-08T01:30+01:00,96.58
2026-02-08T01:45+01:00,95.68
2026-02-08T02:00+01:00,99.67
2026-02-08T02:15+01:00,96.99
2026-02-08T02:30+01:00,96.08
2026-02-08T02:45+01:00,95.7
2026-02-08T03:00+01:00,96.8
2026-02-08T03:15+01:00,96.03
2026-02-08T03:30+01:00,94.92
2026-02-08T03:45+01:00,95.3
2026-02-08T04:00+01:00,94.02
2026-02-08T04:15+01:00,93.54
2026-02-08T04:30+01:00,94.1
2026-02-08T04:45+01:00,93.97
2026-02-08T05:00+01:00,94.83
2026-02-08T05:15+01:00,94.42
2026-02-08T05:30+01:00,94.49
2026-02-08T05:45+01:00,94.84
2026-02-08T06:00+01:00,88.62
2026-02-08T06:15+01:00,91.52
2026-02-08T06:30+01:00,95.62
2026-02-08T06:45+01:00,97.66
2026-02-08T07:00+01:00,89.4
2026-02-08T07:15+01:00,93.49
2026-02-08T07:30+01:00,95.26
2026-02-08T07:45+01:00,99.7
2026-02-08T08:00+01:00,92.46
2026-02-08T08:15+01:00,98.12
2026-02-08T08:30+01:00,99.39
2026-02-08T08:45+01:00,99.45
2026-02-08T09:00+01:00,99.27
2026-02-08T09:15+01:00,99.91
2026-02-08T09:30+01:00,99.39
2026-02-08T09:45+01:00,100.28
2026-02-08T10:00+01:00,104.37
2026-02-08T10:15+01:00,103.81
2026-02-08T10:30+01:00,101.27
2026-02-08T10:45+01:00,100.31
2026-02-08T11:00+01:00,101.93
2026-02-08T11:15+01:00,100.45
2026-02-08T11:30+01:00,98.08
2026-02-08T11:45+01:00,96.13
2026-02-08T12:00+01:00,97.34
2026-02-08T12:15+01:00,96.14
2026-02-08T12:30+01:00,96.41
2026-02-08T12:45+01:00,96.05
2026-02-08T13:00+01:00,97.07
2026-02-08T13:15+01:00,95.53
2026-02-08T13:30+01:00,98.41
2026-02-08T13:45+01:00,98.59
2026-02-08T14:00+01:00,95.53
2026-02-08T14:15+01:00,98.87
2026-02-08T14:30+01:00,99.99
2026-02-08T14:45+01:00,102.93
2026-02-08T15:00+01:00,100.34
2026-02-08T15:15+01:00,102.99
2026-02-08T15:30+01:00,104.31
2026-02-08T15:45+01:00,107.93
2026-02-08T16:00+01:00,103.31
2026-02-08T16:15+01:00,107.63
2026-02-08T16:30+01:00,115.01
2026-02-08T16:45+01:00,124.2
2026-02-08T17:00+01:00,120.17
2026-02-08T17:15+01:00,126.71
2026-02-08T17:30+01:00,131.72
2026-02-08T17:45+01:00,134.93
2026-02-08T18:00+01:00,130.32
2026-02-08T18:15+01:00,133.62
2026-02-08T18:30+01:00,133.26
2026-02-08T18:45+01:00,130.51
2026-02-08T19:00+01:00,133.68
2026-02-08T19:15+01:00,130.25
2026-02-08T19:30+01:00,124.56
2026-02-08T19:45+01:00,119.74
2026-02-08T20:00+01:00,123.52
2026-02-08T20:15+01:00,114.43
2026-02-08T20:30+01:00,109.92
2026-02-08T20:45+01:00,106.07
2026-02-08T21:00+01:00,110.83
2026-02-08T21:15+01:00,109.23
2026-02-08T21:30+01:00,106.92
2026-02-08T21:45+01:00,103.92
2026-02-08T22:00+01:00,107.65
2026-02-08T22:15+01:00,106.55
2026-02-08T22:30+01:00,104.14
2026-02-08T22:45+01:00,101.93
2026-02-08T23:00+01:00,103.27
2026-02-08T23:15+01:00,101.71
2026-02-08T23:30+01:00,100.28
2026-02-08T23:45+01:00,92.49
2026-02-09T00:00+01:00,100.91
2026-02-09T00:15+01:00,99.91
2026-02-09T00:30+01:00,97.93
2026-02-09T00:45+01:00,96.86
2026-02-09T01:00+01:00,99.73
2026-02-09T01:15+01:00,97.93
2026-02-09T01:30+01:00,97.31
2026-02-09T01:45+01:00,96.02
2026-02-09T02:00+01:00,97.66
2026-02-09T02:15+01:00,97.52
2026-02-09T02:30+01:00,98.26
2026-02-09T02:45+01:00,98.04
2026-02-09T03:00+01:00,97.94
2026-02-09T03:15+01:00,97.07
2026-02-09T03:30+01:00,97.69
2026-02-09T03:45+01:00,98.51
2026-02-09T04:00+01:00,95.79
2026-02-09T04:15+01:00,97.53
2026-02-09T04:30+01:00,99.19
2026-02-09T04:45+01:00,100.9
2026-02-09T05:00+01:00,97.24
2026-02-09T05:15+01:00,100.99
2026-02-09T05:30+01:00,105.64
2026-02-09T05:45+01:00,116.57
2026-02-09T06:00+01:00,105.71
2026-02-09T06:15+01:00,120.9
2026-02-09T06:30+01:00,134.53
2026-02-09T06:45+01:00,165.5
2026-02-09T07:00+01:00,141.47
2026-02-09T07:15+01:00,160.04
2026-02-09T07:30+01:00,168.97
2026-02-09T07:45+01:00,174.29
2026-02-09T08:00+01:00,171.06
2026-02-09T08:15+01:00,190.28
2026-02-09T08:30+01:00,190.13
2026-02-09T08:45+01:00,190.96
2026-02-09T09:00+01:00,184.11
2026-02-09T09:15+01:00,178.14
2026-02-09T09:30+01:00,165.37
2026-02-09T09:45+01:00,163.54
2026-02-09T10:00+01:00,170.94
2026-02-09T10:15+01:00,168.62
2026-02-09T10:30+01:00,159.17
2026-02-09T10:45+01:00,150.03
2026-02-09T11:00+01:00,155.49
2026-02-09T11:15+01:00,150.91
2026-02-09T11:30+01:00,147.37
2026-02-09T11:45+01:00,141.59
2026-02-09T12:00+01:00,148.35
2026-02-09T12:15+01:00,143.32
2026-02-09T12:30+01:00,140.36
2026-02-09T12:45+01:00,137.01
2026-02-09T13:00+01:00,141.3
2026-02-09T13:15+01:00,142.77
2026-02-09T13:30+01:00,139.55
2026-02-09T13:45+01:00,140.86
2026-02-09T14:00+01:00,133.38
2026-02-09T14:15+01:00,138.65
2026-02-09T14:30+01:00,147.2
2026-02-09T14:45+01:00,156.3
2026-02-09T15:00+01:00,133.32
2026-02-09T15:15+01:00,143.69
2026-02-09T15:30+01:00,163.42
2026-02-09T15:45+01:00,174.08
2026-02-09T16:00+01:00,149.75
2026-02-09T16:15+01:00,166.01
2026-02-09T16:30+01:00,188.91
2026-02-09T16:45+01:00,235.68
2026-02-09T17:00+01:00,230.89
2026-02-09T17:15+01:00,240.68
2026-02-09T17:30+01:00,250.57
2026-02-09T17:45+01:00,249.46
2026-02-09T18:00+01:00,249.87
2026-02-09T18:15+01:00,235.72
2026-02-09T18:30+01:00,205.34
2026-02-09T18:45+01:00,182.28
2026-02-09T19:00+01:00,244.25
2026-02-09T19:15+01:00,213.57
2026-02-09T19:30+01:00,185.15
2026-02-09T19:45+01:00,157.13
2026-02-09T20:00+01:00,173.63
2026-02-09T20:15+01:00,151.97
2026-02-09T20:30+01:00,143.01
2026-02-09T20:45+01:00,128.98
2026-02-09T21:00+01:00,149.99
2026-02-09T21:15+01:00,146.24
2026-02-09T21:30+01:00,134.35
2026-02-09T21:45+01:00,122.61
2026-02-09T22:00+01:00,133.73
2026-02-09T22:15+01:00,127.54
2026-02-09T22:30+01:00,126.1
2026-02-09T22:45+01:00,116.59
2026-02-09T23:00+01:00,120
2026-02-09T23:15+01:00,112.68
2026-02-09T23:30+01:00,109.92
2026-02-09T23:45+01:00,108.82
2026-02-10T00:00+01:00,118.12
2026-02-10T00:15+01:00,113.24
2026-02-10T00:30+01:00,122.04
2026-02-10T00:45+01:00,117.81
2026-02-10T01:00+01:00,119.99
2026-02-10T01:15+01:00,116.17
2026-02-10T01:30+01:00,113.93
2026-02-10T01:45+01:00,112.94
2026-02-10T02:00+01:00,114.3
2026-02-10T02:15+01:00,113.43
2026-02-10T02:30+01:00,112.36
2026-02-10T02:45+01:00,111.19
2026-02-10T03:00+01:00,110.16
2026-02-10T03:15+01:00,111.58
2026-02-10T03:30+01:00,111.56
2026-02-10T03:45+01:00,111.9
2026-02-10T04:00+01:00,108.95
2026-02-10T04:15+01:00,109.5
2026-02-10T04:30+01:00,108.4
2026-02-10T04:45+01:00,111.27
2026-02-10T05:00+01:00,106.78
2026-02-10T05:15+01:00,111.33
2026-02-10T05:30+01:00,114.45
2026-02-10T05:45+01:00,123.37
2026-02-10T06:00+01:00,109.91
2026-02-10T06:15+01:00,123.53
2026-02-10T06:30+01:00,149.91
2026-02-10T06:45+01:00,236.8
2026-02-10T07:00+01:00,193.16
2026-02-10T07:15+01:00,257.42
2026-02-10T07:30+01:00,299.73
2026-02-10T07:45+01:00,348.36
2026-02-10T08:00+01:00,300.58
2026-02-10T08:15+01:00,316.27
2026-02-10T08:30+01:00,319.04
2026-02-10T08:45+01:00,334.05
2026-02-10T09:00+01:00,324.66
2026-02-10T09:15+01:00,335.27
2026-02-10T09:30+01:00,319.52
2026-02-10T09:45+01:00,321.03
2026-02-10T10:00+01:00,258.45
2026-02-10T10:15+01:00,248.89
2026-02-10T10:30+01:00,300.65
2026-02-10T10:45+01:00,290.64
2026-02-10T11:00+01:00,271.22
2026-02-10T11:15+01:00,249.95
2026-02-10T11:30+01:00,243.79
2026-02-10T11:45+01:00,233.45
2026-02-10T12:00+01:00,261.33
2026-02-10T12:15+01:00,249.97
2026-02-10T12:30+01:00,249.57
2026-02-10T12:45+01:00,238.26
2026-02-10T13:00+01:00,206.29
2026-02-10T13:15+01:00,200.35
2026-02-10T13:30+01:00,198.89
2026-02-10T13:45+01:00,195.85
2026-02-10T14:00+01:00,185.6
2026-02-10T14:15+01:00,167.06
2026-02-10T14:30+01:00,163.49
2026-02-10T14:45+01:00,173.67
2026-02-10T15:00+01:00,175.04
2026-02-10T15:15+01:00,191.7
2026-02-10T15:30+01:00,195.85
2026-02-10T15:45+01:00,211.78
2026-02-10T16:00+01:00,220.1
2026-02-10T16:15+01:00,249.88
2026-02-10T16:30+01:00,227.94
2026-02-10T16:45+01:00,258.54
2026-02-10T17:00+01:00,289.58
2026-02-10T17:15+01:00,299.67
2026-02-10T17:30+01:00,274.56
2026-02-10T17:45+01:00,251.61
2026-02-10T18:00+01:00,337.66
2026-02-10T18:15+01:00,306.92
2026-02-10T18:30+01:00,259.31
2026-02-10T18:45+01:00,221.74
2026-02-10T19:00+01:00,228.27
2026-02-10T19:15+01:00,200.28
2026-02-10T19:30+01:00,195.27
2026-02-10T19:45+01:00,160.31
2026-02-10T20:00+01:00,191.05
2026-02-10T20:15+01:00,160.33
2026-02-10T20:30+01:00,149.92
2026-02-10T20:45+01:00,137.17
2026-02-10T21:00+01:00,160.31
2026-02-10T21:15+01:00,141.47
2026-02-10T21:30+01:00,130.44
2026-02-10T21:45+01:00,119.99
2026-02-10T22:00+01:00,124.87
2026-02-10T22:15+01:00,118.44
2026-02-10T22:30+01:00,113.79
2026-02-10T22:45+01:00,109.97
2026-02-10T23:00+01:00,109.89
2026-02-10T23:15+01:00,108.12
2026-02-10T23:30+01:00,104.59
2026-02-10T23:45+01:00,102.61
2026-02-11T00:00+01:00,109.35
2026-02-11T00:15+01:00,107.82
2026-02-11T00:30+01:00,106.11
2026-02-11T00:45+01:00,104.82
2026-02-11T01:00+01:00,104.97
2026-02-11T01:15+01:00,104.24
2026-02-11T01:30+01:00,101.94
2026-02-11T01:45+01:00,101.37
2026-02-11T02:00+01:00,101.28
2026-02-11T02:15+01:00,100.78
2026-02-11T02:30+01:00,100.53
2026-02-11T02:45+01:00,100.19
2026-02-11T03:00+01:00,100.39
2026-02-11T03:15+01:00,100.17
2026-02-11T03:30+01:00,99.37
2026-02-11T03:45+01:00,99.15
2026-02-11T04:00+01:00,98.47
2026-02-11T04:15+01:00,98.88
2026-02-11T04:30+01:00,99.16
2026-02-11T04:45+01:00,100.29
2026-02-11T05:00+01:00,99.96
2026-02-11T05:15+01:00,101.52
2026-02-11T05:30+01:00,105.23
2026-02-11T05:45+01:00,108.42
2026-02-11T06:00+01:00,103.91
2026-02-11T06:15+01:00,109.42
2026-02-11T06:30+01:00,115.72
2026-02-11T06:45+01:00,136.23
2026-02-11T07:00+01:00,120.97
2026-02-11T07:15+01:00,133.77
2026-02-11T07:30+01:00,139.73
2026-02-11T07:45+01:00,165.57
2026-02-11T08:00+01:00,144.69
2026-02-11T08:15+01:00,159.95
2026-02-11T08:30+01:00,159.95
2026-02-11T08:45+01:00,160.17
2026-02-11T09:00+01:00,154.42
2026-02-11T09:15+01:00,153.65
2026-02-11T09:30+01:00,159.96
2026-02-11T09:45+01:00,159.91
2026-02-11T10:00+01:00,143.19
2026-02-11T10:15+01:00,153.89
2026-02-11T10:30+01:00,153.86
2026-02-11T10:45+01:00,150.06
2026-02-11T11:00+01:00,160.19
2026-02-11T11:15+01:00,152.29
2026-02-11T11:30+01:00,145.02
2026-02-11T11:45+01:00,143.35
2026-02-11T12:00+01:00,159.97
2026-02-11T12:15+01:00,153.06
2026-02-11T12:30+01:00,144.65
2026-02-11T12:45+01:00,139.89
2026-02-11T13:00+01:00,136.42
2026-02-11T13:15+01:00,136.25
2026-02-11T13:30+01:00,134.23
2026-02-11T13:45+01:00,133.46
2026-02-11T14:00+01:00,127.34
2026-02-11T14:15+01:00,127.6
2026-02-11T14:30+01:00,128.13
2026-02-11T14:45+01:00,127.41
2026-02-11T15:00+01:00,129.26
2026-02-11T15:15+01:00,131.87
2026-02-11T15:30+01:00,133.32
2026-02-11T15:45+01:00,136.89
2026-02-11T16:00+01:00,136.37
2026-02-11T16:15+01:00,142.16
2026-02-11T16:30+01:00,147.75
2026-02-11T16:45+01:00,150.28
2026-02-11T17:00+01:00,150.12
2026-02-11T17:15+01:00,150.28
2026-02-11T17:30+01:00,150.08
2026-02-11T17:45+01:00,149.91
2026-02-11T18:00+01:00,160.18
2026-02-11T18:15+01:00,153.81
2026-02-11T18:30+01:00,147.11
2026-02-11T18:45+01:00,136.25
2026-02-11T19:00+01:00,150.1
2026-02-11T19:15+01:00,139.66
2026-02-11T19:30+01:00,130.62
2026-02-11T19:45+01:00,119
2026-02-11T20:00+01:00,133.38
2026-02-11T20:15+01:00,129.97
2026-02-11T20:30+01:00,124.95
2026-02-11T20:45+01:00,116.31
2026-02-11T21:00+01:00,119.39
2026-02-11T21:15+01:00,113.68
2026-02-11T21:30+01:00,111.77
2026-02-11T21:45+01:00,108.76
2026-02-11T22:00+01:00,111.91
2026-02-11T22:15+01:00,108.32
2026-02-11T22:30+01:00,105.9
2026-02-11T22:45+01:00,104.2
2026-02-11T23:00+01:00,104.93
2026-02-11T23:15+01:00,100.3
2026-02-11T23:30+01:00,99.95
2026-02-11T23:45+01:00,97.91
2026-02-12T00:00+01:00,109.33
2026-02-12T00:15+01:00,109.56
2026-02-12T00:30+01:00,107.73
2026-02-12T00:45+01:00,103.38
2026-02-12T01:00+01:00,102.33
2026-02-12T01:15+01:00,102.12
2026-02-12T01:30+01:00,101.02
2026-02-12T01:45+01:00,99.98
2026-02-12T02:00+01:00,96.88
2026-02-12T02:15+01:00,98.07
2026-02-12T02:30+01:00,96.21
2026-02-12T02:45+01:00,94.76
2026-02-12T03:00+01:00,94.05
2026-02-12T03:15+01:00,93.46
2026-02-12T03:30+01:00,93.99
2026-02-12T03:45+01:00,94.25
2026-02-12T04:00+01:00,95.25
2026-02-12T04:15+01:00,95.63
2026-02-12T04:30+01:00,97.08
2026-02-12T04:45+01:00,99.62
2026-02-12T05:00+01:00,99.37
2026-02-12T05:15+01:00,101.64
2026-02-12T05:30+01:00,104.29
2026-02-12T05:45+01:00,110.19
2026-02-12T06:00+01:00,109.04
2026-02-12T06:15+01:00,113.6
2026-02-12T06:30+01:00,116.67
2026-02-12T06:45+01:00,150.59
2026-02-12T07:00+01:00,114.1
2026-02-12T07:15+01:00,125.83
2026-02-12T07:30+01:00,136.79
2026-02-12T07:45+01:00,170.57
2026-02-12T08:00+01:00,143.4
2026-02-12T08:15+01:00,146.59
2026-02-12T08:30+01:00,145.01
2026-02-12T08:45+01:00,166.52
2026-02-12T09:00+01:00,145.01
2026-02-12T09:15+01:00,151.53
2026-02-12T09:30+01:00,152.36
2026-02-12T09:45+01:00,151.62
2026-02-12T10:00+01:00,145.01
2026-02-12T10:15+01:00,145
2026-02-12T10:30+01:00,153.09
2026-02-12T10:45+01:00,145
2026-02-12T11:00+01:00,167.34
2026-02-12T11:15+01:00,145.01
2026-02-12T11:30+01:00,139.96
2026-02-12T11:45+01:00,134.93
2026-02-12T12:00+01:00,138.71
2026-02-12T12:15+01:00,132.81
2026-02-12T12:30+01:00,125.15
2026-02-12T12:45+01:00,121.39
2026-02-12T13:00+01:00,122.6
2026-02-12T13:15+01:00,121.35
2026-02-12T13:30+01:00,119.64
2026-02-12T13:45+01:00,118.99
2026-02-12T14:00+01:00,124.16
2026-02-12T14:15+01:00,122.61
2026-02-12T14:30+01:00,122.2
2026-02-12T14:45+01:00,121.68
2026-02-12T15:00+01:00,125.48
2026-02-12T15:15+01:00,127.46
2026-02-12T15:30+01:00,130.69
2026-02-12T15:45+01:00,134.39
2026-02-12T16:00+01:00,132.1
2026-02-12T16:15+01:00,138.37
2026-02-12T16:30+01:00,145
2026-02-12T16:45+01:00,173.03
2026-02-12T17:00+01:00,170.01
2026-02-12T17:15+01:00,173.98
2026-02-12T17:30+01:00,150.78
2026-02-12T17:45+01:00,147.21
2026-02-12T18:00+01:00,183.74
2026-02-12T18:15+01:00,149.1
2026-02-12T18:30+01:00,140.64
2026-02-12T18:45+01:00,125.25
2026-02-12T19:00+01:00,133.64
2026-02-12T19:15+01:00,136.22
2026-02-12T19:30+01:00,135.26
2026-02-12T19:45+01:00,130.07
2026-02-12T20:00+01:00,148.11
2026-02-12T20:15+01:00,120.99
2026-02-12T20:30+01:00,116.65
2026-02-12T20:45+01:00,111.78
2026-02-12T21:00+01:00,112.45
2026-02-12T21:15+01:00,108.92
2026-02-12T21:30+01:00,108.12
2026-02-12T21:45+01:00,107.18
2026-02-12T22:00+01:00,107.53
2026-02-12T22:15+01:00,106.78
2026-02-12T22:30+01:00,105.05
2026-02-12T22:45+01:00,102.03
2026-02-12T23:00+01:00,101.74
2026-02-12T23:15+01:00,100.4
2026-02-12T23:30+01:00,96.72
2026-02-12T23:45+01:00,93.09
2026-02-13T00:00+01:00,103.25
2026-02-13T00:15+01:00,100.35
2026-02-13T00:30+01:00,97.75
2026-02-13T00:45+01:00,93.32
2026-02-13T01:00+01:00,99.8
2026-02-13T01:15+01:00,96.78
2026-02-13T01:30+01:00,95.85
2026-02-13T01:45+01:00,94.32
2026-02-13T02:00+01:00,95.19
2026-02-13T02:15+01:00,97.1
2026-02-13T02:30+01:00,96.87
2026-02-13T02:45+01:00,94.53
2026-02-13T03:00+01:00,97.18
2026-02-13T03:15+01:00,98.55
2026-02-13T03:30+01:00,98.54
2026-02-13T03:45+01:00,98.76
2026-02-13T04:00+01:00,94.41
2026-02-13T04:15+01:00,97.99
2026-02-13T04:30+01:00,98.48
2026-02-13T04:45+01:00,100.78
2026-02-13T05:00+01:00,95.69
2026-02-13T05:15+01:00,101.14
2026-02-13T05:30+01:00,105.03
2026-02-13T05:45+01:00,106.16
2026-02-13T06:00+01:00,105.35
2026-02-13T06:15+01:00,107.37
2026-02-13T06:30+01:00,111.69
2026-02-13T06:45+01:00,140.06
2026-02-13T07:00+01:00,110.68
2026-02-13T07:15+01:00,122.24
2026-02-13T07:30+01:00,136.17
2026-02-13T07:45+01:00,174.45
2026-02-13T08:00+01:00,145.01
2026-02-13T08:15+01:00,161.28
2026-02-13T08:30+01:00,179.96
2026-02-13T08:45+01:00,189.93
2026-02-13T09:00+01:00,169.26
2026-02-13T09:15+01:00,176.12
2026-02-13T09:30+01:00,187.81
2026-02-13T09:45+01:00,184.86
2026-02-13T10:00+01:00,172.74
2026-02-13T10:15+01:00,169.59
2026-02-13T10:30+01:00,175.77
2026-02-13T10:45+01:00,167.31
2026-02-13T11:00+01:00,152.43
2026-02-13T11:15+01:00,160.02
2026-02-13T11:30+01:00,164.94
2026-02-13T11:45+01:00,164.94
2026-02-13T12:00+01:00,165.96
2026-02-13T12:15+01:00,168.68
2026-02-13T12:30+01:00,166.34
2026-02-13T12:45+01:00,149.1
2026-02-13T13:00+01:00,158.89
2026-02-13T13:15+01:00,150.61
2026-02-13T13:30+01:00,149.94
2026-02-13T13:45+01:00,147.96
2026-02-13T14:00+01:00,145
2026-02-13T14:15+01:00,144.9
2026-02-13T14:30+01:00,144.91
2026-02-13T14:45+01:00,145
2026-02-13T15:00+01:00,147.37
2026-02-13T15:15+01:00,149.95
2026-02-13T15:30+01:00,151.85
2026-02-13T15:45+01:00,156.97
2026-02-13T16:00+01:00,149.96
2026-02-13T16:15+01:00,164.96
2026-02-13T16:30+01:00,190.53
2026-02-13T16:45+01:00,193.86
2026-02-13T17:00+01:00,199.9
2026-02-13T17:15+01:00,197.63
2026-02-13T17:30+01:00,193.45
2026-02-13T17:45+01:00,185.64
2026-02-13T18:00+01:00,199.94
2026-02-13T18:15+01:00,193.87
2026-02-13T18:30+01:00,171.27
2026-02-13T18:45+01:00,144.97
2026-02-13T19:00+01:00,180.71
2026-02-13T19:15+01:00,149.97
2026-02-13T19:30+01:00,136.86
2026-02-13T19:45+01:00,125.12
2026-02-13T20:00+01:00,146.4
2026-02-13T20:15+01:00,133.85
2026-02-13T20:30+01:00,124.98
2026-02-13T20:45+01:00,117.29
2026-02-13T21:00+01:00,130.6
2026-02-13T21:15+01:00,124.85
2026-02-13T21:30+01:00,117.58
2026-02-13T21:45+01:00,109.28
2026-02-13T22:00+01:00,122.88
2026-02-13T22:15+01:00,113.13
2026-02-13T22:30+01:00,109.38
2026-02-13T22:45+01:00,106.04
2026-02-13T23:00+01:00,108.95
2026-02-13T23:15+01:00,106.07
2026-02-13T23:30+01:00,103.99
2026-02-13T23:45+01:00,103.58
2026-02-14T00:00+01:00,106.58
2026-02-14T00:15+01:00,104.76
2026-02-14T00:30+01:00,105.57
2026-02-14T00:45+01:00,106.54
2026-02-14T01:00+01:00,105.02
2026-02-14T01:15+01:00,105.03
2026-02-14T01:30+01:00,105.05
2026-02-14T01:45+01:00,104.59
2026-02-14T02:00+01:00,104.43
2026-02-14T02:15+01:00,104.07
2026-02-14T02:30+01:00,104.23
2026-02-14T02:45+01:00,103.64
2026-02-14T03:00+01:00,102.91
2026-02-14T03:15+01:00,103.43
2026-02-14T03:30+01:00,103.61
2026-02-14T03:45+01:00,103.56
2026-02-14T04:00+01:00,103.55
2026-02-14T04:15+01:00,103.4
2026-02-14T04:30+01:00,102.85
2026-02-14T04:45+01:00,103.04
2026-02-14T05:00+01:00,100.33
2026-02-14T05:15+01:00,102.61
2026-02-14T05:30+01:00,99.28
2026-02-14T05:45+01:00,101.81
2026-02-14T06:00+01:00,101.04
2026-02-14T06:15+01:00,103.56
2026-02-14T06:30+01:00,105.07
2026-02-14T06:45+01:00,106.17
2026-02-14T07:00+01:00,106.38
2026-02-14T07:15+01:00,108.21
2026-02-14T07:30+01:00,108.61
2026-02-14T07:45+01:00,118
2026-02-14T08:00+01:00,108.68
2026-02-14T08:15+01:00,120
2026-02-14T08:30+01:00,142.23
2026-02-14T08:45+01:00,152.12
2026-02-14T09:00+01:00,129.83
2026-02-14T09:15+01:00,139.95
2026-02-14T09:30+01:00,143.17
2026-02-14T09:45+01:00,142.92
2026-02-14T10:00+01:00,130.77
2026-02-14T10:15+01:00,129.89
2026-02-14T10:30+01:00,119.82
2026-02-14T10:45+01:00,115.04
2026-02-14T11:00+01:00,112
2026-02-14T11:15+01:00,110.22
2026-02-14T11:30+01:00,108.92
2026-02-14T11:45+01:00,108.76
2026-02-14T12:00+01:00,107.99
2026-02-14T12:15+01:00,107.97
2026-02-14T12:30+01:00,107.74
2026-02-14T12:45+01:00,107.8
2026-02-14T13:00+01:00,106.34
2026-02-14T13:15+01:00,106.44
2026-02-14T13:30+01:00,106.4
2026-02-14T13:45+01:00,105.68
2026-02-14T14:00+01:00,106.48
2026-02-14T14:15+01:00,105.79
2026-02-14T14:30+01:00,105.58
2026-02-14T14:45+01:00,106.07
2026-02-14T15:00+01:00,105.02
2026-02-14T15:15+01:00,106.07
2026-02-14T15:30+01:00,109.07
2026-02-14T15:45+01:00,115.19
2026-02-14T16:00+01:00,107.6
2026-02-14T16:15+01:00,117.32
2026-02-14T16:30+01:00,125.25
2026-02-14T16:45+01:00,139.46
2026-02-14T17:00+01:00,116.48
2026-02-14T17:15+01:00,155.12
2026-02-14T17:30+01:00,149.21
2026-02-14T17:45+01:00,150.4
2026-02-14T18:00+01:00,159.4
2026-02-14T18:15+01:00,149
2026-02-14T18:30+01:00,139.3
2026-02-14T18:45+01:00,135.45
2026-02-14T19:00+01:00,148.79
2026-02-14T19:15+01:00,134.25
2026-02-14T19:30+01:00,131.63
2026-02-14T19:45+01:00,128.05
2026-02-14T20:00+01:00,134.77
2026-02-14T20:15+01:00,131.29
2026-02-14T20:30+01:00,122.35
2026-02-14T20:45+01:00,121.09
2026-02-14T21:00+01:00,130.03
2026-02-14T21:15+01:00,124.52
2026-02-14T21:30+01:00,117.82
2026-02-14T21:45+01:00,110.95
2026-02-14T22:00+01:00,123.62
2026-02-14T22:15+01:00,116.47
2026-02-14T22:30+01:00,108.71
2026-02-14T22:45+01:00,106.34
2026-02-14T23:00+01:00,106.81
2026-02-14T23:15+01:00,106.24
2026-02-14T23:30+01:00,103.37
2026-02-14T23:45+01:00,99.21
2026-02-15T00:00+01:00,107.49
2026-02-15T00:15+01:00,104.26
2026-02-15T00:30+01:00,102.21
2026-02-15T00:45+01:00,101.44
2026-02-15T01:00+01:00,103.93
2026-02-15T01:15+01:00,102.9
2026-02-15T01:30+01:00,101.59
2026-02-15T01:45+01:00,98.86
2026-02-15T02:00+01:00,101.66
2026-02-15T02:15+01:00,101.35
2026-02-15T02:30+01:00,100.9
2026-02-15T02:45+01:00,100.82
2026-02-15T03:00+01:00,100.29
2026-02-15T03:15+01:00,99.15
2026-02-15T03:30+01:00,97.87
2026-02-15T03:45+01:00,97.65
2026-02-15T04:00+01:00,98.25
2026-02-15T04:15+01:00,97.5
2026-02-15T04:30+01:00,97.46
2026-02-15T04:45+01:00,97.16
2026-02-15T05:00+01:00,97.09
2026-02-15T05:15+01:00,96.3
2026-02-15T05:30+01:00,95.57
2026-02-15T05:45+01:00,95.98
2026-02-15T06:00+01:00,95.33
2026-02-15T06:15+01:00,96.61
2026-02-15T06:30+01:00,97.16
2026-02-15T06:45+01:00,97.33
2026-02-15T07:00+01:00,98.95
2026-02-15T07:15+01:00,97.4
2026-02-15T07:30+01:00,98.71
2026-02-15T07:45+01:00,99.14
2026-02-15T08:00+01:00,100.68
2026-02-15T08:15+01:00,99.93
2026-02-15T08:30+01:00,98.02
2026-02-15T08:45+01:00,96.3
2026-02-15T09:00+01:00,100.82
2026-02-15T09:15+01:00,97.12
2026-02-15T09:30+01:00,94.88
2026-02-15T09:45+01:00,90.5
2026-02-15T10:00+01:00,93.65
2026-02-15T10:15+01:00,88.45
2026-02-15T10:30+01:00,87.36
2026-02-15T10:45+01:00,86.28
2026-02-15T11:00+01:00,88.92
2026-02-15T11:15+01:00,86.39
2026-02-15T11:30+01:00,85.76
2026-02-15T11:45+01:00,84.96
2026-02-15T12:00+01:00,85.79
2026-02-15T12:15+01:00,84.03
2026-02-15T12:30+01:00,82.28
2026-02-15T12:45+01:00,80.68
2026-02-15T13:00+01:00,83.17
2026-02-15T13:15+01:00,81.72
2026-02-15T13:30+01:00,79.57
2026-02-15T13:45+01:00,76.8
2026-02-15T14:00+01:00,79.55
2026-02-15T14:15+01:00,77.68
2026-02-15T14:30+01:00,77.17
2026-02-15T14:45+01:00,75.67
2026-02-15T15:00+01:00,77.71
2026-02-15T15:15+01:00,74.99
2026-02-15T15:30+01:00,72.52
2026-02-15T15:45+01:00,77.15
2026-02-15T16:00+01:00,75
2026-02-15T16:15+01:00,80.28
2026-02-15T16:30+01:00,87.87
2026-02-15T16:45+01:00,94.45
2026-02-15T17:00+01:00,102.04
2026-02-15T17:15+01:00,103.92
2026-02-15T17:30+01:00,104.58
2026-02-15T17:45+01:00,97.1
2026-02-15T18:00+01:00,100.67
2026-02-15T18:15+01:00,97.73
2026-02-15T18:30+01:00,95.15
2026-02-15T18:45+01:00,88.78
2026-02-15T19:00+01:00,87.61
2026-02-15T19:15+01:00,78.84
2026-02-15T19:30+01:00,70.18
2026-02-15T19:45+01:00,58.18
2026-02-15T20:00+01:00,72.92
2026-02-15T20:15+01:00,64.65
2026-02-15T20:30+01:00,56.45
2026-02-15T20:45+01:00,44.24
2026-02-15T21:00+01:00,63.95
2026-02-15T21:15+01:00,57.25
2026-02-15T21:30+01:00,50.64
2026-02-15T21:45+01:00,47.72
2026-02-15T22:00+01:00,53.61
2026-02-15T22:15+01:00,51.31
2026-02-15T22:30+01:00,48.96
2026-02-15T22:45+01:00,46.64
2026-02-15T23:00+01:00,50.47
2026-02-15T23:15+01:00,48.06
2026-02-15T23:30+01:00,44.29
2026-02-15T23:45+01:00,29.13
2026-02-16T00:00+01:00,48.39
2026-02-16T00:15+01:00,48.84
2026-02-16T00:30+01:00,48.38
2026-02-16T00:45+01:00,47.91
2026-02-16T01:00+01:00,49.15
2026-02-16T01:15+01:00,48.34
2026-02-16T01:30+01:00,48.15
2026-02-16T01:45+01:00,47.37
2026-02-16T02:00+01:00,47.71
2026-02-16T02:15+01:00,47.64
2026-02-16T02:30+01:00,48.25
2026-02-16T02:45+01:00,48.19
2026-02-16T03:00+01:00,47.2
2026-02-16T03:15+01:00,47.57
2026-02-16T03:30+01:00,47.62
2026-02-16T03:45+01:00,47.47
2026-02-16T04:00+01:00,46.78
2026-02-16T04:15+01:00,47.13
2026-02-16T04:30+01:00,47.23
2026-02-16T04:45+01:00,48.01
2026-02-16T05:00+01:00,45.02
2026-02-16T05:15+01:00,47.72
2026-02-16T05:30+01:00,51.51
2026-02-16T05:45+01:00,58.56
2026-02-16T06:00+01:00,47.9
2026-02-16T06:15+01:00,59.2
2026-02-16T06:30+01:00,75.17
2026-02-16T06:45+01:00,99.71
2026-02-16T07:00+01:00,78.31
2026-02-16T07:15+01:00,95
2026-02-16T07:30+01:00,101.77
2026-02-16T07:45+01:00,103.02
2026-02-16T08:00+01:00,94.99
2026-02-16T08:15+01:00,98.86
2026-02-16T08:30+01:00,98.74
2026-02-16T08:45+01:00,98.89
2026-02-16T09:00+01:00,99.88
2026-02-16T09:15+01:00,99.31
2026-02-16T09:30+01:00,100.03
2026-02-16T09:45+01:00,98.68
2026-02-16T10:00+01:00,107.84
2026-02-16T10:15+01:00,97.67
2026-02-16T10:30+01:00,93.52
2026-02-16T10:45+01:00,90.56
2026-02-16T11:00+01:00,93.39
2026-02-16T11:15+01:00,90.44
2026-02-16T11:30+01:00,89.88
2026-02-16T11:45+01:00,89.36
2026-02-16T12:00+01:00,84.32
2026-02-16T12:15+01:00,82.42
2026-02-16T12:30+01:00,82.79
2026-02-16T12:45+01:00,82.28
2026-02-16T13:00+01:00,83.52
2026-02-16T13:15+01:00,82.76
2026-02-16T13:30+01:00,82.86
2026-02-16T13:45+01:00,87.23
2026-02-16T14:00+01:00,80.47
2026-02-16T14:15+01:00,84.19
2026-02-16T14:30+01:00,84.42
2026-02-16T14:45+01:00,89.55
2026-02-16T15:00+01:00,79.83
2026-02-16T15:15+01:00,85.19
2026-02-16T15:30+01:00,86.14
2026-02-16T15:45+01:00,92.16
2026-02-16T16:00+01:00,90.25
2026-02-16T16:15+01:00,91.89
2026-02-16T16:30+01:00,94.47
2026-02-16T16:45+01:00,96.09
2026-02-16T17:00+01:00,102.29
2026-02-16T17:15+01:00,110.49
2026-02-16T17:30+01:00,107.81
2026-02-16T17:45+01:00,104.82
2026-02-16T18:00+01:00,100.37
2026-02-16T18:15+01:00,96.99
2026-02-16T18:30+01:00,92.71
2026-02-16T18:45+01:00,91.09
2026-02-16T19:00+01:00,94.99
2026-02-16T19:15+01:00,84.33
2026-02-16T19:30+01:00,74.99
2026-02-16T19:45+01:00,69.87
2026-02-16T20:00+01:00,64.47
2026-02-16T20:15+01:00,62.08
2026-02-16T20:30+01:00,61.82
2026-02-16T20:45+01:00,59.12
2026-02-16T21:00+01:00,61.2
2026-02-16T21:15+01:00,60.23
2026-02-16T21:30+01:00,58.8
2026-02-16T21:45+01:00,58.39
2026-02-16T22:00+01:00,57.8
2026-02-16T22:15+01:00,56.89
2026-02-16T22:30+01:00,55.87
2026-02-16T22:45+01:00,54.61
2026-02-16T23:00+01:00,56.3
2026-02-16T23:15+01:00,54.75
2026-02-16T23:30+01:00,52.72
2026-02-16T23:45+01:00,50.59
2026-02-17T00:00+01:00,49.61
2026-02-17T00:15+01:00,45.85
2026-02-17T00:30+01:00,44.26
2026-02-17T00:45+01:00,44.13
2026-02-17T01:00+01:00,48.38
2026-02-17T01:15+01:00,47.54
2026-02-17T01:30+01:00,47.48
2026-02-17T01:45+01:00,47.85
2026-02-17T02:00+01:00,44.95
2026-02-17T02:15+01:00,46.33
2026-02-17T02:30+01:00,47.52
2026-02-17T02:45+01:00,49.51
2026-02-17T03:00+01:00,44.29
2026-02-17T03:15+01:00,46.88
2026-02-17T03:30+01:00,50.46
2026-02-17T03:45+01:00,51.85
2026-02-17T04:00+01:00,43.26
2026-02-17T04:15+01:00,48.87
2026-02-17T04:30+01:00,54.45
2026-02-17T04:45+01:00,62.24
2026-02-17T05:00+01:00,42.26
2026-02-17T05:15+01:00,55.38
2026-02-17T05:30+01:00,66.85
2026-02-17T05:45+01:00,75.83
2026-02-17T06:00+01:00,59.8
2026-02-17T06:15+01:00,70.8
2026-02-17T06:30+01:00,78.93
2026-02-17T06:45+01:00,87.5
2026-02-17T07:00+01:00,95
2026-02-17T07:15+01:00,104.74
2026-02-17T07:30+01:00,115.09
2026-02-17T07:45+01:00,120.67
2026-02-17T08:00+01:00,115
2026-02-17T08:15+01:00,114.4
2026-02-17T08:30+01:00,115
2026-02-17T08:45+01:00,127.4
2026-02-17T09:00+01:00,119.97
2026-02-17T09:15+01:00,115
2026-02-17T09:30+01:00,120.58
2026-02-17T09:45+01:00,115
2026-02-17T10:00+01:00,110.68
2026-02-17T10:15+01:00,115.12
2026-02-17T10:30+01:00,110.04
2026-02-17T10:45+01:00,105.79
2026-02-17T11:00+01:00,106.51
2026-02-17T11:15+01:00,104.25
2026-02-17T11:30+01:00,97.97
2026-02-17T11:45+01:00,95
2026-02-17T12:00+01:00,96.99
2026-02-17T12:15+01:00,94.5
2026-02-17T12:30+01:00,94.39
2026-02-17T12:45+01:00,90.65
2026-02-17T13:00+01:00,96.88
2026-02-17T13:15+01:00,94.99
2026-02-17T13:30+01:00,91.39
2026-02-17T13:45+01:00,94.99
2026-02-17T14:00+01:00,88.32
2026-02-17T14:15+01:00,87.99
2026-02-17T14:30+01:00,89.03
2026-02-17T14:45+01:00,94.99
2026-02-17T15:00+01:00,95.18
2026-02-17T15:15+01:00,99.28
2026-02-17T15:30+01:00,99.07
2026-02-17T15:45+01:00,101.99
2026-02-17T16:00+01:00,100.61
2026-02-17T16:15+01:00,101.36
2026-02-17T16:30+01:00,105.25
2026-02-17T16:45+01:00,116.62
2026-02-17T17:00+01:00,127.72
2026-02-17T17:15+01:00,126.96
2026-02-17T17:30+01:00,131.15
2026-02-17T17:45+01:00,123.73
2026-02-17T18:00+01:00,127.72
2026-02-17T18:15+01:00,126.66
2026-02-17T18:30+01:00,127.9
2026-02-17T18:45+01:00,124.33
2026-02-17T19:00+01:00,128.8
2026-02-17T19:15+01:00,121.34
2026-02-17T19:30+01:00,110.82
2026-02-17T19:45+01:00,101.43
2026-02-17T20:00+01:00,99.03
2026-02-17T20:15+01:00,94.99
2026-02-17T20:30+01:00,94.99
2026-02-17T20:45+01:00,95
2026-02-17T21:00+01:00,93.85
2026-02-17T21:15+01:00,95
2026-02-17T21:30+01:00,94.99
2026-02-17T21:45+01:00,87.24
2026-02-17T22:00+01:00,94.34
2026-02-17T22:15+01:00,90.6
2026-02-17T22:30+01:00,85.11
2026-02-17T22:45+01:00,83.14
2026-02-17T23:00+01:00,87.26
2026-02-17T23:15+01:00,86.56
2026-02-17T23:30+01:00,84.73
2026-02-17T23:45+01:00,82.74
2026-02-18T00:00+01:00,70.34
2026-02-18T00:15+01:00,72.96
2026-02-18T00:30+01:00,75.16
2026-02-18T00:45+01:00,77.98
2026-02-18T01:00+01:00,74.92
2026-02-18T01:15+01:00,77.41
2026-02-18T01:30+01:00,80.72
2026-02-18T01:45+01:00,83.53
2026-02-18T02:00+01:00,79.48
2026-02-18T02:15+01:00,84.46
2026-02-18T02:30+01:00,82.74
2026-02-18T02:45+01:00,87.98
2026-02-18T03:00+01:00,79.82
2026-02-18T03:15+01:00,81.7
2026-02-18T03:30+01:00,86.75
2026-02-18T03:45+01:00,91.96
2026-02-18T04:00+01:00,86.75
2026-02-18T04:15+01:00,92.39
2026-02-18T04:30+01:00,94.37
2026-02-18T04:45+01:00,95.83
2026-02-18T05:00+01:00,96.72
2026-02-18T05:15+01:00,96.92
2026-02-18T05:30+01:00,100.98
2026-02-18T05:45+01:00,107.64
2026-02-18T06:00+01:00,100.66
2026-02-18T06:15+01:00,111.55
2026-02-18T06:30+01:00,129.41
2026-02-18T06:45+01:00,150.7
2026-02-18T07:00+01:00,148.43
2026-02-18T07:15+01:00,173.39
2026-02-18T07:30+01:00,192.2
2026-02-18T07:45+01:00,206.06
2026-02-18T08:00+01:00,206.42
2026-02-18T08:15+01:00,209.66
2026-02-18T08:30+01:00,193.72
2026-02-18T08:45+01:00,180.47
2026-02-18T09:00+01:00,160.11
2026-02-18T09:15+01:00,163.12
2026-02-18T09:30+01:00,169.52
2026-02-18T09:45+01:00,189.94
2026-02-18T10:00+01:00,184.99
2026-02-18T10:15+01:00,179.9
2026-02-18T10:30+01:00,188.21
2026-02-18T10:45+01:00,180.54
2026-02-18T11:00+01:00,150.22
2026-02-18T11:15+01:00,142.8
2026-02-18T11:30+01:00,135.44
2026-02-18T11:45+01:00,132.55
2026-02-18T12:00+01:00,152.24
2026-02-18T12:15+01:00,150.15
2026-02-18T12:30+01:00,142.95
2026-02-18T12:45+01:00,135.18
2026-02-18T13:00+01:00,138.05
2026-02-18T13:15+01:00,136.22
2026-02-18T13:30+01:00,135.94
2026-02-18T13:45+01:00,136.27
2026-02-18T14:00+01:00,136.15
2026-02-18T14:15+01:00,136.24
2026-02-18T14:30+01:00,135.37
2026-02-18T14:45+01:00,138.89
2026-02-18T15:00+01:00,130.33
2026-02-18T15:15+01:00,134.99
2026-02-18T15:30+01:00,143.35
2026-02-18T15:45+01:00,150.09
2026-02-18T16:00+01:00,135
2026-02-18T16:15+01:00,143.34
2026-02-18T16:30+01:00,150.07
2026-02-18T16:45+01:00,164.35
2026-02-18T17:00+01:00,168.11
2026-02-18T17:15+01:00,183.98
2026-02-18T17:30+01:00,189.27
2026-02-18T17:45+01:00,189.58
2026-02-18T18:00+01:00,185.73
2026-02-18T18:15+01:00,182.12
2026-02-18T18:30+01:00,164.32
2026-02-18T18:45+01:00,139.1
2026-02-18T19:00+01:00,163.93
2026-02-18T19:15+01:00,142.87
2026-02-18T19:30+01:00,127.98
2026-02-18T19:45+01:00,123.96
2026-02-18T20:00+01:00,134.99
2026-02-18T20:15+01:00,126.09
2026-02-18T20:30+01:00,121.03
2026-02-18T20:45+01:00,115.62
2026-02-18T21:00+01:00,126.12
2026-02-18T21:15+01:00,120.06
2026-02-18T21:30+01:00,119.82
2026-02-18T21:45+01:00,111.52
2026-02-18T22:00+01:00,114.74
2026-02-18T22:15+01:00,108.96
2026-02-18T22:30+01:00,106.24
2026-02-18T22:45+01:00,105.05
2026-02-18T23:00+01:00,104.32
2026-02-18T23:15+01:00,103.56
2026-02-18T23:30+01:00,102.66
2026-02-18T23:45+01:00,101.06
2026-02-19T00:00+01:00,101.84
2026-02-19T00:15+01:00,101.68
2026-02-19T00:30+01:00,101.18
2026-02-19T00:45+01:00,101.2
2026-02-19T01:00+01:00,100.48
2026-02-19T01:15+01:00,100.79
2026-02-19T01:30+01:00,101.41
2026-02-19T01:45+01:00,102.09
2026-02-19T02:00+01:00,100.08
2026-02-19T02:15+01:00,100.73
2026-02-19T02:30+01:00,100.8
2026-02-19T02:45+01:00,101.22
2026-02-19T03:00+01:00,100.06
2026-02-19T03:15+01:00,100.23
2026-02-19T03:30+01:00,100.76
2026-02-19T03:45+01:00,100.92
2026-02-19T04:00+01:00,100.14
2026-02-19T04:15+01:00,101.18
2026-02-19T04:30+01:00,102.09
2026-02-19T04:45+01:00,102.3
2026-02-19T05:00+01:00,100.1
2026-02-19T05:15+01:00,102.27
2026-02-19T05:30+01:00,103.97
2026-02-19T05:45+01:00,120.9
2026-02-19T06:00+01:00,105.37
2026-02-19T06:15+01:00,118.66
2026-02-19T06:30+01:00,147.52
2026-02-19T06:45+01:00,287.86
2026-02-19T07:00+01:00,253.48
2026-02-19T07:15+01:00,345.31
2026-02-19T07:30+01:00,395.3
2026-02-19T07:45+01:00,412.75
2026-02-19T08:00+01:00,434.56
2026-02-19T08:15+01:00,486.93
2026-02-19T08:30+01:00,486.96
2026-02-19T08:45+01:00,434.26
2026-02-19T09:00+01:00,399.95
2026-02-19T09:15+01:00,383.45
2026-02-19T09:30+01:00,357.74
2026-02-19T09:45+01:00,309.4
2026-02-19T10:00+01:00,301.57
2026-02-19T10:15+01:00,238.05
2026-02-19T10:30+01:00,222.96
2026-02-19T10:45+01:00,193.36
2026-02-19T11:00+01:00,221.38
2026-02-19T11:15+01:00,193.73
2026-02-19T11:30+01:00,150.58
2026-02-19T11:45+01:00,133.29
2026-02-19T12:00+01:00,166.39
2026-02-19T12:15+01:00,149
2026-02-19T12:30+01:00,130.94
2026-02-19T12:45+01:00,116.94
2026-02-19T13:00+01:00,131.03
2026-02-19T13:15+01:00,122.44
2026-02-19T13:30+01:00,117.26
2026-02-19T13:45+01:00,109.8
2026-02-19T14:00+01:00,114.09
2026-02-19T14:15+01:00,114.12
2026-02-19T14:30+01:00,114.15
2026-02-19T14:45+01:00,119.56
2026-02-19T15:00+01:00,114.06
2026-02-19T15:15+01:00,123.97
2026-02-19T15:30+01:00,140
2026-02-19T15:45+01:00,156.85
2026-02-19T16:00+01:00,110.41
2026-02-19T16:15+01:00,133.04
2026-02-19T16:30+01:00,182.69
2026-02-19T16:45+01:00,191.36
2026-02-19T17:00+01:00,195.15
2026-02-19T17:15+01:00,229.35
2026-02-19T17:30+01:00,234.55
2026-02-19T17:45+01:00,229.84
2026-02-19T18:00+01:00,216.79
2026-02-19T18:15+01:00,177.18
2026-02-19T18:30+01:00,157.9
2026-02-19T18:45+01:00,139.03
2026-02-19T19:00+01:00,161.45
2026-02-19T19:15+01:00,147.2
2026-02-19T19:30+01:00,139.65
2026-02-19T19:45+01:00,125.39
2026-02-19T20:00+01:00,188.49
2026-02-19T20:15+01:00,153.42
2026-02-19T20:30+01:00,124.89
2026-02-19T20:45+01:00,111.1
2026-02-19T21:00+01:00,128
2026-02-19T21:15+01:00,120.46
2026-02-19T21:30+01:00,117.94
2026-02-19T21:45+01:00,116.41
2026-02-19T22:00+01:00,112.24
2026-02-19T22:15+01:00,108.88
2026-02-19T22:30+01:00,105.22
2026-02-19T22:45+01:00,101.88
2026-02-19T23:00+01:00,102.99
2026-02-19T23:15+01:00,99.25
2026-02-19T23:30+01:00,94.99
2026-02-19T23:45+01:00,90.86
2026-02-20T00:00+01:00,97.03
2026-02-20T00:15+01:00,97.55
2026-02-20T00:30+01:00,95.97
2026-02-20T00:45+01:00,97.17
2026-02-20T01:00+01:00,96.7
2026-02-20T01:15+01:00,97.17
2026-02-20T01:30+01:00,94.2
2026-02-20T01:45+01:00,93.73
2026-02-20T02:00+01:00,92.95
2026-02-20T02:15+01:00,93.23
2026-02-20T02:30+01:00,91.81
2026-02-20T02:45+01:00,83.75
2026-02-20T03:00+01:00,81.77
2026-02-20T03:15+01:00,81.09
2026-02-20T03:30+01:00,81.34
2026-02-20T03:45+01:00,81.16
2026-02-20T04:00+01:00,78.66
2026-02-20T04:15+01:00,79.27
2026-02-20T04:30+01:00,80.48
2026-02-20T04:45+01:00,82.63
2026-02-20T05:00+01:00,82.6
2026-02-20T05:15+01:00,81.78
2026-02-20T05:30+01:00,86.01
2026-02-20T05:45+01:00,100.53
2026-02-20T06:00+01:00,79.65
2026-02-20T06:15+01:00,106.8
2026-02-20T06:30+01:00,111.28
2026-02-20T06:45+01:00,119.3
2026-02-20T07:00+01:00,115.71
2026-02-20T07:15+01:00,120.94
2026-02-20T07:30+01:00,134.09
2026-02-20T07:45+01:00,128.99
2026-02-20T08:00+01:00,137.72
2026-02-20T08:15+01:00,137.25
2026-02-20T08:30+01:00,127.93
2026-02-20T08:45+01:00,116.7
2026-02-20T09:00+01:00,120.8
2026-02-20T09:15+01:00,115.8
2026-02-20T09:30+01:00,101.2
2026-02-20T09:45+01:00,90.11
2026-02-20T10:00+01:00,103.47
2026-02-20T10:15+01:00,90.85
2026-02-20T10:30+01:00,78.38
2026-02-20T10:45+01:00,73.52
2026-02-20T11:00+01:00,85.63
2026-02-20T11:15+01:00,78.74
2026-02-20T11:30+01:00,73.78
2026-02-20T11:45+01:00,63.11
2026-02-20T12:00+01:00,74.15
2026-02-20T12:15+01:00,69.99
2026-02-20T12:30+01:00,62.6
2026-02-20T12:45+01:00,60.12
2026-02-20T13:00+01:00,62.87
2026-02-20T13:15+01:00,61.59
2026-02-20T13:30+01:00,56.25
2026-02-20T13:45+01:00,51.67
2026-02-20T14:00+01:00,59.15
2026-02-20T14:15+01:00,58.46
2026-02-20T14:30+01:00,54.81
2026-02-20T14:45+01:00,53.02
2026-02-20T15:00+01:00,57
2026-02-20T15:15+01:00,55.33
2026-02-20T15:30+01:00,54.51
2026-02-20T15:45+01:00,53.02
2026-02-20T16:00+01:00,54.96
2026-02-20T16:15+01:00,55.43
2026-02-20T16:30+01:00,54.35
2026-02-20T16:45+01:00,55.48
2026-02-20T17:00+01:00,58.57
2026-02-20T17:15+01:00,58.32
2026-02-20T17:30+01:00,57.23
2026-02-20T17:45+01:00,56.79
2026-02-20T18:00+01:00,57.25
2026-02-20T18:15+01:00,54.37
2026-02-20T18:30+01:00,53.51
2026-02-20T18:45+01:00,52.71
2026-02-20T19:00+01:00,56.31
2026-02-20T19:15+01:00,55.35
2026-02-20T19:30+01:00,52.15
2026-02-20T19:45+01:00,48.52
2026-02-20T20:00+01:00,52.67
2026-02-20T20:15+01:00,51.34
2026-02-20T20:30+01:00,48.73
2026-02-20T20:45+01:00,46.12
2026-02-20T21:00+01:00,51.09
2026-02-20T21:15+01:00,49.43
2026-02-20T21:30+01:00,45.28
2026-02-20T21:45+01:00,36.39
2026-02-20T22:00+01:00,50.73
2026-02-20T22:15+01:00,48.11
2026-02-20T22:30+01:00,39.92
2026-02-20T22:45+01:00,29.65
2026-02-20T23:00+01:00,41.14
2026-02-20T23:15+01:00,33.66
2026-02-20T23:30+01:00,31.62
2026-02-20T23:45+01:00,25.99
2026-02-21T00:00+01:00,10.09
2026-02-21T00:15+01:00,13.01
2026-02-21T00:30+01:00,14.78
2026-02-21T00:45+01:00,12.92
2026-02-21T01:00+01:00,14.62
2026-02-21T01:15+01:00,16.3
2026-02-21T01:30+01:00,18.05
2026-02-21T01:45+01:00,17.9
2026-02-21T02:00+01:00,18.2
2026-02-21T02:15+01:00,18.35
2026-02-21T02:30+01:00,20.65
2026-02-21T02:45+01:00,19.21
2026-02-21T03:00+01:00,20.85
2026-02-21T03:15+01:00,20.59
2026-02-21T03:30+01:00,22.53
2026-02-21T03:45+01:00,27.98
2026-02-21T04:00+01:00,18.93
2026-02-21T04:15+01:00,22.54
2026-02-21T04:30+01:00,27.05
2026-02-21T04:45+01:00,29.91
2026-02-21T05:00+01:00,18.29
2026-02-21T05:15+01:00,25.05
2026-02-21T05:30+01:00,33.39
2026-02-21T05:45+01:00,36.99
2026-02-21T06:00+01:00,20.26
2026-02-21T06:15+01:00,27.79
2026-02-21T06:30+01:00,31.59
2026-02-21T06:45+01:00,38.26
2026-02-21T07:00+01:00,31.79
2026-02-21T07:15+01:00,33.26
2026-02-21T07:30+01:00,39.92
2026-02-21T07:45+01:00,45.55
2026-02-21T08:00+01:00,37.38
2026-02-21T08:15+01:00,42.33
2026-02-21T08:30+01:00,51.92
2026-02-21T08:45+01:00,56.3
2026-02-21T09:00+01:00,56.54
2026-02-21T09:15+01:00,53.99
2026-02-21T09:30+01:00,58.52
2026-02-21T09:45+01:00,56.86
2026-02-21T10:00+01:00,62.97
2026-02-21T10:15+01:00,62.38
2026-02-21T10:30+01:00,58.35
2026-02-21T10:45+01:00,54.41
2026-02-21T11:00+01:00,63.19
2026-02-21T11:15+01:00,59.26
2026-02-21T11:30+01:00,58.44
2026-02-21T11:45+01:00,55.85
2026-02-21T12:00+01:00,68.4
2026-02-21T12:15+01:00,60.05
2026-02-21T12:30+01:00,55.92
2026-02-21T12:45+01:00,51.71
2026-02-21T13:00+01:00,58.77
2026-02-21T13:15+01:00,58.15
2026-02-21T13:30+01:00,52.13
2026-02-21T13:45+01:00,52.97
2026-02-21T14:00+01:00,45.97
2026-02-21T14:15+01:00,50.71
2026-02-21T14:30+01:00,59.1
2026-02-21T14:45+01:00,71.16
2026-02-21T15:00+01:00,49.33
2026-02-21T15:15+01:00,59.61
2026-02-21T15:30+01:00,77.19
2026-02-21T15:45+01:00,87.9
2026-02-21T16:00+01:00,64.99
2026-02-21T16:15+01:00,79.82
2026-02-21T16:30+01:00,84.96
2026-02-21T16:45+01:00,85.94
2026-02-21T17:00+01:00,85.05
2026-02-21T17:15+01:00,91.57
2026-02-21T17:30+01:00,82.73
2026-02-21T17:45+01:00,83.32
2026-02-21T18:00+01:00,98.46
2026-02-21T18:15+01:00,98.31
2026-02-21T18:30+01:00,97.87
2026-02-21T18:45+01:00,81.82
2026-02-21T19:00+01:00,84.81
2026-02-21T19:15+01:00,69.99
2026-02-21T19:30+01:00,70
2026-02-21T19:45+01:00,64.83
2026-02-21T20:00+01:00,72.47
2026-02-21T20:15+01:00,60.94
2026-02-21T20:30+01:00,55.83
2026-02-21T20:45+01:00,53.43
2026-02-21T21:00+01:00,55.28
2026-02-21T21:15+01:00,54.36
2026-02-21T21:30+01:00,51.92
2026-02-21T21:45+01:00,48.76
2026-02-21T22:00+01:00,51.2
2026-02-21T22:15+01:00,50.16
2026-02-21T22:30+01:00,45.43
2026-02-21T22:45+01:00,39.32
2026-02-21T23:00+01:00,49.16
2026-02-21T23:15+01:00,44.2
2026-02-21T23:30+01:00,42.16
2026-02-21T23:45+01:00,37.89
2026-02-22T00:00+01:00,34.93
2026-02-22T00:15+01:00,41.86
2026-02-22T00:30+01:00,39.07
2026-02-22T00:45+01:00,37.61
2026-02-22T01:00+01:00,43.81
2026-02-22T01:15+01:00,45.45
2026-02-22T01:30+01:00,42.47
2026-02-22T01:45+01:00,36.11
2026-02-22T02:00+01:00,42.27
2026-02-22T02:15+01:00,40.94
2026-02-22T02:30+01:00,36.77
2026-02-22T02:45+01:00,33.7
2026-02-22T03:00+01:00,34.53
2026-02-22T03:15+01:00,33.8
2026-02-22T03:30+01:00,41.04
2026-02-22T03:45+01:00,37.62
2026-02-22T04:00+01:00,33.26
2026-02-22T04:15+01:00,31.53
2026-02-22T04:30+01:00,37.5
2026-02-22T04:45+01:00,37.49
2026-02-22T05:00+01:00,34.45
2026-02-22T05:15+01:00,35.55
2026-02-22T05:30+01:00,34.46
2026-02-22T05:45+01:00,34.29
2026-02-22T06:00+01:00,29.06
2026-02-22T06:15+01:00,31.6
2026-02-22T06:30+01:00,34.99
2026-02-22T06:45+01:00,38.95
2026-02-22T07:00+01:00,32.59
2026-02-22T07:15+01:00,40.54
2026-02-22T07:30+01:00,41.97
2026-02-22T07:45+01:00,45.66
2026-02-22T08:00+01:00,42.57
2026-02-22T08:15+01:00,46.02
2026-02-22T08:30+01:00,47.35
2026-02-22T08:45+01:00,53.29
2026-02-22T09:00+01:00,50.14
2026-02-22T09:15+01:00,53.72
2026-02-22T09:30+01:00,55.2
2026-02-22T09:45+01:00,72.73
2026-02-22T10:00+01:00,58.64
2026-02-22T10:15+01:00,61.93
2026-02-22T10:30+01:00,72.28
2026-02-22T10:45+01:00,75.49
2026-02-22T11:00+01:00,63.61
2026-02-22T11:15+01:00,72.32
2026-02-22T11:30+01:00,75.13
2026-02-22T11:45+01:00,75.07
2026-02-22T12:00+01:00,72.08
2026-02-22T12:15+01:00,75.59
2026-02-22T12:30+01:00,74.41
2026-02-22T12:45+01:00,73.68
2026-02-22T13:00+01:00,74.46
2026-02-22T13:15+01:00,72.94
2026-02-22T13:30+01:00,73.47
2026-02-22T13:45+01:00,74.91
2026-02-22T14:00+01:00,77.39
2026-02-22T14:15+01:00,75.67
2026-02-22T14:30+01:00,74.94
2026-02-22T14:45+01:00,74.94
2026-02-22T15:00+01:00,74.92
2026-02-22T15:15+01:00,75.16
2026-02-22T15:30+01:00,74.51
2026-02-22T15:45+01:00,75.4
2026-02-22T16:00+01:00,73.41
2026-02-22T16:15+01:00,79.04
2026-02-22T16:30+01:00,79.7
2026-02-22T16:45+01:00,85.02
2026-02-22T17:00+01:00,83.22
2026-02-22T17:15+01:00,89.62
2026-02-22T17:30+01:00,91.91
2026-02-22T17:45+01:00,93.97
2026-02-22T18:00+01:00,94.96
2026-02-22T18:15+01:00,94.43
2026-02-22T18:30+01:00,92.49
2026-02-22T18:45+01:00,90.25
2026-02-22T19:00+01:00,91.17
2026-02-22T19:15+01:00,90.29
2026-02-22T19:30+01:00,88.43
2026-02-22T19:45+01:00,87.5
2026-02-22T20:00+01:00,86.35
2026-02-22T20:15+01:00,84.51
2026-02-22T20:30+01:00,80.09
2026-02-22T20:45+01:00,74.08
2026-02-22T21:00+01:00,79.6
2026-02-22T21:15+01:00,78.57
2026-02-22T21:30+01:00,75.08
2026-02-22T21:45+01:00,71.11
2026-02-22T22:00+01:00,81.85
2026-02-22T22:15+01:00,77.51
2026-02-22T22:30+01:00,68.17
2026-02-22T22:45+01:00,54.28
2026-02-22T23:00+01:00,72.13
2026-02-22T23:15+01:00,60.6
2026-02-22T23:30+01:00,53.29
2026-02-22T23:45+01:00,49.71
2026-02-23T00:00+01:00,61.44
2026-02-23T00:15+01:00,59.99
2026-02-23T00:30+01:00,55.13
2026-02-23T00:45+01:00,54.84
2026-02-23T01:00+01:00,53.28
2026-02-23T01:15+01:00,52.15
2026-02-23T01:30+01:00,52.62
2026-02-23T01:45+01:00,51.77
2026-02-23T02:00+01:00,54.47
2026-02-23T02:15+01:00,51.6
2026-02-23T02:30+01:00,51.33
2026-02-23T02:45+01:00,50.86
2026-02-23T03:00+01:00,50.41
2026-02-23T03:15+01:00,50.51
2026-02-23T03:30+01:00,50
2026-02-23T03:45+01:00,49.46
2026-02-23T04:00+01:00,50
2026-02-23T04:15+01:00,50.03
2026-02-23T04:30+01:00,49.68
2026-02-23T04:45+01:00,50.13
2026-02-23T05:00+01:00,49.76
2026-02-23T05:15+01:00,52.45
2026-02-23T05:30+01:00,59.99
2026-02-23T05:45+01:00,81.77
2026-02-23T06:00+01:00,51.38
2026-02-23T06:15+01:00,73.18
2026-02-23T06:30+01:00,90.53
2026-02-23T06:45+01:00,96.38
2026-02-23T07:00+01:00,96.05
2026-02-23T07:15+01:00,97.51
2026-02-23T07:30+01:00,99.43
2026-02-23T07:45+01:00,101.5
2026-02-23T08:00+01:00,103.28
2026-02-23T08:15+01:00,103.08
2026-02-23T08:30+01:00,102.02
2026-02-23T08:45+01:00,99.09
2026-02-23T09:00+01:00,100
2026-02-23T09:15+01:00,97.68
2026-02-23T09:30+01:00,96.35
2026-02-23T09:45+01:00,95.68
2026-02-23T10:00+01:00,95.19
2026-02-23T10:15+01:00,93
2026-02-23T10:30+01:00,92.89
2026-02-23T10:45+01:00,92.15
2026-02-23T11:00+01:00,89.83
2026-02-23T11:15+01:00,89.13
2026-02-23T11:30+01:00,88.94
2026-02-23T11:45+01:00,88.92
2026-02-23T12:00+01:00,89.25
2026-02-23T12:15+01:00,88.99
2026-02-23T12:30+01:00,88.91
2026-02-23T12:45+01:00,88.91
2026-02-23T13:00+01:00,88.7
2026-02-23T13:15+01:00,88.71
2026-02-23T13:30+01:00,88.61
2026-02-23T13:45+01:00,88.68
2026-02-23T14:00+01:00,90.3
2026-02-23T14:15+01:00,90.67
2026-02-23T14:30+01:00,90.8
2026-02-23T14:45+01:00,91.46
2026-02-23T15:00+01:00,93
2026-02-23T15:15+01:00,93.34
2026-02-23T15:30+01:00,94.24
2026-02-23T15:45+01:00,96.49
2026-02-23T16:00+01:00,91.94
2026-02-23T16:15+01:00,93.1
2026-02-23T16:30+01:00,95.85
2026-02-23T16:45+01:00,102.38
2026-02-23T17:00+01:00,96.4
2026-02-23T17:15+01:00,99.41
2026-02-23T17:30+01:00,101.68
2026-02-23T17:45+01:00,104.59
2026-02-23T18:00+01:00,105.85
2026-02-23T18:15+01:00,105.86
2026-02-23T18:30+01:00,105.98
2026-02-23T18:45+01:00,113.67
2026-02-23T19:00+01:00,109.04
2026-02-23T19:15+01:00,110.48
2026-02-23T19:30+01:00,110.9
2026-02-23T19:45+01:00,113.15
2026-02-23T20:00+01:00,102.73
2026-02-23T20:15+01:00,102.8
2026-02-23T20:30+01:00,100
2026-02-23T20:45+01:00,99.3
2026-02-23T21:00+01:00,100.97
2026-02-23T21:15+01:00,99.92
2026-02-23T21:30+01:00,97.7
2026-02-23T21:45+01:00,95.31
2026-02-23T22:00+01:00,97.71
2026-02-23T22:15+01:00,96.97
2026-02-23T22:30+01:00,95.37
2026-02-23T22:45+01:00,93.31
2026-02-23T23:00+01:00,93.57
2026-02-23T23:15+01:00,91.21
2026-02-23T23:30+01:00,89.45
2026-02-23T23:45+01:00,84.34
2026-02-24T00:00+01:00,89.24
2026-02-24T00:15+01:00,88.48
2026-02-24T00:30+01:00,88.06
2026-02-24T00:45+01:00,87.82
2026-02-24T01:00+01:00,87.57
2026-02-24T01:15+01:00,87
2026-02-24T01:30+01:00,86.89
2026-02-24T01:45+01:00,87.61
2026-02-24T02:00+01:00,87.31
2026-02-24T02:15+01:00,88.4
2026-02-24T02:30+01:00,88.56
2026-02-24T02:45+01:00,89.47
2026-02-24T03:00+01:00,86.28
2026-02-24T03:15+01:00,87.86
2026-02-24T03:30+01:00,88.71
2026-02-24T03:45+01:00,89.38
2026-02-24T04:00+01:00,88.04
2026-02-24T04:15+01:00,88.41
2026-02-24T04:30+01:00,88.89
2026-02-24T04:45+01:00,89.93
2026-02-24T05:00+01:00,88.43
2026-02-24T05:15+01:00,90.9
2026-02-24T05:30+01:00,94.91
2026-02-24T05:45+01:00,100.74
2026-02-24T06:00+01:00,96.39
2026-02-24T06:15+01:00,105.98
2026-02-24T06:30+01:00,118.45
2026-02-24T06:45+01:00,127.21
2026-02-24T07:00+01:00,121.41
2026-02-24T07:15+01:00,132.54
2026-02-24T07:30+01:00,141.59
2026-02-24T07:45+01:00,149.91
2026-02-24T08:00+01:00,143.81
2026-02-24T08:15+01:00,150.51
2026-02-24T08:30+01:00,154.93
2026-02-24T08:45+01:00,154.39
2026-02-24T09:00+01:00,150.46
2026-02-24T09:15+01:00,150.31
2026-02-24T09:30+01:00,150.51
2026-02-24T09:45+01:00,149.72
2026-02-24T10:00+01:00,153.34
2026-02-24T10:15+01:00,141.14
2026-02-24T10:30+01:00,127.97
2026-02-24T10:45+01:00,117.25
2026-02-24T11:00+01:00,146.7
2026-02-24T11:15+01:00,118.73
2026-02-24T11:30+01:00,112.64
2026-02-24T11:45+01:00,105.74
2026-02-24T12:00+01:00,114.59
2026-02-24T12:15+01:00,106.76
2026-02-24T12:30+01:00,104.13
2026-02-24T12:45+01:00,103.73
2026-02-24T13:00+01:00,104.09
2026-02-24T13:15+01:00,103.63
2026-02-24T13:30+01:00,104.03
2026-02-24T13:45+01:00,104.36
2026-02-24T14:00+01:00,103.8
2026-02-24T14:15+01:00,103.72
2026-02-24T14:30+01:00,103.78
2026-02-24T14:45+01:00,111.94
2026-02-24T15:00+01:00,103.16
2026-02-24T15:15+01:00,109.93
2026-02-24T15:30+01:00,110.57
2026-02-24T15:45+01:00,127.13
2026-02-24T16:00+01:00,113.47
2026-02-24T16:15+01:00,119.99
2026-02-24T16:30+01:00,135.07
2026-02-24T16:45+01:00,172.22
2026-02-24T17:00+01:00,133.64
2026-02-24T17:15+01:00,161.5
2026-02-24T17:30+01:00,199.98
2026-02-24T17:45+01:00,240.15
2026-02-24T18:00+01:00,200.08
2026-02-24T18:15+01:00,194.05
2026-02-24T18:30+01:00,181.88
2026-02-24T18:45+01:00,163.04
2026-02-24T19:00+01:00,179.08
2026-02-24T19:15+01:00,144.75
2026-02-24T19:30+01:00,139.46
2026-02-24T19:45+01:00,116.73
2026-02-24T20:00+01:00,132.87
2026-02-24T20:15+01:00,127.09
2026-02-24T20:30+01:00,117.31
2026-02-24T20:45+01:00,104.76
2026-02-24T21:00+01:00,117.41
2026-02-24T21:15+01:00,111
2026-02-24T21:30+01:00,106.38
2026-02-24T21:45+01:00,99.48
2026-02-24T22:00+01:00,107.95
2026-02-24T22:15+01:00,103.93
2026-02-24T22:30+01:00,100.45
2026-02-24T22:45+01:00,96.12
2026-02-24T23:00+01:00,98.47
2026-02-24T23:15+01:00,96.85
2026-02-24T23:30+01:00,91.41
2026-02-24T23:45+01:00,88.51
2026-02-25T00:00+01:00,99.83
2026-02-25T00:15+01:00,93.24
2026-02-25T00:30+01:00,90.2
2026-02-25T00:45+01:00,87.13
2026-02-25T01:00+01:00,90.14
2026-02-25T01:15+01:00,87.76
2026-02-25T01:30+01:00,85.44
2026-02-25T01:45+01:00,81
2026-02-25T02:00+01:00,87.63
2026-02-25T02:15+01:00,83.83
2026-02-25T02:30+01:00,80.65
2026-02-25T02:45+01:00,74.89
2026-02-25T03:00+01:00,83.76
2026-02-25T03:15+01:00,83.12
2026-02-25T03:30+01:00,81.33
2026-02-25T03:45+01:00,77.8
2026-02-25T04:00+01:00,79.87
2026-02-25T04:15+01:00,77.33
2026-02-25T04:30+01:00,75.96
2026-02-25T04:45+01:00,71.79
2026-02-25T05:00+01:00,67.61
2026-02-25T05:15+01:00,71.26
2026-02-25T05:30+01:00,76.21
2026-02-25T05:45+01:00,95
2026-02-25T06:00+01:00,99.23
2026-02-25T06:15+01:00,111.57
2026-02-25T06:30+01:00,122.64
2026-02-25T06:45+01:00,135.15
2026-02-25T07:00+01:00,128.58
2026-02-25T07:15+01:00,139.35
2026-02-25T07:30+01:00,142.81
2026-02-25T07:45+01:00,135.76
2026-02-25T08:00+01:00,156.94
2026-02-25T08:15+01:00,139.34
2026-02-25T08:30+01:00,132.4
2026-02-25T08:45+01:00,125.35
2026-02-25T09:00+01:00,131.49
2026-02-25T09:15+01:00,123.39
2026-02-25T09:30+01:00,117.94
2026-02-25T09:45+01:00,111.82
2026-02-25T10:00+01:00,112.49
2026-02-25T10:15+01:00,111.04
2026-02-25T10:30+01:00,97.63
2026-02-25T10:45+01:00,88.65
2026-02-25T11:00+01:00,91.28
2026-02-25T11:15+01:00,87
2026-02-25T11:30+01:00,85.04
2026-02-25T11:45+01:00,81.14
2026-02-25T12:00+01:00,86.41
2026-02-25T12:15+01:00,81.58
2026-02-25T12:30+01:00,78.81
2026-02-25T12:45+01:00,78.83
2026-02-25T13:00+01:00,77.65
2026-02-25T13:15+01:00,75.8
2026-02-25T13:30+01:00,71.89
2026-02-25T13:45+01:00,71.16
2026-02-25T14:00+01:00,68.79
2026-02-25T14:15+01:00,65.96
2026-02-25T14:30+01:00,75.37
2026-02-25T14:45+01:00,85.24
2026-02-25T15:00+01:00,67.35
2026-02-25T15:15+01:00,62.05
2026-02-25T15:30+01:00,61.31
2026-02-25T15:45+01:00,62.98
2026-02-25T16:00+01:00,57.13
2026-02-25T16:15+01:00,61.81
2026-02-25T16:30+01:00,65.24
2026-02-25T16:45+01:00,71.05
2026-02-25T17:00+01:00,66.96
2026-02-25T17:15+01:00,71.51
2026-02-25T17:30+01:00,76.56
2026-02-25T17:45+01:00,80.99
2026-02-25T18:00+01:00,83
2026-02-25T18:15+01:00,77.03
2026-02-25T18:30+01:00,72.84
2026-02-25T18:45+01:00,70.79
2026-02-25T19:00+01:00,70.84
2026-02-25T19:15+01:00,67.61
2026-02-25T19:30+01:00,65.02
2026-02-25T19:45+01:00,64.09
2026-02-25T20:00+01:00,64.41
2026-02-25T20:15+01:00,60.97
2026-02-25T20:30+01:00,58.29
2026-02-25T20:45+01:00,55.7
2026-02-25T21:00+01:00,60.16
2026-02-25T21:15+01:00,59
2026-02-25T21:30+01:00,57.96
2026-02-25T21:45+01:00,55.43
2026-02-25T22:00+01:00,60.2
2026-02-25T22:15+01:00,58.49
2026-02-25T22:30+01:00,56.25
2026-02-25T22:45+01:00,54.71
2026-02-25T23:00+01:00,57.66
2026-02-25T23:15+01:00,55.46
2026-02-25T23:30+01:00,54.04
2026-02-25T23:45+01:00,48.85
2026-02-26T00:00+01:00,51.12
2026-02-26T00:15+01:00,51.53
2026-02-26T00:30+01:00,49.8
2026-02-26T00:45+01:00,49.45
2026-02-26T01:00+01:00,50.5
2026-02-26T01:15+01:00,48.25
2026-02-26T01:30+01:00,47.48
2026-02-26T01:45+01:00,45.97
2026-02-26T02:00+01:00,46.96
2026-02-26T02:15+01:00,46.75
2026-02-26T02:30+01:00,47.09
2026-02-26T02:45+01:00,48.94
2026-02-26T03:00+01:00,47.24
2026-02-26T03:15+01:00,47.7
2026-02-26T03:30+01:00,48.41
2026-02-26T03:45+01:00,47.3
2026-02-26T04:00+01:00,45.27
2026-02-26T04:15+01:00,47.26
2026-02-26T04:30+01:00,53.66
2026-02-26T04:45+01:00,58.59
2026-02-26T05:00+01:00,45.05
2026-02-26T05:15+01:00,49.24
2026-02-26T05:30+01:00,56.94
2026-02-26T05:45+01:00,73.49
2026-02-26T06:00+01:00,55
2026-02-26T06:15+01:00,60.63
2026-02-26T06:30+01:00,73.99
2026-02-26T06:45+01:00,82.39
2026-02-26T07:00+01:00,74.05
2026-02-26T07:15+01:00,81.54
2026-02-26T07:30+01:00,85.26
2026-02-26T07:45+01:00,86.99
2026-02-26T08:00+01:00,88.04
2026-02-26T08:15+01:00,86.77
2026-02-26T08:30+01:00,84.44
2026-02-26T08:45+01:00,79.27
2026-02-26T09:00+01:00,87.49
2026-02-26T09:15+01:00,79.8
2026-02-26T09:30+01:00,67.14
2026-02-26T09:45+01:00,58.96
2026-02-26T10:00+01:00,69.55
2026-02-26T10:15+01:00,65.73
2026-02-26T10:30+01:00,63.65
2026-02-26T10:45+01:00,58.83
2026-02-26T11:00+01:00,72.98
2026-02-26T11:15+01:00,59.9
2026-02-26T11:30+01:00,49.42
2026-02-26T11:45+01:00,47.11
2026-02-26T12:00+01:00,50.07
2026-02-26T12:15+01:00,48.95
2026-02-26T12:30+01:00,48.34
2026-02-26T12:45+01:00,48.1
2026-02-26T13:00+01:00,47.42
2026-02-26T13:15+01:00,48.28
2026-02-26T13:30+01:00,47.58
2026-02-26T13:45+01:00,47.35
2026-02-26T14:00+01:00,46.11
2026-02-26T14:15+01:00,43
2026-02-26T14:30+01:00,52.36
2026-02-26T14:45+01:00,64
2026-02-26T15:00+01:00,50.39
2026-02-26T15:15+01:00,60.54
2026-02-26T15:30+01:00,69.31
2026-02-26T15:45+01:00,78.26
2026-02-26T16:00+01:00,61.56
2026-02-26T16:15+01:00,73.3
2026-02-26T16:30+01:00,78.66
2026-02-26T16:45+01:00,80.35
2026-02-26T17:00+01:00,76.81
2026-02-26T17:15+01:00,78.32
2026-02-26T17:30+01:00,80.19
2026-02-26T17:45+01:00,79.76
2026-02-26T18:00+01:00,80.67
2026-02-26T18:15+01:00,80.36
2026-02-26T18:30+01:00,78.47
2026-02-26T18:45+01:00,75.5
2026-02-26T19:00+01:00,76.41
2026-02-26T19:15+01:00,72.64
2026-02-26T19:30+01:00,70.72
2026-02-26T19:45+01:00,68.52
2026-02-26T20:00+01:00,70.52
2026-02-26T20:15+01:00,65.27
2026-02-26T20:30+01:00,58.6
2026-02-26T20:45+01:00,55
2026-02-26T21:00+01:00,59.95
2026-02-26T21:15+01:00,56.06
2026-02-26T21:30+01:00,54.74
2026-02-26T21:45+01:00,52.57
2026-02-26T22:00+01:00,55
2026-02-26T22:15+01:00,53.06
2026-02-26T22:30+01:00,50.47
2026-02-26T22:45+01:00,48.43
2026-02-26T23:00+01:00,50.81
2026-02-26T23:15+01:00,48.36
2026-02-26T23:30+01:00,45.47
2026-02-26T23:45+01:00,43.35
2026-02-27T00:00+01:00,48.46
2026-02-27T00:15+01:00,46.8
2026-02-27T00:30+01:00,45.67
2026-02-27T00:45+01:00,45.74
2026-02-27T01:00+01:00,49.06
2026-02-27T01:15+01:00,48.76
2026-02-27T01:30+01:00,47.81
2026-02-27T01:45+01:00,47.14
2026-02-27T02:00+01:00,47.03
2026-02-27T02:15+01:00,47.23
2026-02-27T02:30+01:00,48.2
2026-02-27T02:45+01:00,49.17
2026-02-27T03:00+01:00,48.09
2026-02-27T03:15+01:00,49.19
2026-02-27T03:30+01:00,50.15
2026-02-27T03:45+01:00,52.18
2026-02-27T04:00+01:00,49.39
2026-02-27T04:15+01:00,52.85
2026-02-27T04:30+01:00,53
2026-02-27T04:45+01:00,55.86
2026-02-27T05:00+01:00,49.22
2026-02-27T05:15+01:00,53.39
2026-02-27T05:30+01:00,61.17
2026-02-27T05:45+01:00,63.24
2026-02-27T06:00+01:00,49.09
2026-02-27T06:15+01:00,56.45
2026-02-27T06:30+01:00,72.96
2026-02-27T06:45+01:00,79.43
2026-02-27T07:00+01:00,66
2026-02-27T07:15+01:00,79.89
2026-02-27T07:30+01:00,80.62
2026-02-27T07:45+01:00,83.8
2026-02-27T08:00+01:00,80.06
2026-02-27T08:15+01:00,79.33
2026-02-27T08:30+01:00,74.11
2026-02-27T08:45+01:00,58.45
2026-02-27T09:00+01:00,82.03
2026-02-27T09:15+01:00,66.57
2026-02-27T09:30+01:00,57.82
2026-02-27T09:45+01:00,55.14
2026-02-27T10:00+01:00,69.16
2026-02-27T10:15+01:00,62.59
2026-02-27T10:30+01:00,51.55
2026-02-27T10:45+01:00,51.03
2026-02-27T11:00+01:00,55
2026-02-27T11:15+01:00,55.72
2026-02-27T11:30+01:00,55
2026-02-27T11:45+01:00,59.51
2026-02-27T12:00+01:00,55
2026-02-27T12:15+01:00,55
2026-02-27T12:30+01:00,55
2026-02-27T12:45+01:00,59.94
2026-02-27T13:00+01:00,55
2026-02-27T13:15+01:00,55
2026-02-27T13:30+01:00,63.81
2026-02-27T13:45+01:00,73.27
2026-02-27T14:00+01:00,55.78
2026-02-27T14:15+01:00,68.24
2026-02-27T14:30+01:00,74.78
2026-02-27T14:45+01:00,76.98
2026-02-27T15:00+01:00,63.39
2026-02-27T15:15+01:00,63.66
2026-02-27T15:30+01:00,77.06
2026-02-27T15:45+01:00,89.29
2026-02-27T16:00+01:00,67.03
2026-02-27T16:15+01:00,85.03
2026-02-27T16:30+01:00,91.64
2026-02-27T16:45+01:00,91.11
2026-02-27T17:00+01:00,88.58
2026-02-27T17:15+01:00,87.05
2026-02-27T17:30+01:00,87.45
2026-02-27T17:45+01:00,86.57
2026-02-27T18:00+01:00,90.44
2026-02-27T18:15+01:00,89.07
2026-02-27T18:30+01:00,87.13
2026-02-27T18:45+01:00,82.57
2026-02-27T19:00+01:00,89.31
2026-02-27T19:15+01:00,84.72
2026-02-27T19:30+01:00,82.83
2026-02-27T19:45+01:00,80.63
2026-02-27T20:00+01:00,85.28
2026-02-27T20:15+01:00,82.9
2026-02-27T20:30+01:00,77.58
2026-02-27T20:45+01:00,69.66
2026-02-27T21:00+01:00,77.44
2026-02-27T21:15+01:00,68.98
2026-02-27T21:30+01:00,61.69
2026-02-27T21:45+01:00,58.18
2026-02-27T22:00+01:00,72.09
2026-02-27T22:15+01:00,64.75
2026-02-27T22:30+01:00,58.02
2026-02-27T22:45+01:00,53.82
2026-02-27T23:00+01:00,59.12
2026-02-27T23:15+01:00,56.24
2026-02-27T23:30+01:00,53.52
2026-02-27T23:45+01:00,51.09
2026-02-28T00:00+01:00,63.27
2026-02-28T00:15+01:00,60.07
2026-02-28T00:30+01:00,56.99
2026-02-28T00:45+01:00,54.43
2026-02-28T01:00+01:00,55
2026-02-28T01:15+01:00,54.14
2026-02-28T01:30+01:00,52.26
2026-02-28T01:45+01:00,50.85
2026-02-28T02:00+01:00,54.7
2026-02-28T02:15+01:00,52.44
2026-02-28T02:30+01:00,51.39
2026-02-28T02:45+01:00,50.56
2026-02-28T03:00+01:00,52
2026-02-28T03:15+01:00,51.53
2026-02-28T03:30+01:00,51.45
2026-02-28T03:45+01:00,51.99
2026-02-28T04:00+01:00,53.55
2026-02-28T04:15+01:00,55
2026-02-28T04:30+01:00,55.88
2026-02-28T04:45+01:00,56.98
2026-02-28T05:00+01:00,53.63
2026-02-28T05:15+01:00,54.3
2026-02-28T05:30+01:00,55.5
2026-02-28T05:45+01:00,56.99
2026-02-28T06:00+01:00,55.35
2026-02-28T06:15+01:00,56.9
2026-02-28T06:30+01:00,57.95
2026-02-28T06:45+01:00,53.71
2026-02-28T07:00+01:00,54.19
2026-02-28T07:15+01:00,54.76
2026-02-28T07:30+01:00,54.36
2026-02-28T07:45+01:00,53.44
2026-02-28T08:00+01:00,56.99
2026-02-28T08:15+01:00,55.46
2026-02-28T08:30+01:00,57
2026-02-28T08:45+01:00,58.85
2026-02-28T09:00+01:00,59.18
2026-02-28T09:15+01:00,61.02
2026-02-28T09:30+01:00,63.94
2026-02-28T09:45+01:00,65.11
2026-02-28T10:00+01:00,59.54
2026-02-28T10:15+01:00,60.69
2026-02-28T10:30+01:00,66.28
2026-02-28T10:45+01:00,71.7
2026-02-28T11:00+01:00,60.12
2026-02-28T11:15+01:00,60.88
2026-02-28T11:30+01:00,64.36
2026-02-28T11:45+01:00,69.99
2026-02-28T12:00+01:00,59.07
2026-02-28T12:15+01:00,57.37
2026-02-28T12:30+01:00,55.57
2026-02-28T12:45+01:00,55.42
2026-02-28T13:00+01:00,52.81
2026-02-28T13:15+01:00,51.78
2026-02-28T13:30+01:00,50.93
2026-02-28T13:45+01:00,50.33
2026-02-28T14:00+01:00,49.82
2026-02-28T14:15+01:00,49.81
2026-02-28T14:30+01:00,49.7
2026-02-28T14:45+01:00,49.68
2026-02-28T15:00+01:00,50.24
2026-02-28T15:15+01:00,50.41
2026-02-28T15:30+01:00,50.44
2026-02-28T15:45+01:00,51
2026-02-28T16:00+01:00,49.66
2026-02-28T16:15+01:00,54.3
2026-02-28T16:30+01:00,64.61
2026-02-28T16:45+01:00,67.29
2026-02-28T17:00+01:00,60.52
2026-02-28T17:15+01:00,64.66
2026-02-28T17:30+01:00,69.41
2026-02-28T17:45+01:00,72.63
2026-02-28T18:00+01:00,70.73
2026-02-28T18:15+01:00,70.46
2026-02-28T18:30+01:00,69.04
2026-02-28T18:45+01:00,66.01
2026-02-28T19:00+01:00,66.89
2026-02-28T19:15+01:00,63.77
2026-02-28T19:30+01:00,61.39
2026-02-28T19:45+01:00,57.3
2026-02-28T20:00+01:00,60.94
2026-02-28T20:15+01:00,57
2026-02-28T20:30+01:00,54.13
2026-02-28T20:45+01:00,53.14
2026-02-28T21:00+01:00,54.41
2026-02-28T21:15+01:00,54.61
2026-02-28T21:30+01:00,54.16
2026-02-28T21:45+01:00,50.04
2026-02-28T22:00+01:00,54.6
2026-02-28T22:15+01:00,53.31
2026-02-28T22:30+01:00,52.98
2026-02-28T22:45+01:00,51.14
2026-02-28T23:00+01:00,55
2026-02-28T23:15+01:00,51.82
2026-02-28T23:30+01:00,50.42
2026-02-28T23:45+01:00,47.38
2026-03-01T00:00+01:00,44.99
2026-03-01T00:15+01:00,44.27
2026-03-01T00:30+01:00,41.8
2026-03-01T00:45+01:00,43.52
2026-03-01T01:00+01:00,44.4
2026-03-01T01:15+01:00,46.2
2026-03-01T01:30+01:00,46.91
2026-03-01T01:45+01:00,46.61
2026-03-01T02:00+01:00,45.41
2026-03-01T02:15+01:00,46.35
2026-03-01T02:30+01:00,47.44
2026-03-01T02:45+01:00,48.01
2026-03-01T03:00+01:00,45.65
2026-03-01T03:15+01:00,46.23
2026-03-01T03:30+01:00,47.25
2026-03-01T03:45+01:00,47.16
2026-03-01T04:00+01:00,45
2026-03-01T04:15+01:00,45.25
2026-03-01T04:30+01:00,45.88
2026-03-01T04:45+01:00,46.02
2026-03-01T05:00+01:00,43.47
2026-03-01T05:15+01:00,44.81
2026-03-01T05:30+01:00,45.33
2026-03-01T05:45+01:00,45.49
2026-03-01T06:00+01:00,43.99
2026-03-01T06:15+01:00,44.4
2026-03-01T06:30+01:00,46.08
2026-03-01T06:45+01:00,46.21
2026-03-01T07:00+01:00,46.08
2026-03-01T07:15+01:00,46.69
2026-03-01T07:30+01:00,46.59
2026-03-01T07:45+01:00,47.97
2026-03-01T08:00+01:00,53.26
2026-03-01T08:15+01:00,50.11
2026-03-01T08:30+01:00,43.89
2026-03-01T08:45+01:00,37.44
2026-03-01T09:00+01:00,43.51
2026-03-01T09:15+01:00,24.4
2026-03-01T09:30+01:00,11.49
2026-03-01T09:45+01:00,11.51
2026-03-01T10:00+01:00,19.2
2026-03-01T10:15+01:00,19.29
2026-03-01T10:30+01:00,15.81
2026-03-01T10:45+01:00,13.38
2026-03-01T11:00+01:00,15.96
2026-03-01T11:15+01:00,15.94
2026-03-01T11:30+01:00,13.76
2026-03-01T11:45+01:00,12.88
2026-03-01T12:00+01:00,14.1
2026-03-01T12:15+01:00,13.86
2026-03-01T12:30+01:00,13.79
2026-03-01T12:45+01:00,13.79
2026-03-01T13:00+01:00,13.68
2026-03-01T13:15+01:00,13.65
2026-03-01T13:30+01:00,13.77
2026-03-01T13:45+01:00,17.1
2026-03-01T14:00+01:00,12.45
2026-03-01T14:15+01:00,15.77
2026-03-01T14:30+01:00,22.46
2026-03-01T14:45+01:00,25.09
2026-03-01T15:00+01:00,12
2026-03-01T15:15+01:00,19.52
2026-03-01T15:30+01:00,35.68
2026-03-01T15:45+01:00,64.12
2026-03-01T16:00+01:00,39.21
2026-03-01T16:15+01:00,52.69
2026-03-01T16:30+01:00,73.87
2026-03-01T16:45+01:00,88.04
2026-03-01T17:00+01:00,83.76
2026-03-01T17:15+01:00,92.79
2026-03-01T17:30+01:00,93.45
2026-03-01T17:45+01:00,94.04
2026-03-01T18:00+01:00,94.47
2026-03-01T18:15+01:00,94.73
2026-03-01T18:30+01:00,95.2
2026-03-01T18:45+01:00,95.28
2026-03-01T19:00+01:00,95.87
2026-03-01T19:15+01:00,87.35
2026-03-01T19:30+01:00,89.92
2026-03-01T19:45+01:00,84.23
2026-03-01T20:00+01:00,83.44
2026-03-01T20:15+01:00,79.7
2026-03-01T20:30+01:00,75.23
2026-03-01T20:45+01:00,67.92
2026-03-01T21:00+01:00,80.97
2026-03-01T21:15+01:00,76.78
2026-03-01T21:30+01:00,72.82
2026-03-01T21:45+01:00,65.77
2026-03-01T22:00+01:00,72.37
2026-03-01T22:15+01:00,65.37
2026-03-01T22:30+01:00,59.47
2026-03-01T22:45+01:00,54.9
2026-03-01T23:00+01:00,67.12
2026-03-01T23:15+01:00,61.43
2026-03-01T23:30+01:00,59.27
2026-03-01T23:45+01:00,53.02
2026-03-02T00:00+01:00,55.76
2026-03-02T00:15+01:00,51.76
2026-03-02T00:30+01:00,50
2026-03-02T00:45+01:00,50.05
2026-03-02T01:00+01:00,51.01
2026-03-02T01:15+01:00,52.29
2026-03-02T01:30+01:00,53.58
2026-03-02T01:45+01:00,53.54
2026-03-02T02:00+01:00,49.78
2026-03-02T02:15+01:00,53.61
2026-03-02T02:30+01:00,54.63
2026-03-02T02:45+01:00,57.27
2026-03-02T03:00+01:00,49.23
2026-03-02T03:15+01:00,53.94
2026-03-02T03:30+01:00,63.87
2026-03-02T03:45+01:00,68.22
2026-03-02T04:00+01:00,53.73
2026-03-02T04:15+01:00,66.28
2026-03-02T04:30+01:00,71.62
2026-03-02T04:45+01:00,76.03
2026-03-02T05:00+01:00,73.38
2026-03-02T05:15+01:00,77.44
2026-03-02T05:30+01:00,83.07
2026-03-02T05:45+01:00,84.04
2026-03-02T06:00+01:00,83.6
2026-03-02T06:15+01:00,87.41
2026-03-02T06:30+01:00,96.27
2026-03-02T06:45+01:00,107.88
2026-03-02T07:00+01:00,119.58
2026-03-02T07:15+01:00,148.62
2026-03-02T07:30+01:00,130.7
2026-03-02T07:45+01:00,120.64
2026-03-02T08:00+01:00,175.43
2026-03-02T08:15+01:00,120.76
2026-03-02T08:30+01:00,107.38
2026-03-02T08:45+01:00,86.85
2026-03-02T09:00+01:00,112.26
2026-03-02T09:15+01:00,99.94
2026-03-02T09:30+01:00,93.69
2026-03-02T09:45+01:00,103.67
2026-03-02T10:00+01:00,94.9
2026-03-02T10:15+01:00,98.04
2026-03-02T10:30+01:00,96.81
2026-03-02T10:45+01:00,92.55
2026-03-02T11:00+01:00,99.19
2026-03-02T11:15+01:00,100.53
2026-03-02T11:30+01:00,96.25
2026-03-02T11:45+01:00,96.39
2026-03-02T12:00+01:00,96.33
2026-03-02T12:15+01:00,97.63
2026-03-02T12:30+01:00,95.72
2026-03-02T12:45+01:00,95.1
2026-03-02T13:00+01:00,88.05
2026-03-02T13:15+01:00,88.04
2026-03-02T13:30+01:00,88.54
2026-03-02T13:45+01:00,87.12
2026-03-02T14:00+01:00,87.93
2026-03-02T14:15+01:00,85.93
2026-03-02T14:30+01:00,83.81
2026-03-02T14:45+01:00,89.06
2026-03-02T15:00+01:00,80.66
2026-03-02T15:15+01:00,82.6
2026-03-02T15:30+01:00,84.97
2026-03-02T15:45+01:00,98.3
2026-03-02T16:00+01:00,83.85
2026-03-02T16:15+01:00,90.97
2026-03-02T16:30+01:00,101.83
2026-03-02T16:45+01:00,110.38
2026-03-02T17:00+01:00,99.14
2026-03-02T17:15+01:00,110
2026-03-02T17:30+01:00,119.35
2026-03-02T17:45+01:00,161.28
2026-03-02T18:00+01:00,157.06
2026-03-02T18:15+01:00,137.95
2026-03-02T18:30+01:00,100.44
2026-03-02T18:45+01:00,86.48
2026-03-02T19:00+01:00,124.68
2026-03-02T19:15+01:00,85.79
2026-03-02T19:30+01:00,75.74
2026-03-02T19:45+01:00,69.25
2026-03-02T20:00+01:00,74.47
2026-03-02T20:15+01:00,70.32
2026-03-02T20:30+01:00,62.92
2026-03-02T20:45+01:00,58.43
2026-03-02T21:00+01:00,63.49
2026-03-02T21:15+01:00,60.09
2026-03-02T21:30+01:00,57.69
2026-03-02T21:45+01:00,54.84
2026-03-02T22:00+01:00,61.27
2026-03-02T22:15+01:00,59.63
2026-03-02T22:30+01:00,57.21
2026-03-02T22:45+01:00,54.08
2026-03-02T23:00+01:00,58.47
2026-03-02T23:15+01:00,56.41
2026-03-02T23:30+01:00,54.17
2026-03-02T23:45+01:00,50.36
2026-03-03T00:00+01:00,58.5
2026-03-03T00:15+01:00,57.12
2026-03-03T00:30+01:00,55.68
2026-03-03T00:45+01:00,54.41
2026-03-03T01:00+01:00,58
2026-03-03T01:15+01:00,57.33
2026-03-03T01:30+01:00,55.78
2026-03-03T01:45+01:00,55
2026-03-03T02:00+01:00,56.39
2026-03-03T02:15+01:00,55.09
2026-03-03T02:30+01:00,54.99
2026-03-03T02:45+01:00,53.01
2026-03-03T03:00+01:00,57.23
2026-03-03T03:15+01:00,55.35
2026-03-03T03:30+01:00,55.4
2026-03-03T03:45+01:00,55.98
2026-03-03T04:00+01:00,57.44
2026-03-03T04:15+01:00,58.07
2026-03-03T04:30+01:00,58.97
2026-03-03T04:45+01:00,60.18
2026-03-03T05:00+01:00,57.95
2026-03-03T05:15+01:00,60.97
2026-03-03T05:30+01:00,63.78
2026-03-03T05:45+01:00,66.64
2026-03-03T06:00+01:00,63.1
2026-03-03T06:15+01:00,65
2026-03-03T06:30+01:00,69.23
2026-03-03T06:45+01:00,70.91
2026-03-03T07:00+01:00,69.56
2026-03-03T07:15+01:00,71.07
2026-03-03T07:30+01:00,70.56
2026-03-03T07:45+01:00,72.6
2026-03-03T08:00+01:00,87.58
2026-03-03T08:15+01:00,75.25
2026-03-03T08:30+01:00,73.05
2026-03-03T08:45+01:00,62.72
2026-03-03T09:00+01:00,70.47
2026-03-03T09:15+01:00,61.48
2026-03-03T09:30+01:00,58.82
2026-03-03T09:45+01:00,55.61
2026-03-03T10:00+01:00,56.96
2026-03-03T10:15+01:00,55.41
2026-03-03T10:30+01:00,52.64
2026-03-03T10:45+01:00,37.96
2026-03-03T11:00+01:00,52.54
2026-03-03T11:15+01:00,44.99
2026-03-03T11:30+01:00,33.57
2026-03-03T11:45+01:00,25.36
2026-03-03T12:00+01:00,32.51
2026-03-03T12:15+01:00,28.08
2026-03-03T12:30+01:00,22.06
2026-03-03T12:45+01:00,18.24
2026-03-03T13:00+01:00,20.39
2026-03-03T13:15+01:00,21.13
2026-03-03T13:30+01:00,20.32
2026-03-03T13:45+01:00,28.6
2026-03-03T14:00+01:00,12.08
2026-03-03T14:15+01:00,25.32
2026-03-03T14:30+01:00,30.85
2026-03-03T14:45+01:00,27.97
2026-03-03T15:00+01:00,42.28
2026-03-03T15:15+01:00,50.16
2026-03-03T15:30+01:00,53.23
2026-03-03T15:45+01:00,54.25
2026-03-03T16:00+01:00,52.16
2026-03-03T16:15+01:00,57.62
2026-03-03T16:30+01:00,59.71
2026-03-03T16:45+01:00,61.58
2026-03-03T17:00+01:00,58.6
2026-03-03T17:15+01:00,61.7
2026-03-03T17:30+01:00,62.38
2026-03-03T17:45+01:00,63.7
2026-03-03T18:00+01:00,65.52
2026-03-03T18:15+01:00,67.64
2026-03-03T18:30+01:00,68.52
2026-03-03T18:45+01:00,65.19
2026-03-03T19:00+01:00,65.65
2026-03-03T19:15+01:00,63.73
2026-03-03T19:30+01:00,62.54
2026-03-03T19:45+01:00,61.66
2026-03-03T20:00+01:00,69.9
2026-03-03T20:15+01:00,66.61
2026-03-03T20:30+01:00,62.73
2026-03-03T20:45+01:00,57.67
2026-03-03T21:00+01:00,60.32
2026-03-03T21:15+01:00,57.32
2026-03-03T21:30+01:00,54.96
2026-03-03T21:45+01:00,52.26
2026-03-03T22:00+01:00,54.99
2026-03-03T22:15+01:00,53.24
2026-03-03T22:30+01:00,52.34
2026-03-03T22:45+01:00,49.43
2026-03-03T23:00+01:00,47.72
2026-03-03T23:15+01:00,45
2026-03-03T23:30+01:00,41.79
2026-03-03T23:45+01:00,28.06
2026-03-04T00:00+01:00,41.56
2026-03-04T00:15+01:00,40.8
2026-03-04T00:30+01:00,43.29
2026-03-04T00:45+01:00,43.2
2026-03-04T01:00+01:00,44.82
2026-03-04T01:15+01:00,47.27
2026-03-04T01:30+01:00,49.99
2026-03-04T01:45+01:00,50
2026-03-04T02:00+01:00,44.8
2026-03-04T02:15+01:00,48.18
2026-03-04T02:30+01:00,49.23
2026-03-04T02:45+01:00,50
2026-03-04T03:00+01:00,34.99
2026-03-04T03:15+01:00,40.34
2026-03-04T03:30+01:00,49.99
2026-03-04T03:45+01:00,49.99
2026-03-04T04:00+01:00,55
2026-03-04T04:15+01:00,56.73
2026-03-04T04:30+01:00,57.91
2026-03-04T04:45+01:00,62.3
2026-03-04T05:00+01:00,54.54
2026-03-04T05:15+01:00,57.97
2026-03-04T05:30+01:00,56.66
2026-03-04T05:45+01:00,68.96
2026-03-04T06:00+01:00,63.88
2026-03-04T06:15+01:00,69.36
2026-03-04T06:30+01:00,71.9
2026-03-04T06:45+01:00,77.67
2026-03-04T07:00+01:00,73.78
2026-03-04T07:15+01:00,77.48
2026-03-04T07:30+01:00,77.78
2026-03-04T07:45+01:00,77.92
2026-03-04T08:00+01:00,80.2
2026-03-04T08:15+01:00,76.81
2026-03-04T08:30+01:00,75.55
2026-03-04T08:45+01:00,63.97
2026-03-04T09:00+01:00,76.62
2026-03-04T09:15+01:00,72.67
2026-03-04T09:30+01:00,68.82
2026-03-04T09:45+01:00,57.27
2026-03-04T10:00+01:00,69.97
2026-03-04T10:15+01:00,60.34
2026-03-04T10:30+01:00,55.12
2026-03-04T10:45+01:00,44.99
2026-03-04T11:00+01:00,53.68
2026-03-04T11:15+01:00,43.59
2026-03-04T11:30+01:00,41.47
2026-03-04T11:45+01:00,29.13
2026-03-04T12:00+01:00,38.13
2026-03-04T12:15+01:00,23.35
2026-03-04T12:30+01:00,20.83
2026-03-04T12:45+01:00,15.93
2026-03-04T13:00+01:00,19.35
2026-03-04T13:15+01:00,16.82
2026-03-04T13:30+01:00,20.06
2026-03-04T13:45+01:00,23.22
2026-03-04T14:00+01:00,17.09
2026-03-04T14:15+01:00,32.89
2026-03-04T14:30+01:00,43.95
2026-03-04T14:45+01:00,52.03
2026-03-04T15:00+01:00,20.47
2026-03-04T15:15+01:00,51.06
2026-03-04T15:30+01:00,56
2026-03-04T15:45+01:00,63.95
2026-03-04T16:00+01:00,50.25
2026-03-04T16:15+01:00,59.06
2026-03-04T16:30+01:00,67.56
2026-03-04T16:45+01:00,70.78
2026-03-04T17:00+01:00,66.89
2026-03-04T17:15+01:00,72.71
2026-03-04T17:30+01:00,73.37
2026-03-04T17:45+01:00,73.38
2026-03-04T18:00+01:00,74.22
2026-03-04T18:15+01:00,74.69
2026-03-04T18:30+01:00,75.24
2026-03-04T18:45+01:00,75.76
2026-03-04T19:00+01:00,73.39
2026-03-04T19:15+01:00,74.32
2026-03-04T19:30+01:00,75
2026-03-04T19:45+01:00,75
2026-03-04T20:00+01:00,75.07
2026-03-04T20:15+01:00,76.09
2026-03-04T20:30+01:00,75.63
2026-03-04T20:45+01:00,75.55
2026-03-04T21:00+01:00,76.07
2026-03-04T21:15+01:00,76.24
2026-03-04T21:30+01:00,73.8
2026-03-04T21:45+01:00,68.46
2026-03-04T22:00+01:00,74.99
2026-03-04T22:15+01:00,72.7
2026-03-04T22:30+01:00,69.2
2026-03-04T22:45+01:00,62.92
2026-03-04T23:00+01:00,71.88
2026-03-04T23:15+01:00,65.62
2026-03-04T23:30+01:00,61.15
2026-03-04T23:45+01:00,55.41
2026-03-05T00:00+01:00,73.57
2026-03-05T00:15+01:00,65.06
2026-03-05T00:30+01:00,64.08
2026-03-05T00:45+01:00,63.33
2026-03-05T01:00+01:00,64.23
2026-03-05T01:15+01:00,64.12
2026-03-05T01:30+01:00,64.8
2026-03-05T01:45+01:00,64.95
2026-03-05T02:00+01:00,61.25
2026-03-05T02:15+01:00,62.82
2026-03-05T02:30+01:00,65.01
2026-03-05T02:45+01:00,67.08
2026-03-05T03:00+01:00,59.92
2026-03-05T03:15+01:00,61.86
2026-03-05T03:30+01:00,65.2
2026-03-05T03:45+01:00,68.54
2026-03-05T04:00+01:00,59.15
2026-03-05T04:15+01:00,62.99
2026-03-05T04:30+01:00,65.66
2026-03-05T04:45+01:00,72.82
2026-03-05T05:00+01:00,58.52
2026-03-05T05:15+01:00,63.88
2026-03-05T05:30+01:00,76.68
2026-03-05T05:45+01:00,85.38
2026-03-05T06:00+01:00,66.29
2026-03-05T06:15+01:00,79.14
2026-03-05T06:30+01:00,87.37
2026-03-05T06:45+01:00,94.89
2026-03-05T07:00+01:00,98.83
2026-03-05T07:15+01:00,99.34
2026-03-05T07:30+01:00,93.67
2026-03-05T07:45+01:00,89.48
2026-03-05T08:00+01:00,96.32
2026-03-05T08:15+01:00,88.37
2026-03-05T08:30+01:00,82.29
2026-03-05T08:45+01:00,73.99
2026-03-05T09:00+01:00,80.16
2026-03-05T09:15+01:00,72.54
2026-03-05T09:30+01:00,70.43
2026-03-05T09:45+01:00,65.95
2026-03-05T10:00+01:00,77.44
2026-03-05T10:15+01:00,65.98
2026-03-05T10:30+01:00,56.54
2026-03-05T10:45+01:00,54.93
2026-03-05T11:00+01:00,59.95
2026-03-05T11:15+01:00,57.5
2026-03-05T11:30+01:00,55
2026-03-05T11:45+01:00,54.99
2026-03-05T12:00+01:00,56.45
2026-03-05T12:15+01:00,56.37
2026-03-05T12:30+01:00,55.04
2026-03-05T12:45+01:00,55.35
2026-03-05T13:00+01:00,55
2026-03-05T13:15+01:00,54.99
2026-03-05T13:30+01:00,56.82
2026-03-05T13:45+01:00,57.75
2026-03-05T14:00+01:00,55.85
2026-03-05T14:15+01:00,56.71
2026-03-05T14:30+01:00,56.3
2026-03-05T14:45+01:00,68.36
2026-03-05T15:00+01:00,55
2026-03-05T15:15+01:00,75.98
2026-03-05T15:30+01:00,81.17
2026-03-05T15:45+01:00,87.03
2026-03-05T16:00+01:00,91.26
2026-03-05T16:15+01:00,87.3
2026-03-05T16:30+01:00,84.84
2026-03-05T16:45+01:00,88.76
2026-03-05T17:00+01:00,92.6
2026-03-05T17:15+01:00,95.38
2026-03-05T17:30+01:00,103.49
2026-03-05T17:45+01:00,124.54
2026-03-05T18:00+01:00,131.34
2026-03-05T18:15+01:00,117.81
2026-03-05T18:30+01:00,104.5
2026-03-05T18:45+01:00,95.02
2026-03-05T19:00+01:00,110.77
2026-03-05T19:15+01:00,96.28
2026-03-05T19:30+01:00,88.26
2026-03-05T19:45+01:00,83.36
2026-03-05T20:00+01:00,86.78
2026-03-05T20:15+01:00,82.39
2026-03-05T20:30+01:00,79.68
2026-03-05T20:45+01:00,72.08
2026-03-05T21:00+01:00,81.4
2026-03-05T21:15+01:00,78.44
2026-03-05T21:30+01:00,75.75
2026-03-05T21:45+01:00,64.72
2026-03-05T22:00+01:00,77.84
2026-03-05T22:15+01:00,75.79
2026-03-05T22:30+01:00,74.01
2026-03-05T22:45+01:00,71.01
2026-03-05T23:00+01:00,76.72
2026-03-05T23:15+01:00,73.03
2026-03-05T23:30+01:00,67.27
2026-03-05T23:45+01:00,59.12
2026-03-06T00:00+01:00,65.29
2026-03-06T00:15+01:00,64.22
2026-03-06T00:30+01:00,63.65
2026-03-06T00:45+01:00,63.14
2026-03-06T01:00+01:00,65.89
2026-03-06T01:15+01:00,64.17
2026-03-06T01:30+01:00,63.86
2026-03-06T01:45+01:00,60.45
2026-03-06T02:00+01:00,65.97
2026-03-06T02:15+01:00,64.16
2026-03-06T02:30+01:00,63.67
2026-03-06T02:45+01:00,60.22
2026-03-06T03:00+01:00,65.29
2026-03-06T03:15+01:00,64.85
2026-03-06T03:30+01:00,64.54
2026-03-06T03:45+01:00,62.56
2026-03-06T04:00+01:00,65.16
2026-03-06T04:15+01:00,65.21
2026-03-06T04:30+01:00,68.7
2026-03-06T04:45+01:00,70.06
2026-03-06T05:00+01:00,62.36
2026-03-06T05:15+01:00,68.61
2026-03-06T05:30+01:00,75.99
2026-03-06T05:45+01:00,81.66
2026-03-06T06:00+01:00,70.28
2026-03-06T06:15+01:00,80.09
2026-03-06T06:30+01:00,86.75
2026-03-06T06:45+01:00,101.49
2026-03-06T07:00+01:00,105.87
2026-03-06T07:15+01:00,104.09
2026-03-06T07:30+01:00,92.03
2026-03-06T07:45+01:00,80.43
2026-03-06T08:00+01:00,96.62
2026-03-06T08:15+01:00,83.09
2026-03-06T08:30+01:00,71.78
2026-03-06T08:45+01:00,61.91
2026-03-06T09:00+01:00,76.62
2026-03-06T09:15+01:00,64.28
2026-03-06T09:30+01:00,62.31
2026-03-06T09:45+01:00,59.49
2026-03-06T10:00+01:00,63.77
2026-03-06T10:15+01:00,60.21
2026-03-06T10:30+01:00,58.62
2026-03-06T10:45+01:00,52.17
2026-03-06T11:00+01:00,56.61
2026-03-06T11:15+01:00,50.57
2026-03-06T11:30+01:00,49.69
2026-03-06T11:45+01:00,46.94
2026-03-06T12:00+01:00,45
2026-03-06T12:15+01:00,38.67
2026-03-06T12:30+01:00,39.38
2026-03-06T12:45+01:00,36.06
2026-03-06T13:00+01:00,38.17
2026-03-06T13:15+01:00,38.06
2026-03-06T13:30+01:00,36.75
2026-03-06T13:45+01:00,38.88
2026-03-06T14:00+01:00,34.14
2026-03-06T14:15+01:00,42.81
2026-03-06T14:30+01:00,51.88
2026-03-06T14:45+01:00,59.17
2026-03-06T15:00+01:00,52.24
2026-03-06T15:15+01:00,60.8
2026-03-06T15:30+01:00,61.52
2026-03-06T15:45+01:00,72.56
2026-03-06T16:00+01:00,56.24
2026-03-06T16:15+01:00,68.18
2026-03-06T16:30+01:00,74.98
2026-03-06T16:45+01:00,81.29
2026-03-06T17:00+01:00,74.97
2026-03-06T17:15+01:00,83.62
2026-03-06T17:30+01:00,96.74
2026-03-06T17:45+01:00,121.96
2026-03-06T18:00+01:00,116.46
2026-03-06T18:15+01:00,122.26
2026-03-06T18:30+01:00,112.52
2026-03-06T18:45+01:00,105.79
2026-03-06T19:00+01:00,117.35
2026-03-06T19:15+01:00,92.62
2026-03-06T19:30+01:00,85.64
2026-03-06T19:45+01:00,82.92
2026-03-06T20:00+01:00,86.11
2026-03-06T20:15+01:00,81.14
2026-03-06T20:30+01:00,77.78
2026-03-06T20:45+01:00,66.85
2026-03-06T21:00+01:00,77.64
2026-03-06T21:15+01:00,74.84
2026-03-06T21:30+01:00,68.15
2026-03-06T21:45+01:00,61.96
2026-03-06T22:00+01:00,71.34
2026-03-06T22:15+01:00,67.03
2026-03-06T22:30+01:00,65.86
2026-03-06T22:45+01:00,61.74
2026-03-06T23:00+01:00,70.33
2026-03-06T23:15+01:00,65.1
2026-03-06T23:30+01:00,64.1
2026-03-06T23:45+01:00,59.72
2026-03-07T00:00+01:00,73.23
2026-03-07T00:15+01:00,71.3
2026-03-07T00:30+01:00,69.37
2026-03-07T00:45+01:00,69.99
2026-03-07T01:00+01:00,70.69
2026-03-07T01:15+01:00,68.74
2026-03-07T01:30+01:00,68.53
2026-03-07T01:45+01:00,68.15
2026-03-07T02:00+01:00,66.88
2026-03-07T02:15+01:00,66.71
2026-03-07T02:30+01:00,67.76
2026-03-07T02:45+01:00,68.86
2026-03-07T03:00+01:00,64.6
2026-03-07T03:15+01:00,67.64
2026-03-07T03:30+01:00,68.59
2026-03-07T03:45+01:00,69.29
2026-03-07T04:00+01:00,66.63
2026-03-07T04:15+01:00,68.26
2026-03-07T04:30+01:00,68.92
2026-03-07T04:45+01:00,70.93
2026-03-07T05:00+01:00,68.94
2026-03-07T05:15+01:00,71.65
2026-03-07T05:30+01:00,72.58
2026-03-07T05:45+01:00,76
2026-03-07T06:00+01:00,74.51
2026-03-07T06:15+01:00,76.19
2026-03-07T06:30+01:00,76.85
2026-03-07T06:45+01:00,76.67
2026-03-07T07:00+01:00,78.23
2026-03-07T07:15+01:00,74.53
2026-03-07T07:30+01:00,74.04
2026-03-07T07:45+01:00,63.4
2026-03-07T08:00+01:00,75.02
2026-03-07T08:15+01:00,71.99
2026-03-07T08:30+01:00,61.21
2026-03-07T08:45+01:00,51.86
2026-03-07T09:00+01:00,71.67
2026-03-07T09:15+01:00,63.43
2026-03-07T09:30+01:00,56.33
2026-03-07T09:45+01:00,50
2026-03-07T10:00+01:00,60.53
2026-03-07T10:15+01:00,52.49
2026-03-07T10:30+01:00,48.27
2026-03-07T10:45+01:00,43.46
2026-03-07T11:00+01:00,51.67
2026-03-07T11:15+01:00,50.14
2026-03-07T11:30+01:00,47.87
2026-03-07T11:45+01:00,45.67
2026-03-07T12:00+01:00,49.71
2026-03-07T12:15+01:00,48.75
2026-03-07T12:30+01:00,47.05
2026-03-07T12:45+01:00,46.26
2026-03-07T13:00+01:00,40.87
2026-03-07T13:15+01:00,46.2
2026-03-07T13:30+01:00,45.52
2026-03-07T13:45+01:00,44.84
2026-03-07T14:00+01:00,46.17
2026-03-07T14:15+01:00,48.2
2026-03-07T14:30+01:00,36.75
2026-03-07T14:45+01:00,35.48
2026-03-07T15:00+01:00,31.52
2026-03-07T15:15+01:00,52.41
2026-03-07T15:30+01:00,59.16
2026-03-07T15:45+01:00,71.21
2026-03-07T16:00+01:00,55
2026-03-07T16:15+01:00,72.29
2026-03-07T16:30+01:00,82.24
2026-03-07T16:45+01:00,102.32
2026-03-07T17:00+01:00,79.32
2026-03-07T17:15+01:00,94.6
2026-03-07T17:30+01:00,92.17
2026-03-07T17:45+01:00,105.87
2026-03-07T18:00+01:00,95.6
2026-03-07T18:15+01:00,97.22
2026-03-07T18:30+01:00,102.78
2026-03-07T18:45+01:00,95.41
2026-03-07T19:00+01:00,103
2026-03-07T19:15+01:00,95.44
2026-03-07T19:30+01:00,95.11
2026-03-07T19:45+01:00,87.1
2026-03-07T20:00+01:00,93.52
2026-03-07T20:15+01:00,89.48
2026-03-07T20:30+01:00,85.15
2026-03-07T20:45+01:00,80.25
2026-03-07T21:00+01:00,84.12
2026-03-07T21:15+01:00,81.38
2026-03-07T21:30+01:00,79.69
2026-03-07T21:45+01:00,75.4
2026-03-07T22:00+01:00,83.51
2026-03-07T22:15+01:00,78.6
2026-03-07T22:30+01:00,75.81
2026-03-07T22:45+01:00,72.59
2026-03-07T23:00+01:00,83.41
2026-03-07T23:15+01:00,75.81
2026-03-07T23:30+01:00,72.99
2026-03-07T23:45+01:00,69.81
2026-03-08T00:00+01:00,85.86
2026-03-08T00:15+01:00,81.05
2026-03-08T00:30+01:00,77.43
2026-03-08T00:45+01:00,75.83
2026-03-08T01:00+01:00,79.26
2026-03-08T01:15+01:00,76.27
2026-03-08T01:30+01:00,74.49
2026-03-08T01:45+01:00,73.04
2026-03-08T02:00+01:00,76.18
2026-03-08T02:15+01:00,76.16
2026-03-08T02:30+01:00,74.92
2026-03-08T02:45+01:00,74.22
2026-03-08T03:00+01:00,74.09
2026-03-08T03:15+01:00,73.8
2026-03-08T03:30+01:00,74.46
2026-03-08T03:45+01:00,73.61
2026-03-08T04:00+01:00,73.35
2026-03-08T04:15+01:00,75
2026-03-08T04:30+01:00,75.08
2026-03-08T04:45+01:00,77.75
2026-03-08T05:00+01:00,68.79
2026-03-08T05:15+01:00,73.58
2026-03-08T05:30+01:00,77.12
2026-03-08T05:45+01:00,78.32
2026-03-08T06:00+01:00,73.27
2026-03-08T06:15+01:00,74.98
2026-03-08T06:30+01:00,74.08
2026-03-08T06:45+01:00,74.18
2026-03-08T07:00+01:00,68.37
2026-03-08T07:15+01:00,71.83
2026-03-08T07:30+01:00,70.9
2026-03-08T07:45+01:00,61.75
2026-03-08T08:00+01:00,64.37
2026-03-08T08:15+01:00,60.07
2026-03-08T08:30+01:00,59
2026-03-08T08:45+01:00,57.14
2026-03-08T09:00+01:00,54.22
2026-03-08T09:15+01:00,53.81
2026-03-08T09:30+01:00,52.43
2026-03-08T09:45+01:00,53.67
2026-03-08T10:00+01:00,54.82
2026-03-08T10:15+01:00,54.42
2026-03-08T10:30+01:00,39.99
2026-03-08T10:45+01:00,29.49
2026-03-08T11:00+01:00,29.19
2026-03-08T11:15+01:00,24.9
2026-03-08T11:30+01:00,25.79
2026-03-08T11:45+01:00,27.7
2026-03-08T12:00+01:00,25.14
2026-03-08T12:15+01:00,25.04
2026-03-08T12:30+01:00,25.17
2026-03-08T12:45+01:00,28.12
2026-03-08T13:00+01:00,25.28
2026-03-08T13:15+01:00,27.17
2026-03-08T13:30+01:00,28.25
2026-03-08T13:45+01:00,30.1
2026-03-08T14:00+01:00,25.38
2026-03-08T14:15+01:00,27.86
2026-03-08T14:30+01:00,31.2
2026-03-08T14:45+01:00,39.26
2026-03-08T15:00+01:00,33.19
2026-03-08T15:15+01:00,42.17
2026-03-08T15:30+01:00,64.38
2026-03-08T15:45+01:00,76.1
2026-03-08T16:00+01:00,58.2
2026-03-08T16:15+01:00,75.98
2026-03-08T16:30+01:00,89.98
2026-03-08T16:45+01:00,99.43
2026-03-08T17:00+01:00,78.83
2026-03-08T17:15+01:00,81.28
2026-03-08T17:30+01:00,84.16
2026-03-08T17:45+01:00,87.49
2026-03-08T18:00+01:00,90
2026-03-08T18:15+01:00,94.55
2026-03-08T18:30+01:00,91.78
2026-03-08T18:45+01:00,90.67
2026-03-08T19:00+01:00,89.8
2026-03-08T19:15+01:00,88.27
2026-03-08T19:30+01:00,86.56
2026-03-08T19:45+01:00,82.97
2026-03-08T20:00+01:00,85.41
2026-03-08T20:15+01:00,84.51
2026-03-08T20:30+01:00,81.42
2026-03-08T20:45+01:00,76.8
2026-03-08T21:00+01:00,79.17
2026-03-08T21:15+01:00,72.56
2026-03-08T21:30+01:00,67.8
2026-03-08T21:45+01:00,62.19
2026-03-08T22:00+01:00,66.8
2026-03-08T22:15+01:00,64.46
2026-03-08T22:30+01:00,61.7
2026-03-08T22:45+01:00,60.21
2026-03-08T23:00+01:00,62.61
2026-03-08T23:15+01:00,61.23
2026-03-08T23:30+01:00,60.55
2026-03-08T23:45+01:00,57.03
2026-03-09T00:00+01:00,62.59
2026-03-09T00:15+01:00,61.24
2026-03-09T00:30+01:00,57.29
2026-03-09T00:45+01:00,56.05
2026-03-09T01:00+01:00,60.4
2026-03-09T01:15+01:00,57.98
2026-03-09T01:30+01:00,56.9
2026-03-09T01:45+01:00,55.72
2026-03-09T02:00+01:00,56.83
2026-03-09T02:15+01:00,56.26
2026-03-09T02:30+01:00,57.27
2026-03-09T02:45+01:00,58.31
2026-03-09T03:00+01:00,56.82
2026-03-09T03:15+01:00,57.88
2026-03-09T03:30+01:00,57.75
2026-03-09T03:45+01:00,59
2026-03-09T04:00+01:00,57.62
2026-03-09T04:15+01:00,58.11
2026-03-09T04:30+01:00,62.79
2026-03-09T04:45+01:00,67.08
2026-03-09T05:00+01:00,60.55
2026-03-09T05:15+01:00,64.61
2026-03-09T05:30+01:00,68.48
2026-03-09T05:45+01:00,75.66
2026-03-09T06:00+01:00,67.67
2026-03-09T06:15+01:00,71.37
2026-03-09T06:30+01:00,79.06
2026-03-09T06:45+01:00,122.46
2026-03-09T07:00+01:00,94.9
2026-03-09T07:15+01:00,130.11
2026-03-09T07:30+01:00,127.67
2026-03-09T07:45+01:00,104.02
2026-03-09T08:00+01:00,131.56
2026-03-09T08:15+01:00,101.51
2026-03-09T08:30+01:00,94.05
2026-03-09T08:45+01:00,84.68
2026-03-09T09:00+01:00,91.36
2026-03-09T09:15+01:00,85.58
2026-03-09T09:30+01:00,86.69
2026-03-09T09:45+01:00,88.08
2026-03-09T10:00+01:00,88.05
2026-03-09T10:15+01:00,93.45
2026-03-09T10:30+01:00,88.7
2026-03-09T10:45+01:00,80.52
2026-03-09T11:00+01:00,83.12
2026-03-09T11:15+01:00,78.61
2026-03-09T11:30+01:00,73.28
2026-03-09T11:45+01:00,67.95
2026-03-09T12:00+01:00,69.07
2026-03-09T12:15+01:00,67.85
2026-03-09T12:30+01:00,67.43
2026-03-09T12:45+01:00,66.36
2026-03-09T13:00+01:00,62.43
2026-03-09T13:15+01:00,63.49
2026-03-09T13:30+01:00,66.41
2026-03-09T13:45+01:00,70.48
2026-03-09T14:00+01:00,63.46
2026-03-09T14:15+01:00,77.84
2026-03-09T14:30+01:00,81.66
2026-03-09T14:45+01:00,93.28
2026-03-09T15:00+01:00,90.07
2026-03-09T15:15+01:00,97.48
2026-03-09T15:30+01:00,99.75
2026-03-09T15:45+01:00,106.22
2026-03-09T16:00+01:00,94.78
2026-03-09T16:15+01:00,113.74
2026-03-09T16:30+01:00,132.77
2026-03-09T16:45+01:00,148.18
2026-03-09T17:00+01:00,124.24
2026-03-09T17:15+01:00,156.36
2026-03-09T17:30+01:00,175.99
2026-03-09T17:45+01:00,227.76
2026-03-09T18:00+01:00,210.34
2026-03-09T18:15+01:00,235.75
2026-03-09T18:30+01:00,210.26
2026-03-09T18:45+01:00,178.15
2026-03-09T19:00+01:00,189.27
2026-03-09T19:15+01:00,150
2026-03-09T19:30+01:00,111.99
2026-03-09T19:45+01:00,82.84
2026-03-09T20:00+01:00,156.79
2026-03-09T20:15+01:00,107.59
2026-03-09T20:30+01:00,83.55
2026-03-09T20:45+01:00,73.6
2026-03-09T21:00+01:00,92.79
2026-03-09T21:15+01:00,83.91
2026-03-09T21:30+01:00,74.39
2026-03-09T21:45+01:00,66.32
2026-03-09T22:00+01:00,72.11
2026-03-09T22:15+01:00,67.57
2026-03-09T22:30+01:00,64.07
2026-03-09T22:45+01:00,60.18
2026-03-09T23:00+01:00,63.57
2026-03-09T23:15+01:00,60.56
2026-03-09T23:30+01:00,58.63
2026-03-09T23:45+01:00,56.52
2026-03-10T00:00+01:00,62.76
2026-03-10T00:15+01:00,61.17
2026-03-10T00:30+01:00,60.55
2026-03-10T00:45+01:00,59.79
2026-03-10T01:00+01:00,61.63
2026-03-10T01:15+01:00,60.75
2026-03-10T01:30+01:00,59.71
2026-03-10T01:45+01:00,57.68
2026-03-10T02:00+01:00,59.07
2026-03-10T02:15+01:00,58.95
2026-03-10T02:30+01:00,58.91
2026-03-10T02:45+01:00,58.61
2026-03-10T03:00+01:00,58.22
2026-03-10T03:15+01:00,58.47
2026-03-10T03:30+01:00,59.09
2026-03-10T03:45+01:00,59.64
2026-03-10T04:00+01:00,56.28
2026-03-10T04:15+01:00,57.91
2026-03-10T04:30+01:00,59.83
2026-03-10T04:45+01:00,62.12
2026-03-10T05:00+01:00,59.89
2026-03-10T05:15+01:00,61.88
2026-03-10T05:30+01:00,63.95
2026-03-10T05:45+01:00,65.9
2026-03-10T06:00+01:00,64.36
2026-03-10T06:15+01:00,67.17
2026-03-10T06:30+01:00,85
2026-03-10T06:45+01:00,101.35
2026-03-10T07:00+01:00,117.01
2026-03-10T07:15+01:00,114.07
2026-03-10T07:30+01:00,102.98
2026-03-10T07:45+01:00,99.49
2026-03-10T08:00+01:00,105.7
2026-03-10T08:15+01:00,84.4
2026-03-10T08:30+01:00,73.08
2026-03-10T08:45+01:00,68.85
2026-03-10T09:00+01:00,80.5
2026-03-10T09:15+01:00,68.56
2026-03-10T09:30+01:00,67.26
2026-03-10T09:45+01:00,65.95
2026-03-10T10:00+01:00,65.51
2026-03-10T10:15+01:00,65.73
2026-03-10T10:30+01:00,65.57
2026-03-10T10:45+01:00,65.21
2026-03-10T11:00+01:00,64.91
2026-03-10T11:15+01:00,64.16
2026-03-10T11:30+01:00,64.22
2026-03-10T11:45+01:00,63.85
2026-03-10T12:00+01:00,64.78
2026-03-10T12:15+01:00,63.62
2026-03-10T12:30+01:00,62.45
2026-03-10T12:45+01:00,61.66
2026-03-10T13:00+01:00,64.19
2026-03-10T13:15+01:00,60.77
2026-03-10T13:30+01:00,61.12
2026-03-10T13:45+01:00,61.28
2026-03-10T14:00+01:00,60.05
2026-03-10T14:15+01:00,62.12
2026-03-10T14:30+01:00,62.57
2026-03-10T14:45+01:00,64.3
2026-03-10T15:00+01:00,63.3
2026-03-10T15:15+01:00,64.77
2026-03-10T15:30+01:00,65.72
2026-03-10T15:45+01:00,66.48
2026-03-10T16:00+01:00,66.93
2026-03-10T16:15+01:00,67.55
2026-03-10T16:30+01:00,69.02
2026-03-10T16:45+01:00,72.97
2026-03-10T17:00+01:00,67.49
2026-03-10T17:15+01:00,69.16
2026-03-10T17:30+01:00,69.56
2026-03-10T17:45+01:00,68.57
2026-03-10T18:00+01:00,88.09
2026-03-10T18:15+01:00,88.93
2026-03-10T18:30+01:00,84.99
2026-03-10T18:45+01:00,76.16
2026-03-10T19:00+01:00,104.29
2026-03-10T19:15+01:00,92.23
2026-03-10T19:30+01:00,89.1
2026-03-10T19:45+01:00,77.6
2026-03-10T20:00+01:00,80.5
2026-03-10T20:15+01:00,72.16
2026-03-10T20:30+01:00,68.28
2026-03-10T20:45+01:00,66.15
2026-03-10T21:00+01:00,65.87
2026-03-10T21:15+01:00,65.01
2026-03-10T21:30+01:00,63.57
2026-03-10T21:45+01:00,61.96
2026-03-10T22:00+01:00,62.29
2026-03-10T22:15+01:00,60.16
2026-03-10T22:30+01:00,57.91
2026-03-10T22:45+01:00,55
2026-03-10T23:00+01:00,55.27
2026-03-10T23:15+01:00,52.77
2026-03-10T23:30+01:00,50.43
2026-03-10T23:45+01:00,47.85
2026-03-11T00:00+01:00,48.69
2026-03-11T00:15+01:00,46.74
2026-03-11T00:30+01:00,44.82
2026-03-11T00:45+01:00,42.99
2026-03-11T01:00+01:00,44.42
2026-03-11T01:15+01:00,42.82
2026-03-11T01:30+01:00,40.32
2026-03-11T01:45+01:00,40
2026-03-11T02:00+01:00,39.03
2026-03-11T02:15+01:00,39.5
2026-03-11T02:30+01:00,39.1
2026-03-11T02:45+01:00,39.18
2026-03-11T03:00+01:00,38.27
2026-03-11T03:15+01:00,38.56
2026-03-11T03:30+01:00,38.05
2026-03-11T03:45+01:00,39.1
2026-03-11T04:00+01:00,36.39
2026-03-11T04:15+01:00,35.84
2026-03-11T04:30+01:00,37.18
2026-03-11T04:45+01:00,40.63
2026-03-11T05:00+01:00,32.12
2026-03-11T05:15+01:00,37.55
2026-03-11T05:30+01:00,42.61
2026-03-11T05:45+01:00,52.2
2026-03-11T06:00+01:00,39.81
2026-03-11T06:15+01:00,45.38
2026-03-11T06:30+01:00,50.01
2026-03-11T06:45+01:00,54.99
2026-03-11T07:00+01:00,61.3
2026-03-11T07:15+01:00,62.23
2026-03-11T07:30+01:00,61.8
2026-03-11T07:45+01:00,53.59
2026-03-11T08:00+01:00,66.71
2026-03-11T08:15+01:00,60.53
2026-03-11T08:30+01:00,56.47
2026-03-11T08:45+01:00,52.07
2026-03-11T09:00+01:00,61.68
2026-03-11T09:15+01:00,56.74
2026-03-11T09:30+01:00,51.11
2026-03-11T09:45+01:00,24.85
2026-03-11T10:00+01:00,50.84
2026-03-11T10:15+01:00,33.77
2026-03-11T10:30+01:00,27.27
2026-03-11T10:45+01:00,23.65
2026-03-11T11:00+01:00,36.37
2026-03-11T11:15+01:00,31.44
2026-03-11T11:30+01:00,28.66
2026-03-11T11:45+01:00,26.08
2026-03-11T12:00+01:00,31.41
2026-03-11T12:15+01:00,31.17
2026-03-11T12:30+01:00,29.31
2026-03-11T12:45+01:00,25.69
2026-03-11T13:00+01:00,29.15
2026-03-11T13:15+01:00,28.97
2026-03-11T13:30+01:00,25.77
2026-03-11T13:45+01:00,28.24
2026-03-11T14:00+01:00,24
2026-03-11T14:15+01:00,31.19
2026-03-11T14:30+01:00,44.11
2026-03-11T14:45+01:00,53.84
2026-03-11T15:00+01:00,44.45
2026-03-11T15:15+01:00,52.88
2026-03-11T15:30+01:00,57.27
2026-03-11T15:45+01:00,60.54
2026-03-11T16:00+01:00,54.9
2026-03-11T16:15+01:00,60
2026-03-11T16:30+01:00,59.03
2026-03-11T16:45+01:00,68.55
2026-03-11T17:00+01:00,61.27
2026-03-11T17:15+01:00,67.22
2026-03-11T17:30+01:00,69.16
2026-03-11T17:45+01:00,63.51
2026-03-11T18:00+01:00,62.1
2026-03-11T18:15+01:00,60.18
2026-03-11T18:30+01:00,58.96
2026-03-11T18:45+01:00,58.35
2026-03-11T19:00+01:00,61.65
2026-03-11T19:15+01:00,60.72
2026-03-11T19:30+01:00,59.94
2026-03-11T19:45+01:00,59.09
2026-03-11T20:00+01:00,59.33
2026-03-11T20:15+01:00,58.36
2026-03-11T20:30+01:00,55.82
2026-03-11T20:45+01:00,54.91
2026-03-11T21:00+01:00,54.92
2026-03-11T21:15+01:00,54.56
2026-03-11T21:30+01:00,54
2026-03-11T21:45+01:00,53.23
2026-03-11T22:00+01:00,52.6
2026-03-11T22:15+01:00,52.8
2026-03-11T22:30+01:00,52.42
2026-03-11T22:45+01:00,51.12
2026-03-11T23:00+01:00,51.1
2026-03-11T23:15+01:00,49.83
2026-03-11T23:30+01:00,48.41
2026-03-11T23:45+01:00,44.85
2026-03-12T00:00+01:00,47.06
2026-03-12T00:15+01:00,46.17
2026-03-12T00:30+01:00,43.28
2026-03-12T00:45+01:00,38.92
2026-03-12T01:00+01:00,42.75
2026-03-12T01:15+01:00,37.76
2026-03-12T01:30+01:00,37.01
2026-03-12T01:45+01:00,35.45
2026-03-12T02:00+01:00,13.84
2026-03-12T02:15+01:00,12.31
2026-03-12T02:30+01:00,12.16
2026-03-12T02:45+01:00,10.01
2026-03-12T03:00+01:00,11.21
2026-03-12T03:15+01:00,11.21
2026-03-12T03:30+01:00,12.32
2026-03-12T03:45+01:00,14.56
2026-03-12T04:00+01:00,8.63
2026-03-12T04:15+01:00,11.35
2026-03-12T04:30+01:00,12.98
2026-03-12T04:45+01:00,15.56
2026-03-12T05:00+01:00,8.55
2026-03-12T05:15+01:00,11.56
2026-03-12T05:30+01:00,23.51
2026-03-12T05:45+01:00,29.69
2026-03-12T06:00+01:00,29.08
2026-03-12T06:15+01:00,42.47
2026-03-12T06:30+01:00,51.04
2026-03-12T06:45+01:00,54.9
2026-03-12T07:00+01:00,52.3
2026-03-12T07:15+01:00,54.7
2026-03-12T07:30+01:00,57.52
2026-03-12T07:45+01:00,58.17
2026-03-12T08:00+01:00,58.17
2026-03-12T08:15+01:00,57.71
2026-03-12T08:30+01:00,56.24
2026-03-12T08:45+01:00,52.29
2026-03-12T09:00+01:00,56.21
2026-03-12T09:15+01:00,52.35
2026-03-12T09:30+01:00,43.82
2026-03-12T09:45+01:00,33.07
2026-03-12T10:00+01:00,51.55
2026-03-12T10:15+01:00,28.37
2026-03-12T10:30+01:00,9.42
2026-03-12T10:45+01:00,3.53
2026-03-12T11:00+01:00,6.27
2026-03-12T11:15+01:00,4.39
2026-03-12T11:30+01:00,3.87
2026-03-12T11:45+01:00,3.5
2026-03-12T12:00+01:00,3.99
2026-03-12T12:15+01:00,3.58
2026-03-12T12:30+01:00,2.99
2026-03-12T12:45+01:00,2.24
2026-03-12T13:00+01:00,2.59
2026-03-12T13:15+01:00,2.65
2026-03-12T13:30+01:00,2.66
2026-03-12T13:45+01:00,2.63
2026-03-12T14:00+01:00,2.67
2026-03-12T14:15+01:00,2.49
2026-03-12T14:30+01:00,1.79
2026-03-12T14:45+01:00,1.39
2026-03-12T15:00+01:00,1.67
2026-03-12T15:15+01:00,1.78
2026-03-12T15:30+01:00,3.91
2026-03-12T15:45+01:00,7.21
2026-03-12T16:00+01:00,7.59
2026-03-12T16:15+01:00,20.01
2026-03-12T16:30+01:00,30.88
2026-03-12T16:45+01:00,39.69
2026-03-12T17:00+01:00,33.21
2026-03-12T17:15+01:00,42.79
2026-03-12T17:30+01:00,47.81
2026-03-12T17:45+01:00,49.49
2026-03-12T18:00+01:00,49.92
2026-03-12T18:15+01:00,49.87
2026-03-12T18:30+01:00,45.54
2026-03-12T18:45+01:00,42.7
2026-03-12T19:00+01:00,49.46
2026-03-12T19:15+01:00,43.54
2026-03-12T19:30+01:00,36.75
2026-03-12T19:45+01:00,23.74
2026-03-12T20:00+01:00,33.76
2026-03-12T20:15+01:00,25.75
2026-03-12T20:30+01:00,17.67
2026-03-12T20:45+01:00,14.35
2026-03-12T21:00+01:00,13.5
2026-03-12T21:15+01:00,11.95
2026-03-12T21:30+01:00,7.25
2026-03-12T21:45+01:00,4.98
2026-03-12T22:00+01:00,6.95
2026-03-12T22:15+01:00,3.4
2026-03-12T22:30+01:00,2.35
2026-03-12T22:45+01:00,0.55
2026-03-12T23:00+01:00,2.13
2026-03-12T23:15+01:00,1.63
2026-03-12T23:30+01:00,1.47
2026-03-12T23:45+01:00,0.51
2026-03-13T00:00+01:00,2
2026-03-13T00:15+01:00,1.67
2026-03-13T00:30+01:00,0.55
2026-03-13T00:45+01:00,0.48
2026-03-13T01:00+01:00,1.55
2026-03-13T01:15+01:00,1.31
2026-03-13T01:30+01:00,1.5
2026-03-13T01:45+01:00,1.11
2026-03-13T02:00+01:00,1.49
2026-03-13T02:15+01:00,1.47
2026-03-13T02:30+01:00,1.31
2026-03-13T02:45+01:00,1.31
2026-03-13T03:00+01:00,0.37
2026-03-13T03:15+01:00,0.42
2026-03-13T03:30+01:00,0.42
2026-03-13T03:45+01:00,0.44
2026-03-13T04:00+01:00,0.01
2026-03-13T04:15+01:00,0.28
2026-03-13T04:30+01:00,0.42
2026-03-13T04:45+01:00,0.99
2026-03-13T05:00+01:00,0.45
2026-03-13T05:15+01:00,1.28
2026-03-13T05:30+01:00,1.58
2026-03-13T05:45+01:00,2.61
2026-03-13T06:00+01:00,2.74
2026-03-13T06:15+01:00,3.45
2026-03-13T06:30+01:00,4.91
2026-03-13T06:45+01:00,6.84
2026-03-13T07:00+01:00,10.55
2026-03-13T07:15+01:00,10.01
2026-03-13T07:30+01:00,9.89
2026-03-13T07:45+01:00,6.95
2026-03-13T08:00+01:00,6.95
2026-03-13T08:15+01:00,4.86
2026-03-13T08:30+01:00,3.4
2026-03-13T08:45+01:00,2.42
2026-03-13T09:00+01:00,2.49
2026-03-13T09:15+01:00,2.39
2026-03-13T09:30+01:00,2.15
2026-03-13T09:45+01:00,1.33
2026-03-13T10:00+01:00,1.39
2026-03-13T10:15+01:00,0.79
2026-03-13T10:30+01:00,0.8
2026-03-13T10:45+01:00,0.17
2026-03-13T11:00+01:00,1.27
2026-03-13T11:15+01:00,1.37
2026-03-13T11:30+01:00,1.21
2026-03-13T11:45+01:00,1.2
2026-03-13T12:00+01:00,0
2026-03-13T12:15+01:00,0
2026-03-13T12:30+01:00,0
2026-03-13T12:45+01:00,0
2026-03-13T13:00+01:00,0.74
2026-03-13T13:15+01:00,0.58
2026-03-13T13:30+01:00,0.75
2026-03-13T13:45+01:00,0.8
2026-03-13T14:00+01:00,0.14
2026-03-13T14:15+01:00,0.77
2026-03-13T14:30+01:00,0.81
2026-03-13T14:45+01:00,2.9
2026-03-13T15:00+01:00,1.6
2026-03-13T15:15+01:00,2.97
2026-03-13T15:30+01:00,4.41
2026-03-13T15:45+01:00,4.96
2026-03-13T16:00+01:00,14.94
2026-03-13T16:15+01:00,21.8
2026-03-13T16:30+01:00,28.84
2026-03-13T16:45+01:00,47.11
2026-03-13T17:00+01:00,46.44
2026-03-13T17:15+01:00,47.61
2026-03-13T17:30+01:00,48.3
2026-03-13T17:45+01:00,49.1
2026-03-13T18:00+01:00,49.86
2026-03-13T18:15+01:00,50.05
2026-03-13T18:30+01:00,51.03
2026-03-13T18:45+01:00,51.93
2026-03-13T19:00+01:00,51
2026-03-13T19:15+01:00,50.74
2026-03-13T19:30+01:00,50.57
2026-03-13T19:45+01:00,50.46
2026-03-13T20:00+01:00,49.97
2026-03-13T20:15+01:00,49.61
2026-03-13T20:30+01:00,49.44
2026-03-13T20:45+01:00,48.73
2026-03-13T21:00+01:00,49.27
2026-03-13T21:15+01:00,49.2
2026-03-13T21:30+01:00,49.1
2026-03-13T21:45+01:00,48.23
2026-03-13T22:00+01:00,49.03
2026-03-13T22:15+01:00,48.81
2026-03-13T22:30+01:00,48.7
2026-03-13T22:45+01:00,47.8
2026-03-13T23:00+01:00,48.41
2026-03-13T23:15+01:00,47.71
2026-03-13T23:30+01:00,46.47
2026-03-13T23:45+01:00,45.15
2026-03-14T00:00+01:00,49.41
2026-03-14T00:15+01:00,48.53
2026-03-14T00:30+01:00,47.6
2026-03-14T00:45+01:00,46.67
2026-03-14T01:00+01:00,47.97
2026-03-14T01:15+01:00,46.26
2026-03-14T01:30+01:00,45.42
2026-03-14T01:45+01:00,44.38
2026-03-14T02:00+01:00,39.66
2026-03-14T02:15+01:00,39.22
2026-03-14T02:30+01:00,39.18
2026-03-14T02:45+01:00,38.98
2026-03-14T03:00+01:00,38.71
2026-03-14T03:15+01:00,38.75
2026-03-14T03:30+01:00,39
2026-03-14T03:45+01:00,39.41
2026-03-14T04:00+01:00,42.37
2026-03-14T04:15+01:00,42.73
2026-03-14T04:30+01:00,43.03
2026-03-14T04:45+01:00,44.45
2026-03-14T05:00+01:00,43.19
2026-03-14T05:15+01:00,44.34
2026-03-14T05:30+01:00,46.82
2026-03-14T05:45+01:00,48.38
2026-03-14T06:00+01:00,44.61
2026-03-14T06:15+01:00,47.12
2026-03-14T06:30+01:00,48.43
2026-03-14T06:45+01:00,49.18
2026-03-14T07:00+01:00,50.62
2026-03-14T07:15+01:00,49.82
2026-03-14T07:30+01:00,49.72
2026-03-14T07:45+01:00,50.17
2026-03-14T08:00+01:00,51.94
2026-03-14T08:15+01:00,52.46
2026-03-14T08:30+01:00,52.85
2026-03-14T08:45+01:00,54.99
2026-03-14T09:00+01:00,51.86
2026-03-14T09:15+01:00,52.29
2026-03-14T09:30+01:00,54.22
2026-03-14T09:45+01:00,55.85
2026-03-14T10:00+01:00,51.57
2026-03-14T10:15+01:00,52.07
2026-03-14T10:30+01:00,52.06
2026-03-14T10:45+01:00,52.24
2026-03-14T11:00+01:00,50.14
2026-03-14T11:15+01:00,50.07
2026-03-14T11:30+01:00,51.27
2026-03-14T11:45+01:00,53.54
2026-03-14T12:00+01:00,51.08
2026-03-14T12:15+01:00,51.85
2026-03-14T12:30+01:00,53.5
2026-03-14T12:45+01:00,53.55
2026-03-14T13:00+01:00,50.03
2026-03-14T13:15+01:00,51.61
2026-03-14T13:30+01:00,53.51
2026-03-14T13:45+01:00,55.48
2026-03-14T14:00+01:00,51.3
2026-03-14T14:15+01:00,54.18
2026-03-14T14:30+01:00,56.19
2026-03-14T14:45+01:00,59.66
2026-03-14T15:00+01:00,56.3
2026-03-14T15:15+01:00,60.91
2026-03-14T15:30+01:00,63.12
2026-03-14T15:45+01:00,65.69
2026-03-14T16:00+01:00,62.68
2026-03-14T16:15+01:00,65.19
2026-03-14T16:30+01:00,67.52
2026-03-14T16:45+01:00,69.42
2026-03-14T17:00+01:00,65.87
2026-03-14T17:15+01:00,67.54
2026-03-14T17:30+01:00,70.03
2026-03-14T17:45+01:00,70.18
2026-03-14T18:00+01:00,71.33
2026-03-14T18:15+01:00,71.59
2026-03-14T18:30+01:00,70.43
2026-03-14T18:45+01:00,68.88
2026-03-14T19:00+01:00,70.24
2026-03-14T19:15+01:00,68.81
2026-03-14T19:30+01:00,67.78
2026-03-14T19:45+01:00,65.99
2026-03-14T20:00+01:00,68.11
2026-03-14T20:15+01:00,66.96
2026-03-14T20:30+01:00,65.64
2026-03-14T20:45+01:00,64.64
2026-03-14T21:00+01:00,66.58
2026-03-14T21:15+01:00,66.45
2026-03-14T21:30+01:00,66.04
2026-03-14T21:45+01:00,64.62
2026-03-14T22:00+01:00,65
2026-03-14T22:15+01:00,64.05
2026-03-14T22:30+01:00,63.49
2026-03-14T22:45+01:00,62.77
2026-03-14T23:00+01:00,64.79
2026-03-14T23:15+01:00,62.78
2026-03-14T23:30+01:00,62.32
2026-03-14T23:45+01:00,60.93
2026-03-15T00:00+01:00,60.32
2026-03-15T00:15+01:00,57.81
2026-03-15T00:30+01:00,57.29
2026-03-15T00:45+01:00,56.35
2026-03-15T01:00+01:00,60
2026-03-15T01:15+01:00,60.95
2026-03-15T01:30+01:00,62.1
2026-03-15T01:45+01:00,62.26
2026-03-15T02:00+01:00,63.31
2026-03-15T02:15+01:00,64.59
2026-03-15T02:30+01:00,65.15
2026-03-15T02:45+01:00,66.63
2026-03-15T03:00+01:00,64.43
2026-03-15T03:15+01:00,65.69
2026-03-15T03:30+01:00,67
2026-03-15T03:45+01:00,67.99
2026-03-15T04:00+01:00,65.57
2026-03-15T04:15+01:00,66.29
2026-03-15T04:30+01:00,67.31
2026-03-15T04:45+01:00,68
2026-03-15T05:00+01:00,66.61
2026-03-15T05:15+01:00,68.2
2026-03-15T05:30+01:00,70.71
2026-03-15T05:45+01:00,68.28
2026-03-15T06:00+01:00,65.94
2026-03-15T06:15+01:00,67.47
2026-03-15T06:30+01:00,67.99
2026-03-15T06:45+01:00,67.86
2026-03-15T07:00+01:00,66.18
2026-03-15T07:15+01:00,67.33
2026-03-15T07:30+01:00,66.11
2026-03-15T07:45+01:00,69.15
2026-03-15T08:00+01:00,61.03
2026-03-15T08:15+01:00,62.63
2026-03-15T08:30+01:00,64.89
2026-03-15T08:45+01:00,64.9
2026-03-15T09:00+01:00,60.22
2026-03-15T09:15+01:00,61.51
2026-03-15T09:30+01:00,62.99
2026-03-15T09:45+01:00,63.86
2026-03-15T10:00+01:00,65.18
2026-03-15T10:15+01:00,65.53
2026-03-15T10:30+01:00,60.86
2026-03-15T10:45+01:00,54.83
2026-03-15T11:00+01:00,65.98
2026-03-15T11:15+01:00,59.62
2026-03-15T11:30+01:00,55.11
2026-03-15T11:45+01:00,44.99
2026-03-15T12:00+01:00,68.74
2026-03-15T12:15+01:00,50.76
2026-03-15T12:30+01:00,40.66
2026-03-15T12:45+01:00,31.06
2026-03-15T13:00+01:00,42.82
2026-03-15T13:15+01:00,37.94
2026-03-15T13:30+01:00,30.38
2026-03-15T13:45+01:00,28.04
2026-03-15T14:00+01:00,25.07
2026-03-15T14:15+01:00,30.32
2026-03-15T14:30+01:00,38.04
2026-03-15T14:45+01:00,49.67
2026-03-15T15:00+01:00,39.26
2026-03-15T15:15+01:00,45.77
2026-03-15T15:30+01:00,51.83
2026-03-15T15:45+01:00,62.67
2026-03-15T16:00+01:00,49.07
2026-03-15T16:15+01:00,62.74
2026-03-15T16:30+01:00,68.78
2026-03-15T16:45+01:00,73.56
2026-03-15T17:00+01:00,70.79
2026-03-15T17:15+01:00,70.63
2026-03-15T17:30+01:00,69.98
2026-03-15T17:45+01:00,68.05
2026-03-15T18:00+01:00,82.43
2026-03-15T18:15+01:00,86.37
2026-03-15T18:30+01:00,78.22
2026-03-15T18:45+01:00,67.99
2026-03-15T19:00+01:00,87.3
2026-03-15T19:15+01:00,77.15
2026-03-15T19:30+01:00,68
2026-03-15T19:45+01:00,60.88
2026-03-15T20:00+01:00,70.07
2026-03-15T20:15+01:00,63.34
2026-03-15T20:30+01:00,58.51
2026-03-15T20:45+01:00,55.6
2026-03-15T21:00+01:00,59.57
2026-03-15T21:15+01:00,56.63
2026-03-15T21:30+01:00,52.24
2026-03-15T21:45+01:00,48.04
2026-03-15T22:00+01:00,52.16
2026-03-15T22:15+01:00,48.7
2026-03-15T22:30+01:00,44.99
2026-03-15T22:45+01:00,45
2026-03-15T23:00+01:00,47.3
2026-03-15T23:15+01:00,44.82
2026-03-15T23:30+01:00,42.86
2026-03-15T23:45+01:00,31.93
2026-03-16T00:00+01:00,39.7
2026-03-16T00:15+01:00,32.53
2026-03-16T00:30+01:00,21.08
2026-03-16T00:45+01:00,12.18
2026-03-16T01:00+01:00,30.83
2026-03-16T01:15+01:00,22.58
2026-03-16T01:30+01:00,16.49
2026-03-16T01:45+01:00,15.91
2026-03-16T02:00+01:00,23.9
2026-03-16T02:15+01:00,18
2026-03-16T02:30+01:00,15.14
2026-03-16T02:45+01:00,11.74
2026-03-16T03:00+01:00,13.79
2026-03-16T03:15+01:00,12.15
2026-03-16T03:30+01:00,15.5
2026-03-16T03:45+01:00,16.99
2026-03-16T04:00+01:00,12.06
2026-03-16T04:15+01:00,16.53
2026-03-16T04:30+01:00,20.86
2026-03-16T04:45+01:00,26.18
2026-03-16T05:00+01:00,15.92
2026-03-16T05:15+01:00,22.95
2026-03-16T05:30+01:00,32.05
2026-03-16T05:45+01:00,37.4
2026-03-16T06:00+01:00,30.1
2026-03-16T06:15+01:00,43.76
2026-03-16T06:30+01:00,57.4
2026-03-16T06:45+01:00,61.83
2026-03-16T07:00+01:00,67.15
2026-03-16T07:15+01:00,71.16
2026-03-16T07:30+01:00,75.87
2026-03-16T07:45+01:00,73.74
2026-03-16T08:00+01:00,73.79
2026-03-16T08:15+01:00,66.97
2026-03-16T08:30+01:00,66.99
2026-03-16T08:45+01:00,65.35
2026-03-16T09:00+01:00,58.47
2026-03-16T09:15+01:00,55.41
2026-03-16T09:30+01:00,50
2026-03-16T09:45+01:00,39.99
2026-03-16T10:00+01:00,52.59
2026-03-16T10:15+01:00,44.66
2026-03-16T10:30+01:00,33.22
2026-03-16T10:45+01:00,19.4
2026-03-16T11:00+01:00,23.27
2026-03-16T11:15+01:00,16.02
2026-03-16T11:30+01:00,14.71
2026-03-16T11:45+01:00,16.96
2026-03-16T12:00+01:00,15.78
2026-03-16T12:15+01:00,12.39
2026-03-16T12:30+01:00,14.92
2026-03-16T12:45+01:00,14.23
2026-03-16T13:00+01:00,11.21
2026-03-16T13:15+01:00,12.42
2026-03-16T13:30+01:00,17.54
2026-03-16T13:45+01:00,27.23
2026-03-16T14:00+01:00,16.81
2026-03-16T14:15+01:00,29.22
2026-03-16T14:30+01:00,47.22
2026-03-16T14:45+01:00,51.85
2026-03-16T15:00+01:00,28.63
2026-03-16T15:15+01:00,38.78
2026-03-16T15:30+01:00,60.96
2026-03-16T15:45+01:00,78.86
2026-03-16T16:00+01:00,47.16
2026-03-16T16:15+01:00,64.1
2026-03-16T16:30+01:00,86.06
2026-03-16T16:45+01:00,102.32
2026-03-16T17:00+01:00,69.31
2026-03-16T17:15+01:00,84.27
2026-03-16T17:30+01:00,96.12
2026-03-16T17:45+01:00,120.42
2026-03-16T18:00+01:00,95.02
2026-03-16T18:15+01:00,102.63
2026-03-16T18:30+01:00,111.28
2026-03-16T18:45+01:00,119.25
2026-03-16T19:00+01:00,113.27
2026-03-16T19:15+01:00,111.99
2026-03-16T19:30+01:00,109.71
2026-03-16T19:45+01:00,106.22
2026-03-16T20:00+01:00,110.81
2026-03-16T20:15+01:00,96.73
2026-03-16T20:30+01:00,81.65
2026-03-16T20:45+01:00,73.32
2026-03-16T21:00+01:00,79.54
2026-03-16T21:15+01:00,73.28
2026-03-16T21:30+01:00,70.84
2026-03-16T21:45+01:00,67
2026-03-16T22:00+01:00,73.94
2026-03-16T22:15+01:00,71.09
2026-03-16T22:30+01:00,69.03
2026-03-16T22:45+01:00,62.06
2026-03-16T23:00+01:00,64.85
2026-03-16T23:15+01:00,60.22
2026-03-16T23:30+01:00,57.33
2026-03-16T23:45+01:00,54.99
2026-03-17T00:00+01:00,63.54
2026-03-17T00:15+01:00,64.21
2026-03-17T00:30+01:00,60.98
2026-03-17T00:45+01:00,59.99
2026-03-17T01:00+01:00,58.78
2026-03-17T01:15+01:00,59.99
2026-03-17T01:30+01:00,59.52
2026-03-17T01:45+01:00,59.02
2026-03-17T02:00+01:00,60
2026-03-17T02:15+01:00,60
2026-03-17T02:30+01:00,60.95
2026-03-17T02:45+01:00,61.91
2026-03-17T03:00+01:00,57.54
2026-03-17T03:15+01:00,59.28
2026-03-17T03:30+01:00,60.9
2026-03-17T03:45+01:00,62.64
2026-03-17T04:00+01:00,60
2026-03-17T04:15+01:00,62.43
2026-03-17T04:30+01:00,64.77
2026-03-17T04:45+01:00,67.06
2026-03-17T05:00+01:00,61.93
2026-03-17T05:15+01:00,64.25
2026-03-17T05:30+01:00,74
2026-03-17T05:45+01:00,85.8
2026-03-17T06:00+01:00,73.96
2026-03-17T06:15+01:00,88.67
2026-03-17T06:30+01:00,106.22
2026-03-17T06:45+01:00,119.48
2026-03-17T07:00+01:00,171.86
2026-03-17T07:15+01:00,165
2026-03-17T07:30+01:00,165.69
2026-03-17T07:45+01:00,139.98
2026-03-17T08:00+01:00,182.48
2026-03-17T08:15+01:00,148.86
2026-03-17T08:30+01:00,128.43
2026-03-17T08:45+01:00,107.38
2026-03-17T09:00+01:00,138.56
2026-03-17T09:15+01:00,115.9
2026-03-17T09:30+01:00,101.87
2026-03-17T09:45+01:00,97.24
2026-03-17T10:00+01:00,121.3
2026-03-17T10:15+01:00,95.54
2026-03-17T10:30+01:00,87.46
2026-03-17T10:45+01:00,81
2026-03-17T11:00+01:00,92.81
2026-03-17T11:15+01:00,88.63
2026-03-17T11:30+01:00,87.12
2026-03-17T11:45+01:00,69.99
2026-03-17T12:00+01:00,64
2026-03-17T12:15+01:00,60
2026-03-17T12:30+01:00,55
2026-03-17T12:45+01:00,44.31
2026-03-17T13:00+01:00,53.36
2026-03-17T13:15+01:00,54.99
2026-03-17T13:30+01:00,55
2026-03-17T13:45+01:00,59.93
2026-03-17T14:00+01:00,35.18
2026-03-17T14:15+01:00,37.2
2026-03-17T14:30+01:00,55
2026-03-17T14:45+01:00,62.87
2026-03-17T15:00+01:00,55
2026-03-17T15:15+01:00,69.99
2026-03-17T15:30+01:00,77.01
2026-03-17T15:45+01:00,92.1
2026-03-17T16:00+01:00,63.85
2026-03-17T16:15+01:00,67.26
2026-03-17T16:30+01:00,75.9
2026-03-17T16:45+01:00,100.35
2026-03-17T17:00+01:00,69.32
2026-03-17T17:15+01:00,93.02
2026-03-17T17:30+01:00,91.29
2026-03-17T17:45+01:00,117.85
2026-03-17T18:00+01:00,118.2
2026-03-17T18:15+01:00,112.84
2026-03-17T18:30+01:00,89.44
2026-03-17T18:45+01:00,66.82
2026-03-17T19:00+01:00,99.59
2026-03-17T19:15+01:00,79.49
2026-03-17T19:30+01:00,72.71
2026-03-17T19:45+01:00,65.17
2026-03-17T20:00+01:00,70.47
2026-03-17T20:15+01:00,64.87
2026-03-17T20:30+01:00,63.67
2026-03-17T20:45+01:00,60.77
2026-03-17T21:00+01:00,62.07
2026-03-17T21:15+01:00,60
2026-03-17T21:30+01:00,58.94
2026-03-17T21:45+01:00,43.33
2026-03-17T22:00+01:00,51.96
2026-03-17T22:15+01:00,37.45
2026-03-17T22:30+01:00,28.36
2026-03-17T22:45+01:00,22.83
2026-03-17T23:00+01:00,23.03
2026-03-17T23:15+01:00,21.62
2026-03-17T23:30+01:00,21.33
2026-03-17T23:45+01:00,20.81
2026-03-18T00:00+01:00,40.67
2026-03-18T00:15+01:00,27.4
2026-03-18T00:30+01:00,22.1
2026-03-18T00:45+01:00,20.92
2026-03-18T01:00+01:00,20.98
2026-03-18T01:15+01:00,20.3
2026-03-18T01:30+01:00,19.77
2026-03-18T01:45+01:00,19.38
2026-03-18T02:00+01:00,19.5
2026-03-18T02:15+01:00,19.11
2026-03-18T02:30+01:00,18.89
2026-03-18T02:45+01:00,18.9
2026-03-18T03:00+01:00,19.26
2026-03-18T03:15+01:00,19.3
2026-03-18T03:30+01:00,19.62
2026-03-18T03:45+01:00,19.83
2026-03-18T04:00+01:00,20.31
2026-03-18T04:15+01:00,20.55
2026-03-18T04:30+01:00,20.67
2026-03-18T04:45+01:00,20.89
2026-03-18T05:00+01:00,20.96
2026-03-18T05:15+01:00,30.94
2026-03-18T05:30+01:00,58.58
2026-03-18T05:45+01:00,70
2026-03-18T06:00+01:00,60.75
2026-03-18T06:15+01:00,71.91
2026-03-18T06:30+01:00,75.59
2026-03-18T06:45+01:00,74.58
2026-03-18T07:00+01:00,111.93
2026-03-18T07:15+01:00,130.56
2026-03-18T07:30+01:00,116.42
2026-03-18T07:45+01:00,89.67
2026-03-18T08:00+01:00,94.99
2026-03-18T08:15+01:00,92.88
2026-03-18T08:30+01:00,75.02
2026-03-18T08:45+01:00,62.63
2026-03-18T09:00+01:00,64.53
2026-03-18T09:15+01:00,59.99
2026-03-18T09:30+01:00,49.29
2026-03-18T09:45+01:00,13.11
2026-03-18T10:00+01:00,32.88
2026-03-18T10:15+01:00,4.87
2026-03-18T10:30+01:00,3.5
2026-03-18T10:45+01:00,3.56
2026-03-18T11:00+01:00,2.95
2026-03-18T11:15+01:00,2.82
2026-03-18T11:30+01:00,2.72
2026-03-18T11:45+01:00,2.65
2026-03-18T12:00+01:00,2.27
2026-03-18T12:15+01:00,2.23
2026-03-18T12:30+01:00,2.22
2026-03-18T12:45+01:00,2.26
2026-03-18T13:00+01:00,2.83
2026-03-18T13:15+01:00,2.79
2026-03-18T13:30+01:00,2.81
2026-03-18T13:45+01:00,2.92
2026-03-18T14:00+01:00,2.51
2026-03-18T14:15+01:00,2.72
2026-03-18T14:30+01:00,2.73
2026-03-18T14:45+01:00,5.43
2026-03-18T15:00+01:00,4.6
2026-03-18T15:15+01:00,10.3
2026-03-18T15:30+01:00,39.18
2026-03-18T15:45+01:00,54.51
2026-03-18T16:00+01:00,36.33
2026-03-18T16:15+01:00,51.98
2026-03-18T16:30+01:00,68.1
2026-03-18T16:45+01:00,75.05
2026-03-18T17:00+01:00,85.57
2026-03-18T17:15+01:00,117.17
2026-03-18T17:30+01:00,139.38
2026-03-18T17:45+01:00,159.07
2026-03-18T18:00+01:00,145.34
2026-03-18T18:15+01:00,154.92
2026-03-18T18:30+01:00,162.96
2026-03-18T18:45+01:00,163.41
2026-03-18T19:00+01:00,166.78
2026-03-18T19:15+01:00,157.49
2026-03-18T19:30+01:00,143.09
2026-03-18T19:45+01:00,121.06
2026-03-18T20:00+01:00,143.39
2026-03-18T20:15+01:00,131.3
2026-03-18T20:30+01:00,121.64
2026-03-18T20:45+01:00,115.9
2026-03-18T21:00+01:00,124.99
2026-03-18T21:15+01:00,102.36
2026-03-18T21:30+01:00,98.9
2026-03-18T21:45+01:00,70.24
2026-03-18T22:00+01:00,93.86
2026-03-18T22:15+01:00,76.49
2026-03-18T22:30+01:00,57.81
2026-03-18T22:45+01:00,32.97
2026-03-18T23:00+01:00,56.46
2026-03-18T23:15+01:00,40.29
2026-03-18T23:30+01:00,24.16
2026-03-18T23:45+01:00,23.43
2026-03-19T00:00+01:00,31.8
2026-03-19T00:15+01:00,27.83
2026-03-19T00:30+01:00,27.4
2026-03-19T00:45+01:00,26.67
2026-03-19T01:00+01:00,31.32
2026-03-19T01:15+01:00,30.16
2026-03-19T01:30+01:00,32.41
2026-03-19T01:45+01:00,32.9
2026-03-19T02:00+01:00,32.05
2026-03-19T02:15+01:00,36.3
2026-03-19T02:30+01:00,36.78
2026-03-19T02:45+01:00,36.63
2026-03-19T03:00+01:00,35.32
2026-03-19T03:15+01:00,39.45
2026-03-19T03:30+01:00,40
2026-03-19T03:45+01:00,40
2026-03-19T04:00+01:00,45.02
2026-03-19T04:15+01:00,54.99
2026-03-19T04:30+01:00,39.99
2026-03-19T04:45+01:00,55
2026-03-19T05:00+01:00,80.99
2026-03-19T05:15+01:00,97
2026-03-19T05:30+01:00,107.17
2026-03-19T05:45+01:00,119.38
2026-03-19T06:00+01:00,103
2026-03-19T06:15+01:00,127.2
2026-03-19T06:30+01:00,146.07
2026-03-19T06:45+01:00,153.06
2026-03-19T07:00+01:00,163.26
2026-03-19T07:15+01:00,155
2026-03-19T07:30+01:00,132.17
2026-03-19T07:45+01:00,102.48
2026-03-19T08:00+01:00,155.16
2026-03-19T08:15+01:00,133.55
2026-03-19T08:30+01:00,104.84
2026-03-19T08:45+01:00,89.41
2026-03-19T09:00+01:00,106.8
2026-03-19T09:15+01:00,87.23
2026-03-19T09:30+01:00,72.9
2026-03-19T09:45+01:00,49.63
2026-03-19T10:00+01:00,86.11
2026-03-19T10:15+01:00,54.99
2026-03-19T10:30+01:00,36.53
2026-03-19T10:45+01:00,20.28
2026-03-19T11:00+01:00,28.99
2026-03-19T11:15+01:00,19.6
2026-03-19T11:30+01:00,17.17
2026-03-19T11:45+01:00,19.73
2026-03-19T12:00+01:00,21.32
2026-03-19T12:15+01:00,19.5
2026-03-19T12:30+01:00,20.23
2026-03-19T12:45+01:00,22.33
2026-03-19T13:00+01:00,15.97
2026-03-19T13:15+01:00,16.03
2026-03-19T13:30+01:00,16.03
2026-03-19T13:45+01:00,20.7
2026-03-19T14:00+01:00,13.8
2026-03-19T14:15+01:00,26.35
2026-03-19T14:30+01:00,50.98
2026-03-19T14:45+01:00,68.42
2026-03-19T15:00+01:00,37.43
2026-03-19T15:15+01:00,70.57
2026-03-19T15:30+01:00,84.63
2026-03-19T15:45+01:00,105
2026-03-19T16:00+01:00,83.11
2026-03-19T16:15+01:00,94.71
2026-03-19T16:30+01:00,106.83
2026-03-19T16:45+01:00,132.33
2026-03-19T17:00+01:00,83.93
2026-03-19T17:15+01:00,112.33
2026-03-19T17:30+01:00,142.63
2026-03-19T17:45+01:00,173.92
2026-03-19T18:00+01:00,153.54
2026-03-19T18:15+01:00,171.76
2026-03-19T18:30+01:00,189.16
2026-03-19T18:45+01:00,195.61
2026-03-19T19:00+01:00,203.86
2026-03-19T19:15+01:00,186.07
2026-03-19T19:30+01:00,172.56
2026-03-19T19:45+01:00,164.58
2026-03-19T20:00+01:00,155.45
2026-03-19T20:15+01:00,142.41
2026-03-19T20:30+01:00,132.6
2026-03-19T20:45+01:00,121.79
2026-03-19T21:00+01:00,135.46
2026-03-19T21:15+01:00,130.9
2026-03-19T21:30+01:00,124.24
2026-03-19T21:45+01:00,109.13
2026-03-19T22:00+01:00,127.41
2026-03-19T22:15+01:00,123.18
2026-03-19T22:30+01:00,113.35
2026-03-19T22:45+01:00,107.19
2026-03-19T23:00+01:00,111.63
2026-03-19T23:15+01:00,105.87
2026-03-19T23:30+01:00,95.5
2026-03-19T23:45+01:00,85.2
2026-03-20T00:00+01:00,126.99
2026-03-20T00:15+01:00,110.18
2026-03-20T00:30+01:00,104.19
2026-03-20T00:45+01:00,101.16
2026-03-20T01:00+01:00,101.22
2026-03-20T01:15+01:00,106.7
2026-03-20T01:30+01:00,110.23
2026-03-20T01:45+01:00,110.95
2026-03-20T02:00+01:00,99.3
2026-03-20T02:15+01:00,101.63
2026-03-20T02:30+01:00,110.32
2026-03-20T02:45+01:00,111
2026-03-20T03:00+01:00,109.01
2026-03-20T03:15+01:00,108.68
2026-03-20T03:30+01:00,114.37
2026-03-20T03:45+01:00,115.43
2026-03-20T04:00+01:00,107.19
2026-03-20T04:15+01:00,111.23
2026-03-20T04:30+01:00,114
2026-03-20T04:45+01:00,124.3
2026-03-20T05:00+01:00,114.88
2026-03-20T05:15+01:00,122.72
2026-03-20T05:30+01:00,139.43
2026-03-20T05:45+01:00,145.38
2026-03-20T06:00+01:00,144.5
2026-03-20T06:15+01:00,159.8
2026-03-20T06:30+01:00,172.53
2026-03-20T06:45+01:00,177.47
2026-03-20T07:00+01:00,201.77
2026-03-20T07:15+01:00,181.42
2026-03-20T07:30+01:00,165.07
2026-03-20T07:45+01:00,147.93
2026-03-20T08:00+01:00,175.37
2026-03-20T08:15+01:00,147.47
2026-03-20T08:30+01:00,132.71
2026-03-20T08:45+01:00,103.91
2026-03-20T09:00+01:00,143.03
2026-03-20T09:15+01:00,122.38
2026-03-20T09:30+01:00,89.29
2026-03-20T09:45+01:00,92.09
2026-03-20T10:00+01:00,99.96
2026-03-20T10:15+01:00,89.38
2026-03-20T10:30+01:00,71.7
2026-03-20T10:45+01:00,66.4
2026-03-20T11:00+01:00,78.29
2026-03-20T11:15+01:00,70.18
2026-03-20T11:30+01:00,57.7
2026-03-20T11:45+01:00,50.01
2026-03-20T12:00+01:00,45.31
2026-03-20T12:15+01:00,37.4
2026-03-20T12:30+01:00,28.73
2026-03-20T12:45+01:00,22.6
2026-03-20T13:00+01:00,39.99
2026-03-20T13:15+01:00,39.95
2026-03-20T13:30+01:00,40
2026-03-20T13:45+01:00,46.22
2026-03-20T14:00+01:00,42.13
2026-03-20T14:15+01:00,63.19
2026-03-20T14:30+01:00,77.49
2026-03-20T14:45+01:00,91.48
2026-03-20T15:00+01:00,80.19
2026-03-20T15:15+01:00,92.28
2026-03-20T15:30+01:00,96.98
2026-03-20T15:45+01:00,110.51
2026-03-20T16:00+01:00,86.45
2026-03-20T16:15+01:00,115.88
2026-03-20T16:30+01:00,130.66
2026-03-20T16:45+01:00,146.49
2026-03-20T17:00+01:00,106.1
2026-03-20T17:15+01:00,137.17
2026-03-20T17:30+01:00,147.94
2026-03-20T17:45+01:00,150.92
2026-03-20T18:00+01:00,147.71
2026-03-20T18:15+01:00,150.9
2026-03-20T18:30+01:00,151.44
2026-03-20T18:45+01:00,142.85
2026-03-20T19:00+01:00,141.32
2026-03-20T19:15+01:00,122.14
2026-03-20T19:30+01:00,92.89
2026-03-20T19:45+01:00,79.67
2026-03-20T20:00+01:00,111.39
2026-03-20T20:15+01:00,93.98
2026-03-20T20:30+01:00,78.7
2026-03-20T20:45+01:00,77.75
2026-03-20T21:00+01:00,79.99
2026-03-20T21:15+01:00,78.27
2026-03-20T21:30+01:00,77.33
2026-03-20T21:45+01:00,73.75
2026-03-20T22:00+01:00,75.31
2026-03-20T22:15+01:00,61.58
2026-03-20T22:30+01:00,57.7
2026-03-20T22:45+01:00,54.8
2026-03-20T23:00+01:00,54.99
2026-03-20T23:15+01:00,49.76
2026-03-20T23:30+01:00,48.33
2026-03-20T23:45+01:00,46.01
2026-03-21T00:00+01:00,43.37
2026-03-21T00:15+01:00,42.99
2026-03-21T00:30+01:00,42.6
2026-03-21T00:45+01:00,41.72
2026-03-21T01:00+01:00,45.5
2026-03-21T01:15+01:00,45.35
2026-03-21T01:30+01:00,44.97
2026-03-21T01:45+01:00,44.79
2026-03-21T02:00+01:00,43.64
2026-03-21T02:15+01:00,43.57
2026-03-21T02:30+01:00,43.52
2026-03-21T02:45+01:00,43.56
2026-03-21T03:00+01:00,44.65
2026-03-21T03:15+01:00,44.4
2026-03-21T03:30+01:00,44.5
2026-03-21T03:45+01:00,44.32
2026-03-21T04:00+01:00,43.43
2026-03-21T04:15+01:00,43.72
2026-03-21T04:30+01:00,44.04
2026-03-21T04:45+01:00,47.44
2026-03-21T05:00+01:00,38.32
2026-03-21T05:15+01:00,39.06
2026-03-21T05:30+01:00,39.03
2026-03-21T05:45+01:00,38.8
2026-03-21T06:00+01:00,44.11
2026-03-21T06:15+01:00,43.93
2026-03-21T06:30+01:00,44.22
2026-03-21T06:45+01:00,44.04
2026-03-21T07:00+01:00,42.41
2026-03-21T07:15+01:00,41.45
2026-03-21T07:30+01:00,40.6
2026-03-21T07:45+01:00,39.31
2026-03-21T08:00+01:00,44.67
2026-03-21T08:15+01:00,43.3
2026-03-21T08:30+01:00,40.32
2026-03-21T08:45+01:00,39.74
2026-03-21T09:00+01:00,35.49
2026-03-21T09:15+01:00,31.39
2026-03-21T09:30+01:00,25.08
2026-03-21T09:45+01:00,22.61
2026-03-21T10:00+01:00,29.94
2026-03-21T10:15+01:00,22.99
2026-03-21T10:30+01:00,17.98
2026-03-21T10:45+01:00,14.19
2026-03-21T11:00+01:00,17.42
2026-03-21T11:15+01:00,12.09
2026-03-21T11:30+01:00,10.25
2026-03-21T11:45+01:00,8.59
2026-03-21T12:00+01:00,8.36
2026-03-21T12:15+01:00,5.42
2026-03-21T12:30+01:00,5.2
2026-03-21T12:45+01:00,4.99
2026-03-21T13:00+01:00,6.31
2026-03-21T13:15+01:00,6.45
2026-03-21T13:30+01:00,7.3
2026-03-21T13:45+01:00,8.83
2026-03-21T14:00+01:00,10.43
2026-03-21T14:15+01:00,15.81
2026-03-21T14:30+01:00,17.59
2026-03-21T14:45+01:00,21.95
2026-03-21T15:00+01:00,18.69
2026-03-21T15:15+01:00,22.24
2026-03-21T15:30+01:00,25
2026-03-21T15:45+01:00,29.32
2026-03-21T16:00+01:00,29.56
2026-03-21T16:15+01:00,34.46
2026-03-21T16:30+01:00,45.81
2026-03-21T16:45+01:00,66.58
2026-03-21T17:00+01:00,64.45
2026-03-21T17:15+01:00,73.76
2026-03-21T17:30+01:00,75.89
2026-03-21T17:45+01:00,77.63
2026-03-21T18:00+01:00,77.21
2026-03-21T18:15+01:00,77.19
2026-03-21T18:30+01:00,77.28
2026-03-21T18:45+01:00,76.81
2026-03-21T19:00+01:00,75.38
2026-03-21T19:15+01:00,75.33
2026-03-21T19:30+01:00,75.07
2026-03-21T19:45+01:00,72.59
2026-03-21T20:00+01:00,75.58
2026-03-21T20:15+01:00,64.42
2026-03-21T20:30+01:00,68.79
2026-03-21T20:45+01:00,65.49
2026-03-21T21:00+01:00,57.41
2026-03-21T21:15+01:00,49.76
2026-03-21T21:30+01:00,48.62
2026-03-21T21:45+01:00,47.2
2026-03-21T22:00+01:00,45.76
2026-03-21T22:15+01:00,42.37
2026-03-21T22:30+01:00,40.2
2026-03-21T22:45+01:00,37.05
2026-03-21T23:00+01:00,41.82
2026-03-21T23:15+01:00,39.06
2026-03-21T23:30+01:00,37.86
2026-03-21T23:45+01:00,33.45
2026-03-22T00:00+01:00,37.52
2026-03-22T00:15+01:00,36.3
2026-03-22T00:30+01:00,35.63
2026-03-22T00:45+01:00,33.21
2026-03-22T01:00+01:00,36.61
2026-03-22T01:15+01:00,33.64
2026-03-22T01:30+01:00,31.39
2026-03-22T01:45+01:00,30.76
2026-03-22T02:00+01:00,33.87
2026-03-22T02:15+01:00,33.32
2026-03-22T02:30+01:00,33.41
2026-03-22T02:45+01:00,35.75
2026-03-22T03:00+01:00,32.73
2026-03-22T03:15+01:00,33.25
2026-03-22T03:30+01:00,33.07
2026-03-22T03:45+01:00,31.63
2026-03-22T04:00+01:00,33.72
2026-03-22T04:15+01:00,33.73
2026-03-22T04:30+01:00,34.31
2026-03-22T04:45+01:00,34.74
2026-03-22T05:00+01:00,36.45
2026-03-22T05:15+01:00,37.3
2026-03-22T05:30+01:00,37.72
2026-03-22T05:45+01:00,36.49
2026-03-22T06:00+01:00,35.49
2026-03-22T06:15+01:00,34.51
2026-03-22T06:30+01:00,32.87
2026-03-22T06:45+01:00,30.8
2026-03-22T07:00+01:00,34.92
2026-03-22T07:15+01:00,31.45
2026-03-22T07:30+01:00,26.99
2026-03-22T07:45+01:00,19.61
2026-03-22T08:00+01:00,34.1
2026-03-22T08:15+01:00,20.02
2026-03-22T08:30+01:00,11.64
2026-03-22T08:45+01:00,6.95
2026-03-22T09:00+01:00,17.89
2026-03-22T09:15+01:00,6.69
2026-03-22T09:30+01:00,3.44
2026-03-22T09:45+01:00,2.82
2026-03-22T10:00+01:00,3.91
2026-03-22T10:15+01:00,3.4
2026-03-22T10:30+01:00,3.04
2026-03-22T10:45+01:00,2.62
2026-03-22T11:00+01:00,1.9
2026-03-22T11:15+01:00,1.67
2026-03-22T11:30+01:00,0.91
2026-03-22T11:45+01:00,0.71
2026-03-22T12:00+01:00,0.4
2026-03-22T12:15+01:00,0.35
2026-03-22T12:30+01:00,0.3
2026-03-22T12:45+01:00,0.27
2026-03-22T13:00+01:00,-0.96
2026-03-22T13:15+01:00,-1.02
2026-03-22T13:30+01:00,-1.33
2026-03-22T13:45+01:00,-1.23
2026-03-22T14:00+01:00,-0.51
2026-03-22T14:15+01:00,-0.4
2026-03-22T14:30+01:00,-0.05
2026-03-22T14:45+01:00,0.45
2026-03-22T15:00+01:00,0.51
2026-03-22T15:15+01:00,1.03
2026-03-22T15:30+01:00,4.12
2026-03-22T15:45+01:00,10.3
2026-03-22T16:00+01:00,15.01
2026-03-22T16:15+01:00,24.71
2026-03-22T16:30+01:00,35.18
2026-03-22T16:45+01:00,45.96
2026-03-22T17:00+01:00,52.03
2026-03-22T17:15+01:00,56.12
2026-03-22T17:30+01:00,57.09
2026-03-22T17:45+01:00,57.44
2026-03-22T18:00+01:00,57.74
2026-03-22T18:15+01:00,57.99
2026-03-22T18:30+01:00,58.74
2026-03-22T18:45+01:00,58.81
2026-03-22T19:00+01:00,59.97
2026-03-22T19:15+01:00,59.63
2026-03-22T19:30+01:00,59.34
2026-03-22T19:45+01:00,58.72
2026-03-22T20:00+01:00,58.49
2026-03-22T20:15+01:00,57.63
2026-03-22T20:30+01:00,57.18
2026-03-22T20:45+01:00,56.94
2026-03-22T21:00+01:00,56.51
2026-03-22T21:15+01:00,56.09
2026-03-22T21:30+01:00,55.63
2026-03-22T21:45+01:00,55.47
2026-03-22T22:00+01:00,55.74
2026-03-22T22:15+01:00,53.35
2026-03-22T22:30+01:00,54.03
2026-03-22T22:45+01:00,46.59
2026-03-22T23:00+01:00,52.09
2026-03-22T23:15+01:00,44.64
2026-03-22T23:30+01:00,21.79
2026-03-22T23:45+01:00,11.4
2026-03-23T00:00+01:00,7.61
2026-03-23T00:15+01:00,6.95
2026-03-23T00:30+01:00,6.95
2026-03-23T00:45+01:00,6.75
2026-03-23T01:00+01:00,4.36
2026-03-23T01:15+01:00,4.36
2026-03-23T01:30+01:00,4.06
2026-03-23T01:45+01:00,4.11
2026-03-23T02:00+01:00,4.05
2026-03-23T02:15+01:00,4.03
2026-03-23T02:30+01:00,3.88
2026-03-23T02:45+01:00,3.84
2026-03-23T03:00+01:00,6.95
2026-03-23T03:15+01:00,6.95
2026-03-23T03:30+01:00,7.39
2026-03-23T03:45+01:00,8.29
2026-03-23T04:00+01:00,10.25
2026-03-23T04:15+01:00,11.7
2026-03-23T04:30+01:00,22.42
2026-03-23T04:45+01:00,36.33
2026-03-23T05:00+01:00,51.19
2026-03-23T05:15+01:00,52.1
2026-03-23T05:30+01:00,54.6
2026-03-23T05:45+01:00,55.28
2026-03-23T06:00+01:00,51.97
2026-03-23T06:15+01:00,52.68
2026-03-23T06:30+01:00,53.12
2026-03-23T06:45+01:00,54.03
2026-03-23T07:00+01:00,56.36
2026-03-23T07:15+01:00,57.51
2026-03-23T07:30+01:00,56.5
2026-03-23T07:45+01:00,55.99
2026-03-23T08:00+01:00,57.32
2026-03-23T08:15+01:00,55
2026-03-23T08:30+01:00,51.19
2026-03-23T08:45+01:00,49.88
2026-03-23T09:00+01:00,50.49
2026-03-23T09:15+01:00,47.94
2026-03-23T09:30+01:00,46.04
2026-03-23T09:45+01:00,42.15
2026-03-23T10:00+01:00,44.07
2026-03-23T10:15+01:00,39.99
2026-03-23T10:30+01:00,39.99
2026-03-23T10:45+01:00,25.47
2026-03-23T11:00+01:00,28.98
2026-03-23T11:15+01:00,20.01
2026-03-23T11:30+01:00,11.57
2026-03-23T11:45+01:00,10.01
2026-03-23T12:00+01:00,8.32
2026-03-23T12:15+01:00,8.02
2026-03-23T12:30+01:00,10.39
2026-03-23T12:45+01:00,10.51
2026-03-23T13:00+01:00,10.41
2026-03-23T13:15+01:00,10.22
2026-03-23T13:30+01:00,10.18
2026-03-23T13:45+01:00,7.67
2026-03-23T14:00+01:00,10
2026-03-23T14:15+01:00,6.95
2026-03-23T14:30+01:00,10
2026-03-23T14:45+01:00,15.56
2026-03-23T15:00+01:00,40.33
2026-03-23T15:15+01:00,42.34
2026-03-23T15:30+01:00,45.57
2026-03-23T15:45+01:00,48.75
2026-03-23T16:00+01:00,48.18
2026-03-23T16:15+01:00,49.89
2026-03-23T16:30+01:00,51.43
2026-03-23T16:45+01:00,52.27
2026-03-23T17:00+01:00,48.74
2026-03-23T17:15+01:00,52.28
2026-03-23T17:30+01:00,54.46
2026-03-23T17:45+01:00,56.13
2026-03-23T18:00+01:00,56.16
2026-03-23T18:15+01:00,56.18
2026-03-23T18:30+01:00,55.96
2026-03-23T18:45+01:00,56.13
2026-03-23T19:00+01:00,55.23
2026-03-23T19:15+01:00,55.11
2026-03-23T19:30+01:00,54.99
2026-03-23T19:45+01:00,54.54
2026-03-23T20:00+01:00,53.52
2026-03-23T20:15+01:00,53.19
2026-03-23T20:30+01:00,52.19
2026-03-23T20:45+01:00,51.9
2026-03-23T21:00+01:00,51.11
2026-03-23T21:15+01:00,51.1
2026-03-23T21:30+01:00,50.9
2026-03-23T21:45+01:00,50.55
2026-03-23T22:00+01:00,51.04
2026-03-23T22:15+01:00,50
2026-03-23T22:30+01:00,49.71
2026-03-23T22:45+01:00,49.47
2026-03-23T23:00+01:00,47.61
2026-03-23T23:15+01:00,47.2
2026-03-23T23:30+01:00,46.22
2026-03-23T23:45+01:00,44.6
2026-03-24T00:00+01:00,52.11
2026-03-24T00:15+01:00,50.74
2026-03-24T00:30+01:00,49.71
2026-03-24T00:45+01:00,47.43
2026-03-24T01:00+01:00,47.17
2026-03-24T01:15+01:00,46.72
2026-03-24T01:30+01:00,46.3
2026-03-24T01:45+01:00,46.47
2026-03-24T02:00+01:00,41.56
2026-03-24T02:15+01:00,41.16
2026-03-24T02:30+01:00,41.68
2026-03-24T02:45+01:00,42.09
2026-03-24T03:00+01:00,38.34
2026-03-24T03:15+01:00,39.18
2026-03-24T03:30+01:00,39.73
2026-03-24T03:45+01:00,41.17
2026-03-24T04:00+01:00,39.4
2026-03-24T04:15+01:00,40.38
2026-03-24T04:30+01:00,43.1
2026-03-24T04:45+01:00,43.82
2026-03-24T05:00+01:00,31.13
2026-03-24T05:15+01:00,35
2026-03-24T05:30+01:00,44.6
2026-03-24T05:45+01:00,45.32
2026-03-24T06:00+01:00,59.12
2026-03-24T06:15+01:00,59.28
2026-03-24T06:30+01:00,57.46
2026-03-24T06:45+01:00,54.99
2026-03-24T07:00+01:00,70.45
2026-03-24T07:15+01:00,67.49
2026-03-24T07:30+01:00,61.91
2026-03-24T07:45+01:00,54.03
2026-03-24T08:00+01:00,72.22
2026-03-24T08:15+01:00,62.16
2026-03-24T08:30+01:00,53.82
2026-03-24T08:45+01:00,41.56
2026-03-24T09:00+01:00,60.54
2026-03-24T09:15+01:00,49.27
2026-03-24T09:30+01:00,40.52
2026-03-24T09:45+01:00,26.05
2026-03-24T10:00+01:00,40.33
2026-03-24T10:15+01:00,18.86
2026-03-24T10:30+01:00,8.53
2026-03-24T10:45+01:00,4.01
2026-03-24T11:00+01:00,8.23
2026-03-24T11:15+01:00,5.07
2026-03-24T11:30+01:00,4.11
2026-03-24T11:45+01:00,3.57
2026-03-24T12:00+01:00,4.04
2026-03-24T12:15+01:00,3.59
2026-03-24T12:30+01:00,3.63
2026-03-24T12:45+01:00,3.49
2026-03-24T13:00+01:00,3.48
2026-03-24T13:15+01:00,3.53
2026-03-24T13:30+01:00,3.52
2026-03-24T13:45+01:00,3.69
2026-03-24T14:00+01:00,2.79
2026-03-24T14:15+01:00,3.14
2026-03-24T14:30+01:00,3.23
2026-03-24T14:45+01:00,3.87
2026-03-24T15:00+01:00,2.55
2026-03-24T15:15+01:00,4.91
2026-03-24T15:30+01:00,5.36
2026-03-24T15:45+01:00,6.95
2026-03-24T16:00+01:00,6.95
2026-03-24T16:15+01:00,6.95
2026-03-24T16:30+01:00,6.95
2026-03-24T16:45+01:00,6.95
2026-03-24T17:00+01:00,43.97
2026-03-24T17:15+01:00,47.85
2026-03-24T17:30+01:00,49.13
2026-03-24T17:45+01:00,50.96
2026-03-24T18:00+01:00,51.35
2026-03-24T18:15+01:00,51.72
2026-03-24T18:30+01:00,52.67
2026-03-24T18:45+01:00,52.63
2026-03-24T19:00+01:00,53.67
2026-03-24T19:15+01:00,52.57
2026-03-24T19:30+01:00,51.42
2026-03-24T19:45+01:00,50
2026-03-24T20:00+01:00,49.64
2026-03-24T20:15+01:00,46.56
2026-03-24T20:30+01:00,44.42
2026-03-24T20:45+01:00,31.43
2026-03-24T21:00+01:00,37.11
2026-03-24T21:15+01:00,34.58
2026-03-24T21:30+01:00,21.04
2026-03-24T21:45+01:00,10.01
2026-03-24T22:00+01:00,5.02
2026-03-24T22:15+01:00,5.01
2026-03-24T22:30+01:00,5
2026-03-24T22:45+01:00,4.82
2026-03-24T23:00+01:00,5.29
2026-03-24T23:15+01:00,6.59
2026-03-24T23:30+01:00,6.78
2026-03-24T23:45+01:00,5.62
2026-03-25T00:00+01:00,3.32
2026-03-25T00:15+01:00,3.06
2026-03-25T00:30+01:00,2.61
2026-03-25T00:45+01:00,1.44
2026-03-25T01:00+01:00,2.37
2026-03-25T01:15+01:00,1.51
2026-03-25T01:30+01:00,1.54
2026-03-25T01:45+01:00,1.55
2026-03-25T02:00+01:00,1.66
2026-03-25T02:15+01:00,1.65
2026-03-25T02:30+01:00,1.65
2026-03-25T02:45+01:00,1.65
2026-03-25T03:00+01:00,1.65
2026-03-25T03:15+01:00,1.65
2026-03-25T03:30+01:00,1.65
2026-03-25T03:45+01:00,1.65
2026-03-25T04:00+01:00,1.67
2026-03-25T04:15+01:00,1.67
2026-03-25T04:30+01:00,1.67
2026-03-25T04:45+01:00,2.5
2026-03-25T05:00+01:00,1.69
2026-03-25T05:15+01:00,2.99
2026-03-25T05:30+01:00,3.34
2026-03-25T05:45+01:00,4.4
2026-03-25T06:00+01:00,4.22
2026-03-25T06:15+01:00,4.95
2026-03-25T06:30+01:00,6.88
2026-03-25T06:45+01:00,8.98
2026-03-25T07:00+01:00,11.29
2026-03-25T07:15+01:00,11.88
2026-03-25T07:30+01:00,11.56
2026-03-25T07:45+01:00,11.56
2026-03-25T08:00+01:00,11.5
2026-03-25T08:15+01:00,11.53
2026-03-25T08:30+01:00,11.78
2026-03-25T08:45+01:00,11.97
2026-03-25T09:00+01:00,11.77
2026-03-25T09:15+01:00,11.62
2026-03-25T09:30+01:00,11.75
2026-03-25T09:45+01:00,11.6
2026-03-25T10:00+01:00,11.62
2026-03-25T10:15+01:00,11.26
2026-03-25T10:30+01:00,8.91
2026-03-25T10:45+01:00,6.56
2026-03-25T11:00+01:00,8.43
2026-03-25T11:15+01:00,7.09
2026-03-25T11:30+01:00,6.82
2026-03-25T11:45+01:00,6.61
2026-03-25T12:00+01:00,8.15
2026-03-25T12:15+01:00,7.47
2026-03-25T12:30+01:00,6.91
2026-03-25T12:45+01:00,6.69
2026-03-25T13:00+01:00,6.95
2026-03-25T13:15+01:00,6.79
2026-03-25T13:30+01:00,6.68
2026-03-25T13:45+01:00,6.61
2026-03-25T14:00+01:00,5.58
2026-03-25T14:15+01:00,5.94
2026-03-25T14:30+01:00,6.01
2026-03-25T14:45+01:00,7.38
2026-03-25T15:00+01:00,5.17
2026-03-25T15:15+01:00,6.75
2026-03-25T15:30+01:00,9.02
2026-03-25T15:45+01:00,13.75
2026-03-25T16:00+01:00,11.52
2026-03-25T16:15+01:00,20.37
2026-03-25T16:30+01:00,38.6
2026-03-25T16:45+01:00,50
2026-03-25T17:00+01:00,30.46
2026-03-25T17:15+01:00,46.35
2026-03-25T17:30+01:00,62.1
2026-03-25T17:45+01:00,67.82
2026-03-25T18:00+01:00,64.81
2026-03-25T18:15+01:00,59.43
2026-03-25T18:30+01:00,60.05
2026-03-25T18:45+01:00,56.54
2026-03-25T19:00+01:00,41.89
2026-03-25T19:15+01:00,34.11
2026-03-25T19:30+01:00,33.28
2026-03-25T19:45+01:00,29.72
2026-03-25T20:00+01:00,28.87
2026-03-25T20:15+01:00,26.43
2026-03-25T20:30+01:00,26.15
2026-03-25T20:45+01:00,24.31
2026-03-25T21:00+01:00,23.45
2026-03-25T21:15+01:00,19.88
2026-03-25T21:30+01:00,16.77
2026-03-25T21:45+01:00,12.95
2026-03-25T22:00+01:00,32.43
2026-03-25T22:15+01:00,23.55
2026-03-25T22:30+01:00,18.47
2026-03-25T22:45+01:00,12.67
2026-03-25T23:00+01:00,17.52
2026-03-25T23:15+01:00,12.75
2026-03-25T23:30+01:00,11.71
2026-03-25T23:45+01:00,10
2026-03-26T00:00+01:00,11.29
2026-03-26T00:15+01:00,11.44
2026-03-26T00:30+01:00,17.42
2026-03-26T00:45+01:00,14.44
2026-03-26T01:00+01:00,9.95
2026-03-26T01:15+01:00,8.91
2026-03-26T01:30+01:00,7.01
2026-03-26T01:45+01:00,6.95
2026-03-26T02:00+01:00,6.78
2026-03-26T02:15+01:00,6.91
2026-03-26T02:30+01:00,6.69
2026-03-26T02:45+01:00,6.08
2026-03-26T03:00+01:00,5.36
2026-03-26T03:15+01:00,5.43
2026-03-26T03:30+01:00,5.83
2026-03-26T03:45+01:00,6.95
2026-03-26T04:00+01:00,6.42
2026-03-26T04:15+01:00,9.9
2026-03-26T04:30+01:00,8.11
2026-03-26T04:45+01:00,9.84
2026-03-26T05:00+01:00,7.16
2026-03-26T05:15+01:00,8.64
2026-03-26T05:30+01:00,10.15
2026-03-26T05:45+01:00,14.73
2026-03-26T06:00+01:00,28.7
2026-03-26T06:15+01:00,44.3
2026-03-26T06:30+01:00,53.41
2026-03-26T06:45+01:00,56.24
2026-03-26T07:00+01:00,53.79
2026-03-26T07:15+01:00,55.04
2026-03-26T07:30+01:00,56.84
2026-03-26T07:45+01:00,58.85
2026-03-26T08:00+01:00,55.68
2026-03-26T08:15+01:00,58.56
2026-03-26T08:30+01:00,56.12
2026-03-26T08:45+01:00,51.67
2026-03-26T09:00+01:00,54.78
2026-03-26T09:15+01:00,44.99
2026-03-26T09:30+01:00,35.94
2026-03-26T09:45+01:00,33.34
2026-03-26T10:00+01:00,45.8
2026-03-26T10:15+01:00,34.99
2026-03-26T10:30+01:00,20.01
2026-03-26T10:45+01:00,12.88
2026-03-26T11:00+01:00,18.49
2026-03-26T11:15+01:00,13.56
2026-03-26T11:30+01:00,9.78
2026-03-26T11:45+01:00,9.21
2026-03-26T12:00+01:00,8.54
2026-03-26T12:15+01:00,6.58
2026-03-26T12:30+01:00,5.23
2026-03-26T12:45+01:00,3.94
2026-03-26T13:00+01:00,6.95
2026-03-26T13:15+01:00,5.1
2026-03-26T13:30+01:00,5.3
2026-03-26T13:45+01:00,6.28
2026-03-26T14:00+01:00,4.28
2026-03-26T14:15+01:00,6.71
2026-03-26T14:30+01:00,9.11
2026-03-26T14:45+01:00,12.1
2026-03-26T15:00+01:00,8.61
2026-03-26T15:15+01:00,17.14
2026-03-26T15:30+01:00,27.57
2026-03-26T15:45+01:00,37.7
2026-03-26T16:00+01:00,25.99
2026-03-26T16:15+01:00,40.43
2026-03-26T16:30+01:00,46.41
2026-03-26T16:45+01:00,49.59
2026-03-26T17:00+01:00,46.81
2026-03-26T17:15+01:00,49.61
2026-03-26T17:30+01:00,52.68
2026-03-26T17:45+01:00,54.78
2026-03-26T18:00+01:00,54.63
2026-03-26T18:15+01:00,54.54
2026-03-26T18:30+01:00,54.5
2026-03-26T18:45+01:00,54.17
2026-03-26T19:00+01:00,57.39
2026-03-26T19:15+01:00,56.82
2026-03-26T19:30+01:00,54.8
2026-03-26T19:45+01:00,52.64
2026-03-26T20:00+01:00,55.51
2026-03-26T20:15+01:00,54.31
2026-03-26T20:30+01:00,52.08
2026-03-26T20:45+01:00,51.04
2026-03-26T21:00+01:00,52.69
2026-03-26T21:15+01:00,52.49
2026-03-26T21:30+01:00,51.67
2026-03-26T21:45+01:00,48.82
2026-03-26T22:00+01:00,52.21
2026-03-26T22:15+01:00,50.15
2026-03-26T22:30+01:00,49.13
2026-03-26T22:45+01:00,46.65
2026-03-26T23:00+01:00,50.39
2026-03-26T23:15+01:00,48.5
2026-03-26T23:30+01:00,47.21
2026-03-26T23:45+01:00,44.26
2026-03-27T00:00+01:00,48.21
2026-03-27T00:15+01:00,46.19
2026-03-27T00:30+01:00,45.72
2026-03-27T00:45+01:00,46.08
2026-03-27T01:00+01:00,46.35
2026-03-27T01:15+01:00,46.73
2026-03-27T01:30+01:00,47.14
2026-03-27T01:45+01:00,47.43
2026-03-27T02:00+01:00,46.62
2026-03-27T02:15+01:00,46.73
2026-03-27T02:30+01:00,46.46
2026-03-27T02:45+01:00,47.9
2026-03-27T03:00+01:00,45.77
2026-03-27T03:15+01:00,48.43
2026-03-27T03:30+01:00,48.54
2026-03-27T03:45+01:00,51.17
2026-03-27T04:00+01:00,46.7
2026-03-27T04:15+01:00,48.36
2026-03-27T04:30+01:00,52.57
2026-03-27T04:45+01:00,54.95
2026-03-27T05:00+01:00,50.2
2026-03-27T05:15+01:00,52.2
2026-03-27T05:30+01:00,54.78
2026-03-27T05:45+01:00,59.73
2026-03-27T06:00+01:00,55.35
2026-03-27T06:15+01:00,59.06
2026-03-27T06:30+01:00,81.95
2026-03-27T06:45+01:00,111.61
2026-03-27T07:00+01:00,105
2026-03-27T07:15+01:00,123.47
2026-03-27T07:30+01:00,122.9
2026-03-27T07:45+01:00,115.18
2026-03-27T08:00+01:00,142.95
2026-03-27T08:15+01:00,128.03
2026-03-27T08:30+01:00,88.4
2026-03-27T08:45+01:00,77.57
2026-03-27T09:00+01:00,77.73
2026-03-27T09:15+01:00,71.43
2026-03-27T09:30+01:00,64.78
2026-03-27T09:45+01:00,58.65
2026-03-27T10:00+01:00,57.6
2026-03-27T10:15+01:00,48.69
2026-03-27T10:30+01:00,45.1
2026-03-27T10:45+01:00,36.75
2026-03-27T11:00+01:00,52.1
2026-03-27T11:15+01:00,44.85
2026-03-27T11:30+01:00,40.06
2026-03-27T11:45+01:00,33.95
2026-03-27T12:00+01:00,40.75
2026-03-27T12:15+01:00,35.75
2026-03-27T12:30+01:00,32.33
2026-03-27T12:45+01:00,28.91
2026-03-27T13:00+01:00,35
2026-03-27T13:15+01:00,34.76
2026-03-27T13:30+01:00,32.94
2026-03-27T13:45+01:00,32.18
2026-03-27T14:00+01:00,29.33
2026-03-27T14:15+01:00,33.56
2026-03-27T14:30+01:00,39.82
2026-03-27T14:45+01:00,43.99
2026-03-27T15:00+01:00,38.85
2026-03-27T15:15+01:00,43.76
2026-03-27T15:30+01:00,48.25
2026-03-27T15:45+01:00,54.44
2026-03-27T16:00+01:00,46.56
2026-03-27T16:15+01:00,54.58
2026-03-27T16:30+01:00,56.46
2026-03-27T16:45+01:00,59.78
2026-03-27T17:00+01:00,58.27
2026-03-27T17:15+01:00,60.64
2026-03-27T17:30+01:00,60.68
2026-03-27T17:45+01:00,60.77
2026-03-27T18:00+01:00,64.03
2026-03-27T18:15+01:00,62.18
2026-03-27T18:30+01:00,60.79
2026-03-27T18:45+01:00,58.38
2026-03-27T19:00+01:00,58.28
2026-03-27T19:15+01:00,55.78
2026-03-27T19:30+01:00,54.14
2026-03-27T19:45+01:00,52.92
2026-03-27T20:00+01:00,55.5
2026-03-27T20:15+01:00,54.05
2026-03-27T20:30+01:00,52.59
2026-03-27T20:45+01:00,50.73
2026-03-27T21:00+01:00,55.03
2026-03-27T21:15+01:00,53.82
2026-03-27T21:30+01:00,51.48
2026-03-27T21:45+01:00,48.53
2026-03-27T22:00+01:00,54.08
2026-03-27T22:15+01:00,51.5
2026-03-27T22:30+01:00,49.66
2026-03-27T22:45+01:00,46.44
2026-03-27T23:00+01:00,51.96
2026-03-27T23:15+01:00,50.77
2026-03-27T23:30+01:00,47.94
2026-03-27T23:45+01:00,44.83
2026-03-28T00:00+01:00,49.25
2026-03-28T00:15+01:00,46.84
2026-03-28T00:30+01:00,43.49
2026-03-28T00:45+01:00,40.24
2026-03-28T01:00+01:00,27.11
2026-03-28T01:15+01:00,20.87
2026-03-28T01:30+01:00,14
2026-03-28T01:45+01:00,10.02
2026-03-28T02:00+01:00,17.74
2026-03-28T02:15+01:00,14.42
2026-03-28T02:30+01:00,13.36
2026-03-28T02:45+01:00,10.23
2026-03-28T03:00+01:00,13.99
2026-03-28T03:15+01:00,12.24
2026-03-28T03:30+01:00,10
2026-03-28T03:45+01:00,9.87
2026-03-28T04:00+01:00,12.65
2026-03-28T04:15+01:00,10.26
2026-03-28T04:30+01:00,10.47
2026-03-28T04:45+01:00,10.01
2026-03-28T05:00+01:00,10.26
2026-03-28T05:15+01:00,12.29
2026-03-28T05:30+01:00,13.99
2026-03-28T05:45+01:00,20.39
2026-03-28T06:00+01:00,10
2026-03-28T06:15+01:00,14
2026-03-28T06:30+01:00,22.66
2026-03-28T06:45+01:00,20.18
2026-03-28T07:00+01:00,22.01
2026-03-28T07:15+01:00,24.63
2026-03-28T07:30+01:00,26.34
2026-03-28T07:45+01:00,27.02
2026-03-28T08:00+01:00,37.66
2026-03-28T08:15+01:00,32.42
2026-03-28T08:30+01:00,29.62
2026-03-28T08:45+01:00,22.63
2026-03-28T09:00+01:00,33.93
2026-03-28T09:15+01:00,31.8
2026-03-28T09:30+01:00,27.55
2026-03-28T09:45+01:00,11.74
2026-03-28T10:00+01:00,28.13
2026-03-28T10:15+01:00,15.21
2026-03-28T10:30+01:00,9.62
2026-03-28T10:45+01:00,6.28
2026-03-28T11:00+01:00,9.51
2026-03-28T11:15+01:00,8.14
2026-03-28T11:30+01:00,7.31
2026-03-28T11:45+01:00,6.62
2026-03-28T12:00+01:00,7.54
2026-03-28T12:15+01:00,6.04
2026-03-28T12:30+01:00,6.95
2026-03-28T12:45+01:00,8.68
2026-03-28T13:00+01:00,6.64
2026-03-28T13:15+01:00,6.81
2026-03-28T13:30+01:00,8.59
2026-03-28T13:45+01:00,10.02
2026-03-28T14:00+01:00,6.95
2026-03-28T14:15+01:00,8.73
2026-03-28T14:30+01:00,20.73
2026-03-28T14:45+01:00,28.52
2026-03-28T15:00+01:00,18.97
2026-03-28T15:15+01:00,25.68
2026-03-28T15:30+01:00,30.75
2026-03-28T15:45+01:00,41.08
2026-03-28T16:00+01:00,33.36
2026-03-28T16:15+01:00,40
2026-03-28T16:30+01:00,45.07
2026-03-28T16:45+01:00,54.99
2026-03-28T17:00+01:00,47.03
2026-03-28T17:15+01:00,49.09
2026-03-28T17:30+01:00,52.31
2026-03-28T17:45+01:00,56.07
2026-03-28T18:00+01:00,58.72
2026-03-28T18:15+01:00,58.44
2026-03-28T18:30+01:00,57.89
2026-03-28T18:45+01:00,55.39
2026-03-28T19:00+01:00,58.87
2026-03-28T19:15+01:00,56.72
2026-03-28T19:30+01:00,55.31
2026-03-28T19:45+01:00,53.94
2026-03-28T20:00+01:00,56.63
2026-03-28T20:15+01:00,55.91
2026-03-28T20:30+01:00,54.88
2026-03-28T20:45+01:00,54.12
2026-03-28T21:00+01:00,55.79
2026-03-28T21:15+01:00,55.91
2026-03-28T21:30+01:00,55.29
2026-03-28T21:45+01:00,54.85
2026-03-28T22:00+01:00,55.88
2026-03-28T22:15+01:00,54.53
2026-03-28T22:30+01:00,53.66
2026-03-28T22:45+01:00,51.46
2026-03-28T23:00+01:00,53.53
2026-03-28T23:15+01:00,51.49
2026-03-28T23:30+01:00,50.3
2026-03-28T23:45+01:00,48.08
2026-03-29T00:00+01:00,52.46
2026-03-29T00:15+01:00,52.85
2026-03-29T00:30+01:00,52.05
2026-03-29T00:45+01:00,49.7
2026-03-29T01:00+01:00,50.8
2026-03-29T01:15+01:00,49.27
2026-03-29T01:30+01:00,50.6
2026-03-29T01:45+01:00,49.09
2026-03-29T03:00+02:00,48.46
2026-03-29T03:15+02:00,48.52
2026-03-29T03:30+02:00,49.51
2026-03-29T03:45+02:00,51.68
2026-03-29T04:00+02:00,51.2
2026-03-29T04:15+02:00,50.91
2026-03-29T04:30+02:00,51.09
2026-03-29T04:45+02:00,51.19
2026-03-29T05:00+02:00,49.99
2026-03-29T05:15+02:00,49.99
2026-03-29T05:30+02:00,50.82
2026-03-29T05:45+02:00,51.25
2026-03-29T06:00+02:00,46.91
2026-03-29T06:15+02:00,48.55
2026-03-29T06:30+02:00,49.92
2026-03-29T06:45+02:00,53.1
2026-03-29T07:00+02:00,52.06
2026-03-29T07:15+02:00,50.12
2026-03-29T07:30+02:00,48.87
2026-03-29T07:45+02:00,48.43
2026-03-29T08:00+02:00,53.71
2026-03-29T08:15+02:00,51.89
2026-03-29T08:30+02:00,49.17
2026-03-29T08:45+02:00,47.74
2026-03-29T09:00+02:00,51.99
2026-03-29T09:15+02:00,47.14
2026-03-29T09:30+02:00,42.3
2026-03-29T09:45+02:00,39.24
2026-03-29T10:00+02:00,46.92
2026-03-29T10:15+02:00,41.55
2026-03-29T10:30+02:00,38.73
2026-03-29T10:45+02:00,25.17
2026-03-29T11:00+02:00,40.03
2026-03-29T11:15+02:00,30.12
2026-03-29T11:30+02:00,22.61
2026-03-29T11:45+02:00,9.83
2026-03-29T12:00+02:00,24.5
2026-03-29T12:15+02:00,9.57
2026-03-29T12:30+02:00,5.69
2026-03-29T12:45+02:00,2.66
2026-03-29T13:00+02:00,6.25
2026-03-29T13:15+02:00,5
2026-03-29T13:30+02:00,4.29
2026-03-29T13:45+02:00,4.03
2026-03-29T14:00+02:00,3.38
2026-03-29T14:15+02:00,3.56
2026-03-29T14:30+02:00,3.72
2026-03-29T14:45+02:00,3.71
2026-03-29T15:00+02:00,3.54
2026-03-29T15:15+02:00,4.04
2026-03-29T15:30+02:00,4.06
2026-03-29T15:45+02:00,4.8
2026-03-29T16:00+02:00,3.05
2026-03-29T16:15+02:00,3.62
2026-03-29T16:30+02:00,4.62
2026-03-29T16:45+02:00,6.95
2026-03-29T17:00+02:00,3.88
2026-03-29T17:15+02:00,14.2
2026-03-29T17:30+02:00,31.23
2026-03-29T17:45+02:00,52.82
2026-03-29T18:00+02:00,27.53
2026-03-29T18:15+02:00,40.51
2026-03-29T18:30+02:00,48.26
2026-03-29T18:45+02:00,53.65
2026-03-29T19:00+02:00,54.99
2026-03-29T19:15+02:00,51.13
2026-03-29T19:30+02:00,49.82
2026-03-29T19:45+02:00,47.19
2026-03-29T20:00+02:00,55
2026-03-29T20:15+02:00,50.04
2026-03-29T20:30+02:00,42.87
2026-03-29T20:45+02:00,36.65
2026-03-29T21:00+02:00,46.08
2026-03-29T21:15+02:00,42.76
2026-03-29T21:30+02:00,34.99
2026-03-29T21:45+02:00,30.96
2026-03-29T22:00+02:00,43.36
2026-03-29T22:15+02:00,38.7
2026-03-29T22:30+02:00,32.68
2026-03-29T22:45+02:00,18.88
2026-03-29T23:00+02:00,34.33
2026-03-29T23:15+02:00,18.01
2026-03-29T23:30+02:00,12.81
2026-03-29T23:45+02:00,4.97
2026-03-30T00:00+02:00,16.53
2026-03-30T00:15+02:00,9.39
2026-03-30T00:30+02:00,5.17
2026-03-30T00:45+02:00,4.43
2026-03-30T01:00+02:00,4.51
2026-03-30T01:15+02:00,4.24
2026-03-30T01:30+02:00,3.98
2026-03-30T01:45+02:00,3.53
2026-03-30T02:00+02:00,4.99
2026-03-30T02:15+02:00,4.64
2026-03-30T02:30+02:00,4.98
2026-03-30T02:45+02:00,4.99
2026-03-30T03:00+02:00,3.72
2026-03-30T03:15+02:00,4.18
2026-03-30T03:30+02:00,4.28
2026-03-30T03:45+02:00,4.75
2026-03-30T04:00+02:00,3.2
2026-03-30T04:15+02:00,4.45
2026-03-30T04:30+02:00,5.18
2026-03-30T04:45+02:00,8.66
2026-03-30T05:00+02:00,4.18
2026-03-30T05:15+02:00,7.81
2026-03-30T05:30+02:00,16.93
2026-03-30T05:45+02:00,28.46
2026-03-30T06:00+02:00,12.37
2026-03-30T06:15+02:00,30.8
2026-03-30T06:30+02:00,46.5
2026-03-30T06:45+02:00,51.09
2026-03-30T07:00+02:00,42.05
2026-03-30T07:15+02:00,46.25
2026-03-30T07:30+02:00,54.82
2026-03-30T07:45+02:00,63.46
2026-03-30T08:00+02:00,54.13
2026-03-30T08:15+02:00,55.36
2026-03-30T08:30+02:00,55.64
2026-03-30T08:45+02:00,54.62
2026-03-30T09:00+02:00,62.26
2026-03-30T09:15+02:00,55
2026-03-30T09:30+02:00,52
2026-03-30T09:45+02:00,46.49
2026-03-30T10:00+02:00,58.86
2026-03-30T10:15+02:00,50.44
2026-03-30T10:30+02:00,47.52
2026-03-30T10:45+02:00,40.25
2026-03-30T11:00+02:00,52.12
2026-03-30T11:15+02:00,40.23
2026-03-30T11:30+02:00,32.72
2026-03-30T11:45+02:00,20.93
2026-03-30T12:00+02:00,33.01
2026-03-30T12:15+02:00,23.34
2026-03-30T12:30+02:00,18.84
2026-03-30T12:45+02:00,10.26
2026-03-30T13:00+02:00,17.02
2026-03-30T13:15+02:00,15.29
2026-03-30T13:30+02:00,10.17
2026-03-30T13:45+02:00,9.7
2026-03-30T14:00+02:00,9.96
2026-03-30T14:15+02:00,10.37
2026-03-30T14:30+02:00,11.52
2026-03-30T14:45+02:00,13.38
2026-03-30T15:00+02:00,9.5
2026-03-30T15:15+02:00,11.03
2026-03-30T15:30+02:00,11.91
2026-03-30T15:45+02:00,20.29
2026-03-30T16:00+02:00,9.74
2026-03-30T16:15+02:00,21.6
2026-03-30T16:30+02:00,40.73
2026-03-30T16:45+02:00,53.56
2026-03-30T17:00+02:00,36.93
2026-03-30T17:15+02:00,50.31
2026-03-30T17:30+02:00,68.3
2026-03-30T17:45+02:00,72.73
2026-03-30T18:00+02:00,58.52
2026-03-30T18:15+02:00,73.89
2026-03-30T18:30+02:00,74.45
2026-03-30T18:45+02:00,76.69
2026-03-30T19:00+02:00,76.55
2026-03-30T19:15+02:00,71.85
2026-03-30T19:30+02:00,70.25
2026-03-30T19:45+02:00,68.2
2026-03-30T20:00+02:00,69.63
2026-03-30T20:15+02:00,66.94
2026-03-30T20:30+02:00,65.22
2026-03-30T20:45+02:00,63.34
2026-03-30T21:00+02:00,64.63
2026-03-30T21:15+02:00,63.94
2026-03-30T21:30+02:00,61.39
2026-03-30T21:45+02:00,58.48
2026-03-30T22:00+02:00,62.59
2026-03-30T22:15+02:00,58.99
2026-03-30T22:30+02:00,55.88
2026-03-30T22:45+02:00,53.9
2026-03-30T23:00+02:00,65.11
2026-03-30T23:15+02:00,63.15
2026-03-30T23:30+02:00,59.55
2026-03-30T23:45+02:00,55.47
2026-03-31T00:00+02:00,59.48
2026-03-31T00:15+02:00,59.87
2026-03-31T00:30+02:00,56.93
2026-03-31T00:45+02:00,54.29
2026-03-31T01:00+02:00,55.7
2026-03-31T01:15+02:00,58.18
2026-03-31T01:30+02:00,59.11
2026-03-31T01:45+02:00,61.46
2026-03-31T02:00+02:00,61.84
2026-03-31T02:15+02:00,64.97
2026-03-31T02:30+02:00,68.48
2026-03-31T02:45+02:00,73.36
2026-03-31T03:00+02:00,63.32
2026-03-31T03:15+02:00,68.12
2026-03-31T03:30+02:00,71.51
2026-03-31T03:45+02:00,80.28
2026-03-31T04:00+02:00,55.9
2026-03-31T04:15+02:00,59.68
2026-03-31T04:30+02:00,71.78
2026-03-31T04:45+02:00,80.9
2026-03-31T05:00+02:00,85.09
2026-03-31T05:15+02:00,94.99
2026-03-31T05:30+02:00,110.14
2026-03-31T05:45+02:00,114.01
2026-03-31T06:00+02:00,110.6
2026-03-31T06:15+02:00,118.04
2026-03-31T06:30+02:00,119.06
2026-03-31T06:45+02:00,119.57
2026-03-31T07:00+02:00,120.23
2026-03-31T07:15+02:00,122.02
2026-03-31T07:30+02:00,124.66
2026-03-31T07:45+02:00,125.72
2026-03-31T08:00+02:00,124.96
2026-03-31T08:15+02:00,125.92
2026-03-31T08:30+02:00,125.8
2026-03-31T08:45+02:00,122.07
2026-03-31T09:00+02:00,124.84
2026-03-31T09:15+02:00,121.67
2026-03-31T09:30+02:00,119.75
2026-03-31T09:45+02:00,118.14
2026-03-31T10:00+02:00,117.09
2026-03-31T10:15+02:00,111.52
2026-03-31T10:30+02:00,97.92
2026-03-31T10:45+02:00,92.56
2026-03-31T11:00+02:00,95.56
2026-03-31T11:15+02:00,89.7
2026-03-31T11:30+02:00,83.56
2026-03-31T11:45+02:00,72.93
2026-03-31T12:00+02:00,85.67
2026-03-31T12:15+02:00,80.55
2026-03-31T12:30+02:00,76.56
2026-03-31T12:45+02:00,64.49
2026-03-31T13:00+02:00,72.37
2026-03-31T13:15+02:00,60.37
2026-03-31T13:30+02:00,46.56
2026-03-31T13:45+02:00,40.52
2026-03-31T14:00+02:00,51.04
2026-03-31T14:15+02:00,51.17
2026-03-31T14:30+02:00,53.69
2026-03-31T14:45+02:00,58.06
2026-03-31T15:00+02:00,52.56
2026-03-31T15:15+02:00,61.84
2026-03-31T15:30+02:00,62.18
2026-03-31T15:45+02:00,71.8
2026-03-31T16:00+02:00,63.24
2026-03-31T16:15+02:00,78.72
2026-03-31T16:30+02:00,87.2
2026-03-31T16:45+02:00,93.01
2026-03-31T17:00+02:00,93.53
2026-03-31T17:15+02:00,98.77
2026-03-31T17:30+02:00,103.43
2026-03-31T17:45+02:00,110.26
2026-03-31T18:00+02:00,106.4
2026-03-31T18:15+02:00,116.29
2026-03-31T18:30+02:00,150.74
2026-03-31T18:45+02:00,182.68
2026-03-31T19:00+02:00,145.99
2026-03-31T19:15+02:00,165.74
2026-03-31T19:30+02:00,170.08
2026-03-31T19:45+02:00,175.15
2026-03-31T20:00+02:00,177.02
2026-03-31T20:15+02:00,168.92
2026-03-31T20:30+02:00,162.32
2026-03-31T20:45+02:00,143.6
2026-03-31T21:00+02:00,186.8
2026-03-31T21:15+02:00,155.33
2026-03-31T21:30+02:00,140.97
2026-03-31T21:45+02:00,129.17
2026-03-31T22:00+02:00,142.84
2026-03-31T22:15+02:00,133.38
2026-03-31T22:30+02:00,121.56
2026-03-31T22:45+02:00,74.61
2026-03-31T23:00+02:00,122.8
2026-03-31T23:15+02:00,94.99
2026-03-31T23:30+02:00,71.5
2026-03-31T23:45+02:00,55.74
2026-04-01T00:00+02:00,50.16
2026-04-01T00:15+02:00,54.48
2026-04-01T00:30+02:00,53.49
2026-04-01T00:45+02:00,53.05
2026-04-01T01:00+02:00,52.67
2026-04-01T01:15+02:00,51.85
2026-04-01T01:30+02:00,51.07
2026-04-01T01:45+02:00,50.15
2026-04-01T02:00+02:00,51.18
2026-04-01T02:15+02:00,50.51
2026-04-01T02:30+02:00,49.93
2026-04-01T02:45+02:00,49.47
2026-04-01T03:00+02:00,49.52
2026-04-01T03:15+02:00,48.87
2026-04-01T03:30+02:00,47.95
2026-04-01T03:45+02:00,47.11
2026-04-01T04:00+02:00,48.31
2026-04-01T04:15+02:00,48.13
2026-04-01T04:30+02:00,47.84
2026-04-01T04:45+02:00,46.42
2026-04-01T05:00+02:00,45.76
2026-04-01T05:15+02:00,46.94
2026-04-01T05:30+02:00,47.81
2026-04-01T05:45+02:00,49.54
2026-04-01T06:00+02:00,53.51
2026-04-01T06:15+02:00,54.27
2026-04-01T06:30+02:00,54.59
2026-04-01T06:45+02:00,55.47
2026-04-01T07:00+02:00,56.79
2026-04-01T07:15+02:00,57.64
2026-04-01T07:30+02:00,58.61
2026-04-01T07:45+02:00,58.62
2026-04-01T08:00+02:00,59.34
2026-04-01T08:15+02:00,59.46
2026-04-01T08:30+02:00,58.58
2026-04-01T08:45+02:00,58.01
2026-04-01T09:00+02:00,56.26
2026-04-01T09:15+02:00,54.16
2026-04-01T09:30+02:00,52.28
2026-04-01T09:45+02:00,51.09
2026-04-01T10:00+02:00,54.46
2026-04-01T10:15+02:00,52.48
2026-04-01T10:30+02:00,49.96
2026-04-01T10:45+02:00,47.14
2026-04-01T11:00+02:00,51.86
2026-04-01T11:15+02:00,48.55
2026-04-01T11:30+02:00,47.14
2026-04-01T11:45+02:00,45.26
2026-04-01T12:00+02:00,46.81
2026-04-01T12:15+02:00,34.99
2026-04-01T12:30+02:00,22.57
2026-04-01T12:45+02:00,13.67
2026-04-01T13:00+02:00,9.43
2026-04-01T13:15+02:00,10.28
2026-04-01T13:30+02:00,18.07
2026-04-01T13:45+02:00,21.28
2026-04-01T14:00+02:00,16.43
2026-04-01T14:15+02:00,20.21
2026-04-01T14:30+02:00,21.26
2026-04-01T14:45+02:00,26.95
2026-04-01T15:00+02:00,14.77
2026-04-01T15:15+02:00,18.28
2026-04-01T15:30+02:00,10.26
2026-04-01T15:45+02:00,20
2026-04-01T16:00+02:00,11.12
2026-04-01T16:15+02:00,29.39
2026-04-01T16:30+02:00,34.16
2026-04-01T16:45+02:00,44.8
2026-04-01T17:00+02:00,43.3
2026-04-01T17:15+02:00,46.77
2026-04-01T17:30+02:00,50.66
2026-04-01T17:45+02:00,55.05
2026-04-01T18:00+02:00,49.71
2026-04-01T18:15+02:00,63.86
2026-04-01T18:30+02:00,69.32
2026-04-01T18:45+02:00,72.59
2026-04-01T19:00+02:00,68.79
2026-04-01T19:15+02:00,69.09
2026-04-01T19:30+02:00,69.31
2026-04-01T19:45+02:00,69.9
2026-04-01T20:00+02:00,69.48
2026-04-01T20:15+02:00,69.39
2026-04-01T20:30+02:00,64.58
2026-04-01T20:45+02:00,56.56
2026-04-01T21:00+02:00,53.53
2026-04-01T21:15+02:00,53.61
2026-04-01T21:30+02:00,53.69
2026-04-01T21:45+02:00,53.46
2026-04-01T22:00+02:00,52.99
2026-04-01T22:15+02:00,53.35
2026-04-01T22:30+02:00,53.33
2026-04-01T22:45+02:00,53.52
2026-04-01T23:00+02:00,53.09
2026-04-01T23:15+02:00,53.11
2026-04-01T23:30+02:00,53.16
2026-04-01T23:45+02:00,51.83
2026-04-02T00:00+02:00,50.75
2026-04-02T00:15+02:00,51.45
2026-04-02T00:30+02:00,53.31
2026-04-02T00:45+02:00,55.03
2026-04-02T01:00+02:00,51.72
2026-04-02T01:15+02:00,52.73
2026-04-02T01:30+02:00,54.67
2026-04-02T01:45+02:00,55
2026-04-02T02:00+02:00,52.22
2026-04-02T02:15+02:00,53.82
2026-04-02T02:30+02:00,54.36
2026-04-02T02:45+02:00,53.94
2026-04-02T03:00+02:00,52.93
2026-04-02T03:15+02:00,51.75
2026-04-02T03:30+02:00,53.25
2026-04-02T03:45+02:00,54.53
2026-04-02T04:00+02:00,50.72
2026-04-02T04:15+02:00,52.18
2026-04-02T04:30+02:00,56.07
2026-04-02T04:45+02:00,61.89
2026-04-02T05:00+02:00,51.55
2026-04-02T05:15+02:00,59.85
2026-04-02T05:30+02:00,65.15
2026-04-02T05:45+02:00,71.2
2026-04-02T06:00+02:00,67.43
2026-04-02T06:15+02:00,74.82
2026-04-02T06:30+02:00,80.16
2026-04-02T06:45+02:00,80
2026-04-02T07:00+02:00,80.22
2026-04-02T07:15+02:00,82.72
2026-04-02T07:30+02:00,85.64
2026-04-02T07:45+02:00,98.01
2026-04-02T08:00+02:00,78.95
2026-04-02T08:15+02:00,76.99
2026-04-02T08:30+02:00,74.25
2026-04-02T08:45+02:00,71.53
2026-04-02T09:00+02:00,77.27
2026-04-02T09:15+02:00,71.92
2026-04-02T09:30+02:00,69.7
2026-04-02T09:45+02:00,66.49
2026-04-02T10:00+02:00,85
2026-04-02T10:15+02:00,72.07
2026-04-02T10:30+02:00,63.88
2026-04-02T10:45+02:00,50.6
2026-04-02T11:00+02:00,65.68
2026-04-02T11:15+02:00,58.21
2026-04-02T11:30+02:00,52.03
2026-04-02T11:45+02:00,42.68
2026-04-02T12:00+02:00,57.24
2026-04-02T12:15+02:00,50.05
2026-04-02T12:30+02:00,43.05
2026-04-02T12:45+02:00,37.87
2026-04-02T13:00+02:00,43.13
2026-04-02T13:15+02:00,38.09
2026-04-02T13:30+02:00,37.23
2026-04-02T13:45+02:00,32.39
2026-04-02T14:00+02:00,34.39
2026-04-02T14:15+02:00,40.1
2026-04-02T14:30+02:00,44.58
2026-04-02T14:45+02:00,52.83
2026-04-02T15:00+02:00,37.85
2026-04-02T15:15+02:00,49.1
2026-04-02T15:30+02:00,48.92
2026-04-02T15:45+02:00,60.88
2026-04-02T16:00+02:00,59.12
2026-04-02T16:15+02:00,71.35
2026-04-02T16:30+02:00,88.93
2026-04-02T16:45+02:00,95.29
2026-04-02T17:00+02:00,69.1
2026-04-02T17:15+02:00,84.09
2026-04-02T17:30+02:00,109.63
2026-04-02T17:45+02:00,117.64
2026-04-02T18:00+02:00,96.42
2026-04-02T18:15+02:00,111.61
2026-04-02T18:30+02:00,123.07
2026-04-02T18:45+02:00,123.43
2026-04-02T19:00+02:00,121.56
2026-04-02T19:15+02:00,116.56
2026-04-02T19:30+02:00,122.44
2026-04-02T19:45+02:00,118.33
2026-04-02T20:00+02:00,123.52
2026-04-02T20:15+02:00,118.48
2026-04-02T20:30+02:00,117.08
2026-04-02T20:45+02:00,100.3
2026-04-02T21:00+02:00,117.02
2026-04-02T21:15+02:00,112.41
2026-04-02T21:30+02:00,111.6
2026-04-02T21:45+02:00,86.3
2026-04-02T22:00+02:00,121.63
2026-04-02T22:15+02:00,104.61
2026-04-02T22:30+02:00,78.21
2026-04-02T22:45+02:00,63.18
2026-04-02T23:00+02:00,88.28
2026-04-02T23:15+02:00,70.89
2026-04-02T23:30+02:00,54.99
2026-04-02T23:45+02:00,49.77
2026-04-03T00:00+02:00,54.19
2026-04-03T00:15+02:00,54.71
2026-04-03T00:30+02:00,55.17
2026-04-03T00:45+02:00,55
2026-04-03T01:00+02:00,53.95
2026-04-03T01:15+02:00,54.02
2026-04-03T01:30+02:00,54.54
2026-04-03T01:45+02:00,55.15
2026-04-03T02:00+02:00,52.63
2026-04-03T02:15+02:00,53.05
2026-04-03T02:30+02:00,53.61
2026-04-03T02:45+02:00,54.66
2026-04-03T03:00+02:00,50.98
2026-04-03T03:15+02:00,52.64
2026-04-03T03:30+02:00,53.33
2026-04-03T03:45+02:00,54.43
2026-04-03T04:00+02:00,50.48
2026-04-03T04:15+02:00,51.81
2026-04-03T04:30+02:00,53.98
2026-04-03T04:45+02:00,55.34
2026-04-03T05:00+02:00,49.34
2026-04-03T05:15+02:00,51.2
2026-04-03T05:30+02:00,55.98
2026-04-03T05:45+02:00,61.16
2026-04-03T06:00+02:00,53.07
2026-04-03T06:15+02:00,58.07
2026-04-03T06:30+02:00,60.07
2026-04-03T06:45+02:00,69.38
2026-04-03T07:00+02:00,61.34
2026-04-03T07:15+02:00,63.92
2026-04-03T07:30+02:00,67.67
2026-04-03T07:45+02:00,70.97
2026-04-03T08:00+02:00,64.22
2026-04-03T08:15+02:00,67.16
2026-04-03T08:30+02:00,73.49
2026-04-03T08:45+02:00,73.75
2026-04-03T09:00+02:00,71.98
2026-04-03T09:15+02:00,72.98
2026-04-03T09:30+02:00,71.8
2026-04-03T09:45+02:00,65.32
2026-04-03T10:00+02:00,75.62
2026-04-03T10:15+02:00,75.25
2026-04-03T10:30+02:00,56.92
2026-04-03T10:45+02:00,49.83
2026-04-03T11:00+02:00,55.99
2026-04-03T11:15+02:00,52.52
2026-04-03T11:30+02:00,43.56
2026-04-03T11:45+02:00,28.24
2026-04-03T12:00+02:00,46.56
2026-04-03T12:15+02:00,29.19
2026-04-03T12:30+02:00,20.1
2026-04-03T12:45+02:00,11.49
2026-04-03T13:00+02:00,23.55
2026-04-03T13:15+02:00,20.28
2026-04-03T13:30+02:00,20.04
2026-04-03T13:45+02:00,18.65
2026-04-03T14:00+02:00,23.49
2026-04-03T14:15+02:00,22.67
2026-04-03T14:30+02:00,23.87
2026-04-03T14:45+02:00,25.08
2026-04-03T15:00+02:00,19.47
2026-04-03T15:15+02:00,22.97
2026-04-03T15:30+02:00,26.36
2026-04-03T15:45+02:00,27.58
2026-04-03T16:00+02:00,16.5
2026-04-03T16:15+02:00,25.48
2026-04-03T16:30+02:00,31.69
2026-04-03T16:45+02:00,49.51
2026-04-03T17:00+02:00,38.23
2026-04-03T17:15+02:00,59.25
2026-04-03T17:30+02:00,72.58
2026-04-03T17:45+02:00,86.72
2026-04-03T18:00+02:00,75.27
2026-04-03T18:15+02:00,82.73
2026-04-03T18:30+02:00,87.2
2026-04-03T18:45+02:00,91.87
2026-04-03T19:00+02:00,91.14
2026-04-03T19:15+02:00,91.91
2026-04-03T19:30+02:00,84.68
2026-04-03T19:45+02:00,82
2026-04-03T20:00+02:00,91.46
2026-04-03T20:15+02:00,70.55
2026-04-03T20:30+02:00,62.76
2026-04-03T20:45+02:00,55
2026-04-03T21:00+02:00,75.45
2026-04-03T21:15+02:00,61.84
2026-04-03T21:30+02:00,50.54
2026-04-03T21:45+02:00,48.52
2026-04-03T22:00+02:00,59.31
2026-04-03T22:15+02:00,53.44
2026-04-03T22:30+02:00,48.61
2026-04-03T22:45+02:00,42.85
2026-04-03T23:00+02:00,53.34
2026-04-03T23:15+02:00,45.82
2026-04-03T23:30+02:00,37.36
2026-04-03T23:45+02:00,28.59
2026-04-04T00:00+02:00,49.68
2026-04-04T00:15+02:00,34.54
2026-04-04T00:30+02:00,12.57
2026-04-04T00:45+02:00,8.17
2026-04-04T01:00+02:00,20.56
2026-04-04T01:15+02:00,16.51
2026-04-04T01:30+02:00,14.54
2026-04-04T01:45+02:00,11.78
2026-04-04T02:00+02:00,16.38
2026-04-04T02:15+02:00,16.96
2026-04-04T02:30+02:00,16.79
2026-04-04T02:45+02:00,15.46
2026-04-04T03:00+02:00,13.7
2026-04-04T03:15+02:00,12.45
2026-04-04T03:30+02:00,10.88
2026-04-04T03:45+02:00,9.43
2026-04-04T04:00+02:00,11.08
2026-04-04T04:15+02:00,10
2026-04-04T04:30+02:00,10.01
2026-04-04T04:45+02:00,9.22
2026-04-04T05:00+02:00,13.4
2026-04-04T05:15+02:00,9.8
2026-04-04T05:30+02:00,10.7
2026-04-04T05:45+02:00,14.58
2026-04-04T06:00+02:00,8.4
2026-04-04T06:15+02:00,10.39
2026-04-04T06:30+02:00,15.01
2026-04-04T06:45+02:00,21.26
2026-04-04T07:00+02:00,19.06
2026-04-04T07:15+02:00,18.27
2026-04-04T07:30+02:00,23.06
2026-04-04T07:45+02:00,15.33
2026-04-04T08:00+02:00,21.88
2026-04-04T08:15+02:00,19.97
2026-04-04T08:30+02:00,16.04
2026-04-04T08:45+02:00,10.01
2026-04-04T09:00+02:00,13.56
2026-04-04T09:15+02:00,9.41
2026-04-04T09:30+02:00,6.67
2026-04-04T09:45+02:00,6.87
2026-04-04T10:00+02:00,8.21
2026-04-04T10:15+02:00,6.75
2026-04-04T10:30+02:00,5.42
2026-04-04T10:45+02:00,4.81
2026-04-04T11:00+02:00,4.93
2026-04-04T11:15+02:00,4.75
2026-04-04T11:30+02:00,4.19
2026-04-04T11:45+02:00,3.97
2026-04-04T12:00+02:00,4.54
2026-04-04T12:15+02:00,4.58
2026-04-04T12:30+02:00,4.51
2026-04-04T12:45+02:00,4.37
2026-04-04T13:00+02:00,4.57
2026-04-04T13:15+02:00,4.3
2026-04-04T13:30+02:00,4.23
2026-04-04T13:45+02:00,4.17
2026-04-04T14:00+02:00,4
2026-04-04T14:15+02:00,4
2026-04-04T14:30+02:00,4
2026-04-04T14:45+02:00,4.01
2026-04-04T15:00+02:00,3.71
2026-04-04T15:15+02:00,3.87
2026-04-04T15:30+02:00,4.43
2026-04-04T15:45+02:00,5.21
2026-04-04T16:00+02:00,2.29
2026-04-04T16:15+02:00,5.32
2026-04-04T16:30+02:00,9.8
2026-04-04T16:45+02:00,33.72
2026-04-04T17:00+02:00,13.08
2026-04-04T17:15+02:00,24.32
2026-04-04T17:30+02:00,29.41
2026-04-04T17:45+02:00,41.82
2026-04-04T18:00+02:00,17.59
2026-04-04T18:15+02:00,25.82
2026-04-04T18:30+02:00,29.16
2026-04-04T18:45+02:00,32.89
2026-04-04T19:00+02:00,25.46
2026-04-04T19:15+02:00,26.74
2026-04-04T19:30+02:00,27.21
2026-04-04T19:45+02:00,26.34
2026-04-04T20:00+02:00,27.56
2026-04-04T20:15+02:00,26.88
2026-04-04T20:30+02:00,25.46
2026-04-04T20:45+02:00,25.24
2026-04-04T21:00+02:00,27.1
2026-04-04T21:15+02:00,25.99
2026-04-04T21:30+02:00,25.8
2026-04-04T21:45+02:00,26.54
2026-04-04T22:00+02:00,29.99
2026-04-04T22:15+02:00,29.09
2026-04-04T22:30+02:00,36.12
2026-04-04T22:45+02:00,30.08
2026-04-04T23:00+02:00,34.99
2026-04-04T23:15+02:00,33.54
2026-04-04T23:30+02:00,29.71
2026-04-04T23:45+02:00,20.84
2026-04-05T00:00+02:00,9.48
2026-04-05T00:15+02:00,5.59
2026-04-05T00:30+02:00,3.79
2026-04-05T00:45+02:00,3.54
2026-04-05T01:00+02:00,5.04
2026-04-05T01:15+02:00,4.94
2026-04-05T01:30+02:00,4.79
2026-04-05T01:45+02:00,4.69
2026-04-05T02:00+02:00,5.5
2026-04-05T02:15+02:00,5.53
2026-04-05T02:30+02:00,5.38
2026-04-05T02:45+02:00,5.45
2026-04-05T03:00+02:00,5.39
2026-04-05T03:15+02:00,5.86
2026-04-05T03:30+02:00,5.86
2026-04-05T03:45+02:00,6.03
2026-04-05T04:00+02:00,5.81
2026-04-05T04:15+02:00,5.89
2026-04-05T04:30+02:00,5.87
2026-04-05T04:45+02:00,5.88
2026-04-05T05:00+02:00,5.92
2026-04-05T05:15+02:00,5.93
2026-04-05T05:30+02:00,5.76
2026-04-05T05:45+02:00,5.69
2026-04-05T06:00+02:00,5.9
2026-04-05T06:15+02:00,5.62
2026-04-05T06:30+02:00,4.45
2026-04-05T06:45+02:00,4.17
2026-04-05T07:00+02:00,4.02
2026-04-05T07:15+02:00,4.01
2026-04-05T07:30+02:00,3.82
2026-04-05T07:45+02:00,3.53
2026-04-05T08:00+02:00,4.34
2026-04-05T08:15+02:00,3.76
2026-04-05T08:30+02:00,3.6
2026-04-05T08:45+02:00,3
2026-04-05T09:00+02:00,3.91
2026-04-05T09:15+02:00,2.77
2026-04-05T09:30+02:00,1.84
2026-04-05T09:45+02:00,1.58
2026-04-05T10:00+02:00,2.5
2026-04-05T10:15+02:00,1.62
2026-04-05T10:30+02:00,0.67
2026-04-05T10:45+02:00,0
2026-04-05T11:00+02:00,0.15
2026-04-05T11:15+02:00,0
2026-04-05T11:30+02:00,-0.76
2026-04-05T11:45+02:00,-2
2026-04-05T12:00+02:00,-1
2026-04-05T12:15+02:00,-1.16
2026-04-05T12:30+02:00,-1.92
2026-04-05T12:45+02:00,-2
2026-04-05T13:00+02:00,-2.63
2026-04-05T13:15+02:00,-2.96
2026-04-05T13:30+02:00,-2.89
2026-04-05T13:45+02:00,-3
2026-04-05T14:00+02:00,-3.38
2026-04-05T14:15+02:00,-3.37
2026-04-05T14:30+02:00,-3.34
2026-04-05T14:45+02:00,-3.33
2026-04-05T15:00+02:00,-3.45
2026-04-05T15:15+02:00,-3.32
2026-04-05T15:30+02:00,-3.07
2026-04-05T15:45+02:00,-3.12
2026-04-05T16:00+02:00,-3.33
2026-04-05T16:15+02:00,-3.27
2026-04-05T16:30+02:00,-2.89
2026-04-05T16:45+02:00,-2.63
2026-04-05T17:00+02:00,-2.02
2026-04-05T17:15+02:00,-0.53
2026-04-05T17:30+02:00,-0.04
2026-04-05T17:45+02:00,1.4
2026-04-05T18:00+02:00,0.07
2026-04-05T18:15+02:00,1.58
2026-04-05T18:30+02:00,2.63
2026-04-05T18:45+02:00,4.35
2026-04-05T19:00+02:00,4.69
2026-04-05T19:15+02:00,5.62
2026-04-05T19:30+02:00,6.75
2026-04-05T19:45+02:00,6.88
2026-04-05T20:00+02:00,6.75
2026-04-05T20:15+02:00,6.61
2026-04-05T20:30+02:00,4.5
2026-04-05T20:45+02:00,4.32
2026-04-05T21:00+02:00,5.87
2026-04-05T21:15+02:00,5.7
2026-04-05T21:30+02:00,4.95
2026-04-05T21:45+02:00,4.34
2026-04-05T22:00+02:00,5.34
2026-04-05T22:15+02:00,4.4
2026-04-05T22:30+02:00,3.91
2026-04-05T22:45+02:00,2.74
2026-04-05T23:00+02:00,6.75
2026-04-05T23:15+02:00,5.01
2026-04-05T23:30+02:00,4.95
2026-04-05T23:45+02:00,4.37
2026-04-06T00:00+02:00,4.15
2026-04-06T00:15+02:00,3.93
2026-04-06T00:30+02:00,2.68
2026-04-06T00:45+02:00,2.65
2026-04-06T01:00+02:00,3.22
2026-04-06T01:15+02:00,2.58
2026-04-06T01:30+02:00,1.89
2026-04-06T01:45+02:00,1.24
2026-04-06T02:00+02:00,1.84
2026-04-06T02:15+02:00,1.52
2026-04-06T02:30+02:00,1.33
2026-04-06T02:45+02:00,1.07
2026-04-06T03:00+02:00,1.66
2026-04-06T03:15+02:00,1.63
2026-04-06T03:30+02:00,1.62
2026-04-06T03:45+02:00,1.65
2026-04-06T04:00+02:00,1.17
2026-04-06T04:15+02:00,1.42
2026-04-06T04:30+02:00,1.93
2026-04-06T04:45+02:00,1.54
2026-04-06T05:00+02:00,2.6
2026-04-06T05:15+02:00,2.64
2026-04-06T05:30+02:00,2.41
2026-04-06T05:45+02:00,1.93
2026-04-06T06:00+02:00,2.61
2026-04-06T06:15+02:00,2.39
2026-04-06T06:30+02:00,2.42
2026-04-06T06:45+02:00,1.92
2026-04-06T07:00+02:00,2.79
2026-04-06T07:15+02:00,2.3
2026-04-06T07:30+02:00,2.27
2026-04-06T07:45+02:00,1.32
2026-04-06T08:00+02:00,1.47
2026-04-06T08:15+02:00,1.58
2026-04-06T08:30+02:00,0.95
2026-04-06T08:45+02:00,0.5
2026-04-06T09:00+02:00,1.4
2026-04-06T09:15+02:00,1.55
2026-04-06T09:30+02:00,0.64
2026-04-06T09:45+02:00,0.58
2026-04-06T10:00+02:00,1.59
2026-04-06T10:15+02:00,0.77
2026-04-06T10:30+02:00,0.55
2026-04-06T10:45+02:00,0
2026-04-06T11:00+02:00,0
2026-04-06T11:15+02:00,-0.09
2026-04-06T11:30+02:00,-0.34
2026-04-06T11:45+02:00,-0.32
2026-04-06T12:00+02:00,-0.51
2026-04-06T12:15+02:00,-0.81
2026-04-06T12:30+02:00,-1.01
2026-04-06T12:45+02:00,-1.2
2026-04-06T13:00+02:00,-1.21
2026-04-06T13:15+02:00,-1.2
2026-04-06T13:30+02:00,-1.21
2026-04-06T13:45+02:00,-1.3
2026-04-06T14:00+02:00,-1.12
2026-04-06T14:15+02:00,-1.23
2026-04-06T14:30+02:00,-1.24
2026-04-06T14:45+02:00,-1.23
2026-04-06T15:00+02:00,-1.19
2026-04-06T15:15+02:00,-0.94
2026-04-06T15:30+02:00,-0.46
2026-04-06T15:45+02:00,-0.5
2026-04-06T16:00+02:00,-0.44
2026-04-06T16:15+02:00,-0.03
2026-04-06T16:30+02:00,0.66
2026-04-06T16:45+02:00,1.08
2026-04-06T17:00+02:00,0.88
2026-04-06T17:15+02:00,0.9
2026-04-06T17:30+02:00,0.93
2026-04-06T17:45+02:00,2.39
2026-04-06T18:00+02:00,2.83
2026-04-06T18:15+02:00,5.36
2026-04-06T18:30+02:00,15.94
2026-04-06T18:45+02:00,16.97
2026-04-06T19:00+02:00,11.38
2026-04-06T19:15+02:00,11.46
2026-04-06T19:30+02:00,11.4
2026-04-06T19:45+02:00,11.41
2026-04-06T20:00+02:00,11.45
2026-04-06T20:15+02:00,11.44
2026-04-06T20:30+02:00,10.24
2026-04-06T20:45+02:00,9.44
2026-04-06T21:00+02:00,11.42
2026-04-06T21:15+02:00,11.4
2026-04-06T21:30+02:00,10
2026-04-06T21:45+02:00,8.32
2026-04-06T22:00+02:00,8.62
2026-04-06T22:15+02:00,6.95
2026-04-06T22:30+02:00,6.11
2026-04-06T22:45+02:00,5.23
2026-04-06T23:00+02:00,6.45
2026-04-06T23:15+02:00,5.74
2026-04-06T23:30+02:00,5.06
2026-04-06T23:45+02:00,5.04
2026-04-07T00:00+02:00,6.95
2026-04-07T00:15+02:00,7.57
2026-04-07T00:30+02:00,6.95
2026-04-07T00:45+02:00,6.95
2026-04-07T01:00+02:00,8.51
2026-04-07T01:15+02:00,8.12
2026-04-07T01:30+02:00,7.99
2026-04-07T01:45+02:00,7.34
2026-04-07T02:00+02:00,7.82
2026-04-07T02:15+02:00,7.22
2026-04-07T02:30+02:00,7.3
2026-04-07T02:45+02:00,7.3
2026-04-07T03:00+02:00,8.44
2026-04-07T03:15+02:00,8.45
2026-04-07T03:30+02:00,9.55
2026-04-07T03:45+02:00,9.65
2026-04-07T04:00+02:00,8.35
2026-04-07T04:15+02:00,9.51
2026-04-07T04:30+02:00,10.01
2026-04-07T04:45+02:00,11.86
2026-04-07T05:00+02:00,10
2026-04-07T05:15+02:00,11.68
2026-04-07T05:30+02:00,23.33
2026-04-07T05:45+02:00,42.7
2026-04-07T06:00+02:00,44.16
2026-04-07T06:15+02:00,48.4
2026-04-07T06:30+02:00,52.38
2026-04-07T06:45+02:00,62.19
2026-04-07T07:00+02:00,49.6
2026-04-07T07:15+02:00,48.65
2026-04-07T07:30+02:00,54.75
2026-04-07T07:45+02:00,59.09
2026-04-07T08:00+02:00,52.42
2026-04-07T08:15+02:00,48.26
2026-04-07T08:30+02:00,46.03
2026-04-07T08:45+02:00,44.28
2026-04-07T09:00+02:00,44.21
2026-04-07T09:15+02:00,40.01
2026-04-07T09:30+02:00,33.49
2026-04-07T09:45+02:00,29.86
2026-04-07T10:00+02:00,41.64
2026-04-07T10:15+02:00,30.08
2026-04-07T10:30+02:00,20.92
2026-04-07T10:45+02:00,20.13
2026-04-07T11:00+02:00,20.86
2026-04-07T11:15+02:00,20.65
2026-04-07T11:30+02:00,22.57
2026-04-07T11:45+02:00,22.83
2026-04-07T12:00+02:00,19.9
2026-04-07T12:15+02:00,21.45
2026-04-07T12:30+02:00,21.68
2026-04-07T12:45+02:00,21.55
2026-04-07T13:00+02:00,18.83
2026-04-07T13:15+02:00,17.66
2026-04-07T13:30+02:00,18.34
2026-04-07T13:45+02:00,17.87
2026-04-07T14:00+02:00,10.81
2026-04-07T14:15+02:00,8.25
2026-04-07T14:30+02:00,8.55
2026-04-07T14:45+02:00,9.36
2026-04-07T15:00+02:00,8.16
2026-04-07T15:15+02:00,9.62
2026-04-07T15:30+02:00,9.7
2026-04-07T15:45+02:00,10.11
2026-04-07T16:00+02:00,4.34
2026-04-07T16:15+02:00,4.89
2026-04-07T16:30+02:00,6.95
2026-04-07T16:45+02:00,26.78
2026-04-07T17:00+02:00,19.04
2026-04-07T17:15+02:00,32.49
2026-04-07T17:30+02:00,50
2026-04-07T17:45+02:00,62.69
2026-04-07T18:00+02:00,49.23
2026-04-07T18:15+02:00,54.99
2026-04-07T18:30+02:00,58.68
2026-04-07T18:45+02:00,64.3
2026-04-07T19:00+02:00,59.33
2026-04-07T19:15+02:00,61.12
2026-04-07T19:30+02:00,64.89
2026-04-07T19:45+02:00,68.01
2026-04-07T20:00+02:00,96.27
2026-04-07T20:15+02:00,89.98
2026-04-07T20:30+02:00,71.75
2026-04-07T20:45+02:00,58.51
2026-04-07T21:00+02:00,76.38
2026-04-07T21:15+02:00,65.11
2026-04-07T21:30+02:00,59.45
2026-04-07T21:45+02:00,52.57
2026-04-07T22:00+02:00,63.25
2026-04-07T22:15+02:00,59.04
2026-04-07T22:30+02:00,55.32
2026-04-07T22:45+02:00,49.04
2026-04-07T23:00+02:00,54.28
2026-04-07T23:15+02:00,50.84
2026-04-07T23:30+02:00,49.43
2026-04-07T23:45+02:00,47.89
2026-04-08T00:00+02:00,63.16
2026-04-08T00:15+02:00,55.19
2026-04-08T00:30+02:00,51.52
2026-04-08T00:45+02:00,49.17
2026-04-08T01:00+02:00,54.19
2026-04-08T01:15+02:00,53.42
2026-04-08T01:30+02:00,52.4
2026-04-08T01:45+02:00,50.91
2026-04-08T02:00+02:00,52.31
2026-04-08T02:15+02:00,49.85
2026-04-08T02:30+02:00,53.18
2026-04-08T02:45+02:00,56.08
2026-04-08T03:00+02:00,48.82
2026-04-08T03:15+02:00,51.97
2026-04-08T03:30+02:00,55.46
2026-04-08T03:45+02:00,57.51
2026-04-08T04:00+02:00,46.5
2026-04-08T04:15+02:00,49.65
2026-04-08T04:30+02:00,58.48
2026-04-08T04:45+02:00,64.07
2026-04-08T05:00+02:00,51.24
2026-04-08T05:15+02:00,62.2
2026-04-08T05:30+02:00,77.09
2026-04-08T05:45+02:00,94.83
2026-04-08T06:00+02:00,89.8
2026-04-08T06:15+02:00,105.43
2026-04-08T06:30+02:00,146.11
2026-04-08T06:45+02:00,157.87
2026-04-08T07:00+02:00,166.65
2026-04-08T07:15+02:00,165.36
2026-04-08T07:30+02:00,154.19
2026-04-08T07:45+02:00,126.28
2026-04-08T08:00+02:00,167.49
2026-04-08T08:15+02:00,134.35
2026-04-08T08:30+02:00,118.66
2026-04-08T08:45+02:00,89.44
2026-04-08T09:00+02:00,113.87
2026-04-08T09:15+02:00,95.35
2026-04-08T09:30+02:00,67.85
2026-04-08T09:45+02:00,52.66
2026-04-08T10:00+02:00,95.88
2026-04-08T10:15+02:00,63.56
2026-04-08T10:30+02:00,37.41
2026-04-08T10:45+02:00,30.57
2026-04-08T11:00+02:00,41.87
2026-04-08T11:15+02:00,33.52
2026-04-08T11:30+02:00,24.67
2026-04-08T11:45+02:00,20.24
2026-04-08T12:00+02:00,40.23
2026-04-08T12:15+02:00,30.7
2026-04-08T12:30+02:00,27.35
2026-04-08T12:45+02:00,23.83
2026-04-08T13:00+02:00,34.59
2026-04-08T13:15+02:00,30.04
2026-04-08T13:30+02:00,26.74
2026-04-08T13:45+02:00,25.26
2026-04-08T14:00+02:00,30.4
2026-04-08T14:15+02:00,30.15
2026-04-08T14:30+02:00,28.8
2026-04-08T14:45+02:00,28.02
2026-04-08T15:00+02:00,22.58
2026-04-08T15:15+02:00,25.02
2026-04-08T15:30+02:00,29.14
2026-04-08T15:45+02:00,31.77
2026-04-08T16:00+02:00,21.73
2026-04-08T16:15+02:00,25.12
2026-04-08T16:30+02:00,27.51
2026-04-08T16:45+02:00,52.64
2026-04-08T17:00+02:00,27.6
2026-04-08T17:15+02:00,59.36
2026-04-08T17:30+02:00,95.4
2026-04-08T17:45+02:00,113.84
2026-04-08T18:00+02:00,87.02
2026-04-08T18:15+02:00,113.08
2026-04-08T18:30+02:00,123.58
2026-04-08T18:45+02:00,132.86
2026-04-08T19:00+02:00,116.32
2026-04-08T19:15+02:00,118.29
2026-04-08T19:30+02:00,107.84
2026-04-08T19:45+02:00,105.22
2026-04-08T20:00+02:00,130
2026-04-08T20:15+02:00,107.31
2026-04-08T20:30+02:00,99.99
2026-04-08T20:45+02:00,85
2026-04-08T21:00+02:00,111.82
2026-04-08T21:15+02:00,79.16
2026-04-08T21:30+02:00,70.42
2026-04-08T21:45+02:00,60.52
2026-04-08T22:00+02:00,75.36
2026-04-08T22:15+02:00,67.95
2026-04-08T22:30+02:00,63.63
2026-04-08T22:45+02:00,59.35
2026-04-08T23:00+02:00,68
2026-04-08T23:15+02:00,60.15
2026-04-08T23:30+02:00,56.93
2026-04-08T23:45+02:00,53.24
2026-04-09T00:00+02:00,59.12
2026-04-09T00:15+02:00,56.04
2026-04-09T00:30+02:00,51.91
2026-04-09T00:45+02:00,46.44
2026-04-09T01:00+02:00,53.31
2026-04-09T01:15+02:00,51.23
2026-04-09T01:30+02:00,48.82
2026-04-09T01:45+02:00,47.6
2026-04-09T02:00+02:00,51.12
2026-04-09T02:15+02:00,50.47
2026-04-09T02:30+02:00,51.49
2026-04-09T02:45+02:00,51.1
2026-04-09T03:00+02:00,49.55
2026-04-09T03:15+02:00,54.89
2026-04-09T03:30+02:00,60
2026-04-09T03:45+02:00,67.74
2026-04-09T04:00+02:00,64.41
2026-04-09T04:15+02:00,64.02
2026-04-09T04:30+02:00,76.99
2026-04-09T04:45+02:00,84.27
2026-04-09T05:00+02:00,85.84
2026-04-09T05:15+02:00,91.98
2026-04-09T05:30+02:00,103.87
2026-04-09T05:45+02:00,111.89
2026-04-09T06:00+02:00,102.45
2026-04-09T06:15+02:00,112.99
2026-04-09T06:30+02:00,124.37
2026-04-09T06:45+02:00,130.06
2026-04-09T07:00+02:00,137.06
2026-04-09T07:15+02:00,136.65
2026-04-09T07:30+02:00,129.41
2026-04-09T07:45+02:00,114.19
2026-04-09T08:00+02:00,133.61
2026-04-09T08:15+02:00,117.74
2026-04-09T08:30+02:00,104.79
2026-04-09T08:45+02:00,88.14
2026-04-09T09:00+02:00,114.04
2026-04-09T09:15+02:00,95
2026-04-09T09:30+02:00,78.77
2026-04-09T09:45+02:00,59.51
2026-04-09T10:00+02:00,81.52
2026-04-09T10:15+02:00,53.37
2026-04-09T10:30+02:00,29.44
2026-04-09T10:45+02:00,20.83
2026-04-09T11:00+02:00,24.17
2026-04-09T11:15+02:00,17.44
2026-04-09T11:30+02:00,12.38
2026-04-09T11:45+02:00,11.38
2026-04-09T12:00+02:00,20.31
2026-04-09T12:15+02:00,15.34
2026-04-09T12:30+02:00,11.45
2026-04-09T12:45+02:00,10.4
2026-04-09T13:00+02:00,12.91
2026-04-09T13:15+02:00,11.69
2026-04-09T13:30+02:00,9.77
2026-04-09T13:45+02:00,7.67
2026-04-09T14:00+02:00,11.49
2026-04-09T14:15+02:00,11.29
2026-04-09T14:30+02:00,11.13
2026-04-09T14:45+02:00,11.09
2026-04-09T15:00+02:00,11.02
2026-04-09T15:15+02:00,11.67
2026-04-09T15:30+02:00,11.76
2026-04-09T15:45+02:00,15.47
2026-04-09T16:00+02:00,4.12
2026-04-09T16:15+02:00,6.95
2026-04-09T16:30+02:00,24.88
2026-04-09T16:45+02:00,56.15
2026-04-09T17:00+02:00,25.24
2026-04-09T17:15+02:00,59.99
2026-04-09T17:30+02:00,84.99
2026-04-09T17:45+02:00,96.2
2026-04-09T18:00+02:00,74.85
2026-04-09T18:15+02:00,94.48
2026-04-09T18:30+02:00,102.57
2026-04-09T18:45+02:00,107.89
2026-04-09T19:00+02:00,106.01
2026-04-09T19:15+02:00,104.41
2026-04-09T19:30+02:00,103.89
2026-04-09T19:45+02:00,105.23
2026-04-09T20:00+02:00,107.92
2026-04-09T20:15+02:00,101.66
2026-04-09T20:30+02:00,89.46
2026-04-09T20:45+02:00,69.84
2026-04-09T21:00+02:00,97.78
2026-04-09T21:15+02:00,79.41
2026-04-09T21:30+02:00,69.53
2026-04-09T21:45+02:00,40.89
2026-04-09T22:00+02:00,72.68
2026-04-09T22:15+02:00,52.95
2026-04-09T22:30+02:00,34.85
2026-04-09T22:45+02:00,27.66
2026-04-09T23:00+02:00,34.12
2026-04-09T23:15+02:00,28.51
2026-04-09T23:30+02:00,25.69
2026-04-09T23:45+02:00,23.55
2026-04-10T00:00+02:00,35.01
2026-04-10T00:15+02:00,37.42
2026-04-10T00:30+02:00,36.11
2026-04-10T00:45+02:00,33.69
2026-04-10T01:00+02:00,34.88
2026-04-10T01:15+02:00,32.59
2026-04-10T01:30+02:00,30.76
2026-04-10T01:45+02:00,30.51
2026-04-10T02:00+02:00,30.7
2026-04-10T02:15+02:00,30.04
2026-04-10T02:30+02:00,27.99
2026-04-10T02:45+02:00,30.29
2026-04-10T03:00+02:00,25.19
2026-04-10T03:15+02:00,26.04
2026-04-10T03:30+02:00,30.16
2026-04-10T03:45+02:00,33.03
2026-04-10T04:00+02:00,26.68
2026-04-10T04:15+02:00,30.68
2026-04-10T04:30+02:00,40.88
2026-04-10T04:45+02:00,56.31
2026-04-10T05:00+02:00,31.29
2026-04-10T05:15+02:00,43.49
2026-04-10T05:30+02:00,64.78
2026-04-10T05:45+02:00,75.88
2026-04-10T06:00+02:00,67.32
2026-04-10T06:15+02:00,90.47
2026-04-10T06:30+02:00,95.86
2026-04-10T06:45+02:00,106.32
2026-04-10T07:00+02:00,106.4
2026-04-10T07:15+02:00,110.46
2026-04-10T07:30+02:00,109.94
2026-04-10T07:45+02:00,107.58
2026-04-10T08:00+02:00,112.51
2026-04-10T08:15+02:00,109.85
2026-04-10T08:30+02:00,106.4
2026-04-10T08:45+02:00,92.6
2026-04-10T09:00+02:00,99.99
2026-04-10T09:15+02:00,59.94
2026-04-10T09:30+02:00,56.9
2026-04-10T09:45+02:00,49.13
2026-04-10T10:00+02:00,60.55
2026-04-10T10:15+02:00,54.69
2026-04-10T10:30+02:00,47.03
2026-04-10T10:45+02:00,45.23
2026-04-10T11:00+02:00,50.27
2026-04-10T11:15+02:00,46.01
2026-04-10T11:30+02:00,45.05
2026-04-10T11:45+02:00,43.07
2026-04-10T12:00+02:00,46.48
2026-04-10T12:15+02:00,42.65
2026-04-10T12:30+02:00,42.56
2026-04-10T12:45+02:00,41.44
2026-04-10T13:00+02:00,42.56
2026-04-10T13:15+02:00,38.32
2026-04-10T13:30+02:00,32.5
2026-04-10T13:45+02:00,38.85
2026-04-10T14:00+02:00,42.56
2026-04-10T14:15+02:00,39.83
2026-04-10T14:30+02:00,41.8
2026-04-10T14:45+02:00,43.52
2026-04-10T15:00+02:00,40.88
2026-04-10T15:15+02:00,42.36
2026-04-10T15:30+02:00,43.23
2026-04-10T15:45+02:00,47.57
2026-04-10T16:00+02:00,43.28
2026-04-10T16:15+02:00,50.82
2026-04-10T16:30+02:00,62.65
2026-04-10T16:45+02:00,70.39
2026-04-10T17:00+02:00,56.29
2026-04-10T17:15+02:00,75.77
2026-04-10T17:30+02:00,91.93
2026-04-10T17:45+02:00,106.85
2026-04-10T18:00+02:00,83.28
2026-04-10T18:15+02:00,93.96
2026-04-10T18:30+02:00,99.97
2026-04-10T18:45+02:00,128.7
2026-04-10T19:00+02:00,119.63
2026-04-10T19:15+02:00,144
2026-04-10T19:30+02:00,152.47
2026-04-10T19:45+02:00,125.86
2026-04-10T20:00+02:00,180
2026-04-10T20:15+02:00,153.21
2026-04-10T20:30+02:00,114.13
2026-04-10T20:45+02:00,95
2026-04-10T21:00+02:00,134.82
2026-04-10T21:15+02:00,106.59
2026-04-10T21:30+02:00,95
2026-04-10T21:45+02:00,91.14
2026-04-10T22:00+02:00,89.67
2026-04-10T22:15+02:00,83.43
2026-04-10T22:30+02:00,94.99
2026-04-10T22:45+02:00,86.74
2026-04-10T23:00+02:00,83.99
2026-04-10T23:15+02:00,80.04
2026-04-10T23:30+02:00,75.72
2026-04-10T23:45+02:00,75.08
2026-04-11T00:00+02:00,71.97
2026-04-11T00:15+02:00,73.81
2026-04-11T00:30+02:00,77.19
2026-04-11T00:45+02:00,80.55
2026-04-11T01:00+02:00,84.2
2026-04-11T01:15+02:00,86.05
2026-04-11T01:30+02:00,86.34
2026-04-11T01:45+02:00,85
2026-04-11T02:00+02:00,85
2026-04-11T02:15+02:00,85.04
2026-04-11T02:30+02:00,90
2026-04-11T02:45+02:00,95
2026-04-11T03:00+02:00,90.29
2026-04-11T03:15+02:00,95
2026-04-11T03:30+02:00,98.27
2026-04-11T03:45+02:00,95
2026-04-11T04:00+02:00,95
2026-04-11T04:15+02:00,98.47
2026-04-11T04:30+02:00,98
2026-04-11T04:45+02:00,94.67
2026-04-11T05:00+02:00,97.87
2026-04-11T05:15+02:00,94.16
2026-04-11T05:30+02:00,94.05
2026-04-11T05:45+02:00,92.96
2026-04-11T06:00+02:00,93.98
2026-04-11T06:15+02:00,95.09
2026-04-11T06:30+02:00,94.58
2026-04-11T06:45+02:00,89.85
2026-04-11T07:00+02:00,95.28
2026-04-11T07:15+02:00,90.67
2026-04-11T07:30+02:00,77.81
2026-04-11T07:45+02:00,58.11
2026-04-11T08:00+02:00,92.06
2026-04-11T08:15+02:00,77.57
2026-04-11T08:30+02:00,52.5
2026-04-11T08:45+02:00,22.08
2026-04-11T09:00+02:00,54.69
2026-04-11T09:15+02:00,29.22
2026-04-11T09:30+02:00,25.17
2026-04-11T09:45+02:00,13.7
2026-04-11T10:00+02:00,29.46
2026-04-11T10:15+02:00,24.29
2026-04-11T10:30+02:00,17.66
2026-04-11T10:45+02:00,10.75
2026-04-11T11:00+02:00,17.65
2026-04-11T11:15+02:00,13.01
2026-04-11T11:30+02:00,12.22
2026-04-11T11:45+02:00,10
2026-04-11T12:00+02:00,17.94
2026-04-11T12:15+02:00,16.92
2026-04-11T12:30+02:00,14.63
2026-04-11T12:45+02:00,11.98
2026-04-11T13:00+02:00,12.9
2026-04-11T13:15+02:00,10.66
2026-04-11T13:30+02:00,9.31
2026-04-11T13:45+02:00,8.82
2026-04-11T14:00+02:00,12.49
2026-04-11T14:15+02:00,12.59
2026-04-11T14:30+02:00,13.74
2026-04-11T14:45+02:00,13.72
2026-04-11T15:00+02:00,13.25
2026-04-11T15:15+02:00,14.58
2026-04-11T15:30+02:00,16.46
2026-04-11T15:45+02:00,20.71
2026-04-11T16:00+02:00,14.55
2026-04-11T16:15+02:00,19.19
2026-04-11T16:30+02:00,22.25
2026-04-11T16:45+02:00,24.14
2026-04-11T17:00+02:00,16.48
2026-04-11T17:15+02:00,19.25
2026-04-11T17:30+02:00,24.88
2026-04-11T17:45+02:00,28.47
2026-04-11T18:00+02:00,12.04
2026-04-11T18:15+02:00,21.66
2026-04-11T18:30+02:00,43.52
2026-04-11T18:45+02:00,68.24
2026-04-11T19:00+02:00,46.24
2026-04-11T19:15+02:00,49.29
2026-04-11T19:30+02:00,48.62
2026-04-11T19:45+02:00,39.37
2026-04-11T20:00+02:00,44.73
2026-04-11T20:15+02:00,44.44
2026-04-11T20:30+02:00,38.46
2026-04-11T20:45+02:00,32.37
2026-04-11T21:00+02:00,40.37
2026-04-11T21:15+02:00,38.04
2026-04-11T21:30+02:00,34.09
2026-04-11T21:45+02:00,28.54
2026-04-11T22:00+02:00,38.4
2026-04-11T22:15+02:00,36.21
2026-04-11T22:30+02:00,31.16
2026-04-11T22:45+02:00,28.42
2026-04-11T23:00+02:00,35.7
2026-04-11T23:15+02:00,33.52
2026-04-11T23:30+02:00,29.21
2026-04-11T23:45+02:00,25.37
2026-04-12T00:00+02:00,26.99
2026-04-12T00:15+02:00,27.02
2026-04-12T00:30+02:00,27.63
2026-04-12T00:45+02:00,26.29
2026-04-12T01:00+02:00,27.91
2026-04-12T01:15+02:00,27.14
2026-04-12T01:30+02:00,27.73
2026-04-12T01:45+02:00,28.82
2026-04-12T02:00+02:00,28.12
2026-04-12T02:15+02:00,28.88
2026-04-12T02:30+02:00,30.37
2026-04-12T02:45+02:00,30.32
2026-04-12T03:00+02:00,30.39
2026-04-12T03:15+02:00,32.63
2026-04-12T03:30+02:00,34.54
2026-04-12T03:45+02:00,37.2
2026-04-12T04:00+02:00,28.48
2026-04-12T04:15+02:00,30.76
2026-04-12T04:30+02:00,33.42
2026-04-12T04:45+02:00,35.96
2026-04-12T05:00+02:00,31.65
2026-04-12T05:15+02:00,34.47
2026-04-12T05:30+02:00,36.36
2026-04-12T05:45+02:00,38.13
2026-04-12T06:00+02:00,42.24
2026-04-12T06:15+02:00,43.24
2026-04-12T06:30+02:00,41.42
2026-04-12T06:45+02:00,40.62
2026-04-12T07:00+02:00,47.09
2026-04-12T07:15+02:00,41.49
2026-04-12T07:30+02:00,39.34
2026-04-12T07:45+02:00,38.22
2026-04-12T08:00+02:00,39.14
2026-04-12T08:15+02:00,40.59
2026-04-12T08:30+02:00,43.24
2026-04-12T08:45+02:00,39.65
2026-04-12T09:00+02:00,42.13
2026-04-12T09:15+02:00,36.82
2026-04-12T09:30+02:00,32.16
2026-04-12T09:45+02:00,23.35
2026-04-12T10:00+02:00,48.21
2026-04-12T10:15+02:00,18.95
2026-04-12T10:30+02:00,17.94
2026-04-12T10:45+02:00,14.53
2026-04-12T11:00+02:00,21.33
2026-04-12T11:15+02:00,18.36
2026-04-12T11:30+02:00,15.37
2026-04-12T11:45+02:00,13.69
2026-04-12T12:00+02:00,19.49
2026-04-12T12:15+02:00,14.13
2026-04-12T12:30+02:00,12.46
2026-04-12T12:45+02:00,8.32
2026-04-12T13:00+02:00,12.04
2026-04-12T13:15+02:00,10.83
2026-04-12T13:30+02:00,10.74
2026-04-12T13:45+02:00,10.4
2026-04-12T14:00+02:00,11.22
2026-04-12T14:15+02:00,10.05
2026-04-12T14:30+02:00,9.39
2026-04-12T14:45+02:00,9.47
2026-04-12T15:00+02:00,5.43
2026-04-12T15:15+02:00,8.71
2026-04-12T15:30+02:00,15.23
2026-04-12T15:45+02:00,35.55
2026-04-12T16:00+02:00,17.26
2026-04-12T16:15+02:00,28.84
2026-04-12T16:30+02:00,37.71
2026-04-12T16:45+02:00,46.45
2026-04-12T17:00+02:00,35.06
2026-04-12T17:15+02:00,41.04
2026-04-12T17:30+02:00,47.02
2026-04-12T17:45+02:00,63.9
2026-04-12T18:00+02:00,81.15
2026-04-12T18:15+02:00,89.99
2026-04-12T18:30+02:00,105.89
2026-04-12T18:45+02:00,118.23
2026-04-12T19:00+02:00,111.92
2026-04-12T19:15+02:00,111.34
2026-04-12T19:30+02:00,112.27
2026-04-12T19:45+02:00,107.24
2026-04-12T20:00+02:00,121.89
2026-04-12T20:15+02:00,116.85
2026-04-12T20:30+02:00,106.92
2026-04-12T20:45+02:00,86.61
2026-04-12T21:00+02:00,114.63
2026-04-12T21:15+02:00,99.64
2026-04-12T21:30+02:00,98.54
2026-04-12T21:45+02:00,75.94
2026-04-12T22:00+02:00,111.34
2026-04-12T22:15+02:00,88.83
2026-04-12T22:30+02:00,64.2
2026-04-12T22:45+02:00,49.17
2026-04-12T23:00+02:00,75.32
2026-04-12T23:15+02:00,64.01
2026-04-12T23:30+02:00,52.3
2026-04-12T23:45+02:00,43.66
2026-04-13T00:00+02:00,47.1
2026-04-13T00:15+02:00,46.86
2026-04-13T00:30+02:00,46.99
2026-04-13T00:45+02:00,46.8
2026-04-13T01:00+02:00,48.82
2026-04-13T01:15+02:00,47.58
2026-04-13T01:30+02:00,48.71
2026-04-13T01:45+02:00,48.35
2026-04-13T02:00+02:00,48.98
2026-04-13T02:15+02:00,48.86
2026-04-13T02:30+02:00,50.11
2026-04-13T02:45+02:00,52.9
2026-04-13T03:00+02:00,54.22
2026-04-13T03:15+02:00,55.62
2026-04-13T03:30+02:00,57.05
2026-04-13T03:45+02:00,57.19
2026-04-13T04:00+02:00,54.56
2026-04-13T04:15+02:00,55.95
2026-04-13T04:30+02:00,57.84
2026-04-13T04:45+02:00,59.21
2026-04-13T05:00+02:00,54.99
2026-04-13T05:15+02:00,70.64
2026-04-13T05:30+02:00,80
2026-04-13T05:45+02:00,97.43
2026-04-13T06:00+02:00,95.79
2026-04-13T06:15+02:00,103.74
2026-04-13T06:30+02:00,116.87
2026-04-13T06:45+02:00,132.04
2026-04-13T07:00+02:00,123.9
2026-04-13T07:15+02:00,126.93
2026-04-13T07:30+02:00,128.4
2026-04-13T07:45+02:00,108.73
2026-04-13T08:00+02:00,119.3
2026-04-13T08:15+02:00,90.53
2026-04-13T08:30+02:00,81.05
2026-04-13T08:45+02:00,79.32
2026-04-13T09:00+02:00,95.13
2026-04-13T09:15+02:00,84.75
2026-04-13T09:30+02:00,74.98
2026-04-13T09:45+02:00,61.55
2026-04-13T10:00+02:00,90
2026-04-13T10:15+02:00,70.34
2026-04-13T10:30+02:00,62.17
2026-04-13T10:45+02:00,53.67
2026-04-13T11:00+02:00,72.56
2026-04-13T11:15+02:00,54.99
2026-04-13T11:30+02:00,48.51
2026-04-13T11:45+02:00,42.19
2026-04-13T12:00+02:00,55.22
2026-04-13T12:15+02:00,48.83
2026-04-13T12:30+02:00,45.89
2026-04-13T12:45+02:00,40.2
2026-04-13T13:00+02:00,46.99
2026-04-13T13:15+02:00,45.21
2026-04-13T13:30+02:00,43.63
2026-04-13T13:45+02:00,42.82
2026-04-13T14:00+02:00,45.74
2026-04-13T14:15+02:00,46
2026-04-13T14:30+02:00,39.48
2026-04-13T14:45+02:00,41.78
2026-04-13T15:00+02:00,36.7
2026-04-13T15:15+02:00,41.96
2026-04-13T15:30+02:00,44.29
2026-04-13T15:45+02:00,51.38
2026-04-13T16:00+02:00,37.16
2026-04-13T16:15+02:00,45.7
2026-04-13T16:30+02:00,50.06
2026-04-13T16:45+02:00,57.29
2026-04-13T17:00+02:00,52.04
2026-04-13T17:15+02:00,57.42
2026-04-13T17:30+02:00,62.97
2026-04-13T17:45+02:00,73.13
2026-04-13T18:00+02:00,60
2026-04-13T18:15+02:00,67.7
2026-04-13T18:30+02:00,68.7
2026-04-13T18:45+02:00,68.86
2026-04-13T19:00+02:00,80
2026-04-13T19:15+02:00,80.01
2026-04-13T19:30+02:00,89.99
2026-04-13T19:45+02:00,88.15
2026-04-13T20:00+02:00,80
2026-04-13T20:15+02:00,79.99
2026-04-13T20:30+02:00,74
2026-04-13T20:45+02:00,58.84
2026-04-13T21:00+02:00,54.79
2026-04-13T21:15+02:00,51.44
2026-04-13T21:30+02:00,43.41
2026-04-13T21:45+02:00,40.29
2026-04-13T22:00+02:00,52.91
2026-04-13T22:15+02:00,47.69
2026-04-13T22:30+02:00,40.74
2026-04-13T22:45+02:00,38.17
2026-04-13T23:00+02:00,44.7
2026-04-13T23:15+02:00,40.68
2026-04-13T23:30+02:00,40.57
2026-04-13T23:45+02:00,38.86
2026-04-14T00:00+02:00,52.06
2026-04-14T00:15+02:00,53.36
2026-04-14T00:30+02:00,53.78
2026-04-14T00:45+02:00,54.02
2026-04-14T01:00+02:00,51.33
2026-04-14T01:15+02:00,53.1
2026-04-14T01:30+02:00,53.06
2026-04-14T01:45+02:00,53.32
2026-04-14T02:00+02:00,48.94
2026-04-14T02:15+02:00,51.13
2026-04-14T02:30+02:00,52.39
2026-04-14T02:45+02:00,53.13
2026-04-14T03:00+02:00,53.59
2026-04-14T03:15+02:00,54.22
2026-04-14T03:30+02:00,54.55
2026-04-14T03:45+02:00,57.57
2026-04-14T04:00+02:00,52.32
2026-04-14T04:15+02:00,53.86
2026-04-14T04:30+02:00,55.28
2026-04-14T04:45+02:00,59.81
2026-04-14T05:00+02:00,51.94
2026-04-14T05:15+02:00,56.11
2026-04-14T05:30+02:00,63.56
2026-04-14T05:45+02:00,79.5
2026-04-14T06:00+02:00,58.44
2026-04-14T06:15+02:00,66.91
2026-04-14T06:30+02:00,89.55
2026-04-14T06:45+02:00,95
2026-04-14T07:00+02:00,95
2026-04-14T07:15+02:00,98.22
2026-04-14T07:30+02:00,95
2026-04-14T07:45+02:00,86.34
2026-04-14T08:00+02:00,95.84
2026-04-14T08:15+02:00,88.28
2026-04-14T08:30+02:00,96.06
2026-04-14T08:45+02:00,78.38
2026-04-14T09:00+02:00,105
2026-04-14T09:15+02:00,90.24
2026-04-14T09:30+02:00,72.56
2026-04-14T09:45+02:00,61.33
2026-04-14T10:00+02:00,88.31
2026-04-14T10:15+02:00,61.77
2026-04-14T10:30+02:00,53.36
2026-04-14T10:45+02:00,44.21
2026-04-14T11:00+02:00,63.29
2026-04-14T11:15+02:00,56.3
2026-04-14T11:30+02:00,48.53
2026-04-14T11:45+02:00,37.81
2026-04-14T12:00+02:00,51.87
2026-04-14T12:15+02:00,47.26
2026-04-14T12:30+02:00,40.7
2026-04-14T12:45+02:00,35.72
2026-04-14T13:00+02:00,42.3
2026-04-14T13:15+02:00,42
2026-04-14T13:30+02:00,42.57
2026-04-14T13:45+02:00,40.11
2026-04-14T14:00+02:00,37.45
2026-04-14T14:15+02:00,41.18
2026-04-14T14:30+02:00,49.78
2026-04-14T14:45+02:00,49.96
2026-04-14T15:00+02:00,37.39
2026-04-14T15:15+02:00,38.54
2026-04-14T15:30+02:00,47.1
2026-04-14T15:45+02:00,59.28
2026-04-14T16:00+02:00,40.55
2026-04-14T16:15+02:00,52.93
2026-04-14T16:30+02:00,62.41
2026-04-14T16:45+02:00,86.9
2026-04-14T17:00+02:00,47.57
2026-04-14T17:15+02:00,62.37
2026-04-14T17:30+02:00,69.9
2026-04-14T17:45+02:00,83.94
2026-04-14T18:00+02:00,69.08
2026-04-14T18:15+02:00,77.12
2026-04-14T18:30+02:00,87.06
2026-04-14T18:45+02:00,99.31
2026-04-14T19:00+02:00,109.99
2026-04-14T19:15+02:00,113.55
2026-04-14T19:30+02:00,115.1
2026-04-14T19:45+02:00,128.23
2026-04-14T20:00+02:00,135.33
2026-04-14T20:15+02:00,120.47
2026-04-14T20:30+02:00,110
2026-04-14T20:45+02:00,94.83
2026-04-14T21:00+02:00,141.41
2026-04-14T21:15+02:00,124.96
2026-04-14T21:30+02:00,95.64
2026-04-14T21:45+02:00,81.61
2026-04-14T22:00+02:00,98.04
2026-04-14T22:15+02:00,83.18
2026-04-14T22:30+02:00,71.13
2026-04-14T22:45+02:00,63.8
2026-04-14T23:00+02:00,74.65
2026-04-14T23:15+02:00,68.76
2026-04-14T23:30+02:00,64.62
2026-04-14T23:45+02:00,61.06
2026-04-15T00:00+02:00,72.05
2026-04-15T00:15+02:00,71.94
2026-04-15T00:30+02:00,71.31
2026-04-15T00:45+02:00,72.84
2026-04-15T01:00+02:00,70.17
2026-04-15T01:15+02:00,72.88
2026-04-15T01:30+02:00,77.23
2026-04-15T01:45+02:00,78.02
2026-04-15T02:00+02:00,69.69
2026-04-15T02:15+02:00,71.28
2026-04-15T02:30+02:00,73.99
2026-04-15T02:45+02:00,80.19
2026-04-15T03:00+02:00,68.86
2026-04-15T03:15+02:00,72.59
2026-04-15T03:30+02:00,78
2026-04-15T03:45+02:00,78.28
2026-04-15T04:00+02:00,70.99
2026-04-15T04:15+02:00,73.33
2026-04-15T04:30+02:00,78.27
2026-04-15T04:45+02:00,84.4
2026-04-15T05:00+02:00,67.91
2026-04-15T05:15+02:00,75.34
2026-04-15T05:30+02:00,96.13
2026-04-15T05:45+02:00,113.3
2026-04-15T06:00+02:00,136.49
2026-04-15T06:15+02:00,146.53
2026-04-15T06:30+02:00,152.16
2026-04-15T06:45+02:00,156.2
2026-04-15T07:00+02:00,164.37
2026-04-15T07:15+02:00,162.26
2026-04-15T07:30+02:00,159.32
2026-04-15T07:45+02:00,142.39
2026-04-15T08:00+02:00,160.85
2026-04-15T08:15+02:00,144.97
2026-04-15T08:30+02:00,135.58
2026-04-15T08:45+02:00,111.28
2026-04-15T09:00+02:00,126.82
2026-04-15T09:15+02:00,119.21
2026-04-15T09:30+02:00,108.12
2026-04-15T09:45+02:00,100.97
2026-04-15T10:00+02:00,122.19
2026-04-15T10:15+02:00,100.96
2026-04-15T10:30+02:00,91.31
2026-04-15T10:45+02:00,77.36
2026-04-15T11:00+02:00,92.38
2026-04-15T11:15+02:00,78.02
2026-04-15T11:30+02:00,66.98
2026-04-15T11:45+02:00,51.8
2026-04-15T12:00+02:00,66.68
2026-04-15T12:15+02:00,56.82
2026-04-15T12:30+02:00,50.83
2026-04-15T12:45+02:00,49.16
2026-04-15T13:00+02:00,49.4
2026-04-15T13:15+02:00,48.97
2026-04-15T13:30+02:00,49.23
2026-04-15T13:45+02:00,49.44
2026-04-15T14:00+02:00,49.03
2026-04-15T14:15+02:00,55.53
2026-04-15T14:30+02:00,65.28
2026-04-15T14:45+02:00,81.15
2026-04-15T15:00+02:00,58.52
2026-04-15T15:15+02:00,68.33
2026-04-15T15:30+02:00,81.59
2026-04-15T15:45+02:00,95.57
2026-04-15T16:00+02:00,79.6
2026-04-15T16:15+02:00,92.31
2026-04-15T16:30+02:00,101.3
2026-04-15T16:45+02:00,116.48
2026-04-15T17:00+02:00,99.09
2026-04-15T17:15+02:00,112.37
2026-04-15T17:30+02:00,125.26
2026-04-15T17:45+02:00,135.71
2026-04-15T18:00+02:00,120.92
2026-04-15T18:15+02:00,129.78
2026-04-15T18:30+02:00,139.34
2026-04-15T18:45+02:00,154.08
2026-04-15T19:00+02:00,147.37
2026-04-15T19:15+02:00,154.46
2026-04-15T19:30+02:00,174.88
2026-04-15T19:45+02:00,195.73
2026-04-15T20:00+02:00,193.46
2026-04-15T20:15+02:00,178.88
2026-04-15T20:30+02:00,165.68
2026-04-15T20:45+02:00,143.69
2026-04-15T21:00+02:00,160.54
2026-04-15T21:15+02:00,138.97
2026-04-15T21:30+02:00,133.75
2026-04-15T21:45+02:00,120.55
2026-04-15T22:00+02:00,132.2
2026-04-15T22:15+02:00,125.21
2026-04-15T22:30+02:00,118.99
2026-04-15T22:45+02:00,114.08
2026-04-15T23:00+02:00,120.23
2026-04-15T23:15+02:00,111.88
2026-04-15T23:30+02:00,104.73
2026-04-15T23:45+02:00,95.37
2026-04-16T00:00+02:00,104.45
2026-04-16T00:15+02:00,100.62
2026-04-16T00:30+02:00,96.48
2026-04-16T00:45+02:00,93.35
2026-04-16T01:00+02:00,97.32
2026-04-16T01:15+02:00,94.23
2026-04-16T01:30+02:00,94.16
2026-04-16T01:45+02:00,93.73
2026-04-16T02:00+02:00,93.57
2026-04-16T02:15+02:00,94.52
2026-04-16T02:30+02:00,94.16
2026-04-16T02:45+02:00,92.72
2026-04-16T03:00+02:00,90.74
2026-04-16T03:15+02:00,92.28
2026-04-16T03:30+02:00,94.16
2026-04-16T03:45+02:00,94.09
2026-04-16T04:00+02:00,90.86
2026-04-16T04:15+02:00,93.06
2026-04-16T04:30+02:00,96.43
2026-04-16T04:45+02:00,100.64
2026-04-16T05:00+02:00,92.96
2026-04-16T05:15+02:00,96.79
2026-04-16T05:30+02:00,108.87
2026-04-16T05:45+02:00,115.45
2026-04-16T06:00+02:00,127.07
2026-04-16T06:15+02:00,132.13
2026-04-16T06:30+02:00,137.21
2026-04-16T06:45+02:00,150.7
2026-04-16T07:00+02:00,144.55
2026-04-16T07:15+02:00,143.95
2026-04-16T07:30+02:00,138.34
2026-04-16T07:45+02:00,130.29
2026-04-16T08:00+02:00,157.21
2026-04-16T08:15+02:00,138.49
2026-04-16T08:30+02:00,127.95
2026-04-16T08:45+02:00,100.58
2026-04-16T09:00+02:00,121.75
2026-04-16T09:15+02:00,108.22
2026-04-16T09:30+02:00,102.12
2026-04-16T09:45+02:00,100.26
2026-04-16T10:00+02:00,118.6
2026-04-16T10:15+02:00,102.8
2026-04-16T10:30+02:00,86.39
2026-04-16T10:45+02:00,62.24
2026-04-16T11:00+02:00,96.17
2026-04-16T11:15+02:00,82.36
2026-04-16T11:30+02:00,64.23
2026-04-16T11:45+02:00,50.58
2026-04-16T12:00+02:00,81.7
2026-04-16T12:15+02:00,62.12
2026-04-16T12:30+02:00,57.47
2026-04-16T12:45+02:00,52.37
2026-04-16T13:00+02:00,62.48
2026-04-16T13:15+02:00,62.34
2026-04-16T13:30+02:00,59.38
2026-04-16T13:45+02:00,55.5
2026-04-16T14:00+02:00,55.16
2026-04-16T14:15+02:00,56.91
2026-04-16T14:30+02:00,59.03
2026-04-16T14:45+02:00,66.88
2026-04-16T15:00+02:00,48.95
2026-04-16T15:15+02:00,59.79
2026-04-16T15:30+02:00,73.28
2026-04-16T15:45+02:00,90.9
2026-04-16T16:00+02:00,59.4
2026-04-16T16:15+02:00,81.88
2026-04-16T16:30+02:00,96.09
2026-04-16T16:45+02:00,103.28
2026-04-16T17:00+02:00,95.69
2026-04-16T17:15+02:00,103.23
2026-04-16T17:30+02:00,114.23
2026-04-16T17:45+02:00,121.53
2026-04-16T18:00+02:00,101.01
2026-04-16T18:15+02:00,122.17
2026-04-16T18:30+02:00,131.99
2026-04-16T18:45+02:00,150.41
2026-04-16T19:00+02:00,130.23
2026-04-16T19:15+02:00,144.99
2026-04-16T19:30+02:00,167.87
2026-04-16T19:45+02:00,191.57
2026-04-16T20:00+02:00,186.26
2026-04-16T20:15+02:00,186.4
2026-04-16T20:30+02:00,169.26
2026-04-16T20:45+02:00,157.08
2026-04-16T21:00+02:00,167.54
2026-04-16T21:15+02:00,151.69
2026-04-16T21:30+02:00,138.35
2026-04-16T21:45+02:00,128.63
2026-04-16T22:00+02:00,141.07
2026-04-16T22:15+02:00,131.17
2026-04-16T22:30+02:00,123.74
2026-04-16T22:45+02:00,115.53
2026-04-16T23:00+02:00,124.2
2026-04-16T23:15+02:00,117.87
2026-04-16T23:30+02:00,104.99
2026-04-16T23:45+02:00,92.36
2026-04-17T00:00+02:00,118.54
2026-04-17T00:15+02:00,114.36
2026-04-17T00:30+02:00,110.05
2026-04-17T00:45+02:00,106.2
2026-04-17T01:00+02:00,99.99
2026-04-17T01:15+02:00,98
2026-04-17T01:30+02:00,95.54
2026-04-17T01:45+02:00,97.95
2026-04-17T02:00+02:00,96.5
2026-04-17T02:15+02:00,96.91
2026-04-17T02:30+02:00,95.8
2026-04-17T02:45+02:00,97.79
2026-04-17T03:00+02:00,88.57
2026-04-17T03:15+02:00,89.33
2026-04-17T03:30+02:00,95.86
2026-04-17T03:45+02:00,97.25
2026-04-17T04:00+02:00,86.81
2026-04-17T04:15+02:00,92.78
2026-04-17T04:30+02:00,104.49
2026-04-17T04:45+02:00,107.71
2026-04-17T05:00+02:00,101.02
2026-04-17T05:15+02:00,107.62
2026-04-17T05:30+02:00,115.24
2026-04-17T05:45+02:00,136.32
2026-04-17T06:00+02:00,126.05
2026-04-17T06:15+02:00,148.9
2026-04-17T06:30+02:00,147.13
2026-04-17T06:45+02:00,151.65
2026-04-17T07:00+02:00,157.58
2026-04-17T07:15+02:00,149.43
2026-04-17T07:30+02:00,145.14
2026-04-17T07:45+02:00,134.57
2026-04-17T08:00+02:00,151.81
2026-04-17T08:15+02:00,134.59
2026-04-17T08:30+02:00,118.76
2026-04-17T08:45+02:00,96.44
2026-04-17T09:00+02:00,123.5
2026-04-17T09:15+02:00,105
2026-04-17T09:30+02:00,91.53
2026-04-17T09:45+02:00,82.66
2026-04-17T10:00+02:00,110.81
2026-04-17T10:15+02:00,97.53
2026-04-17T10:30+02:00,88.16
2026-04-17T10:45+02:00,56.89
2026-04-17T11:00+02:00,89.4
2026-04-17T11:15+02:00,75.12
2026-04-17T11:30+02:00,57.12
2026-04-17T11:45+02:00,42.87
2026-04-17T12:00+02:00,67.67
2026-04-17T12:15+02:00,59.17
2026-04-17T12:30+02:00,51.87
2026-04-17T12:45+02:00,48.55
2026-04-17T13:00+02:00,55.82
2026-04-17T13:15+02:00,52.71
2026-04-17T13:30+02:00,48.87
2026-04-17T13:45+02:00,48.36
2026-04-17T14:00+02:00,40.04
2026-04-17T14:15+02:00,43.77
2026-04-17T14:30+02:00,52.24
2026-04-17T14:45+02:00,65.5
2026-04-17T15:00+02:00,34.92
2026-04-17T15:15+02:00,49.15
2026-04-17T15:30+02:00,70.27
2026-04-17T15:45+02:00,85.74
2026-04-17T16:00+02:00,55.29
2026-04-17T16:15+02:00,72.67
2026-04-17T16:30+02:00,84.85
2026-04-17T16:45+02:00,99.34
2026-04-17T17:00+02:00,82.54
2026-04-17T17:15+02:00,93.84
2026-04-17T17:30+02:00,104.02
2026-04-17T17:45+02:00,114.73
2026-04-17T18:00+02:00,105.99
2026-04-17T18:15+02:00,115.27
2026-04-17T18:30+02:00,114.99
2026-04-17T18:45+02:00,117.3
2026-04-17T19:00+02:00,124.39
2026-04-17T19:15+02:00,115.95
2026-04-17T19:30+02:00,110.91
2026-04-17T19:45+02:00,104.4
2026-04-17T20:00+02:00,114.88
2026-04-17T20:15+02:00,104.94
2026-04-17T20:30+02:00,95.71
2026-04-17T20:45+02:00,79.36
2026-04-17T21:00+02:00,92.63
2026-04-17T21:15+02:00,84.93
2026-04-17T21:30+02:00,81.92
2026-04-17T21:45+02:00,72.14
2026-04-17T22:00+02:00,85.99
2026-04-17T22:15+02:00,78.7
2026-04-17T22:30+02:00,72.6
2026-04-17T22:45+02:00,66.52
2026-04-17T23:00+02:00,72.23
2026-04-17T23:15+02:00,64.57
2026-04-17T23:30+02:00,62.83
2026-04-17T23:45+02:00,62.17
2026-04-18T00:00+02:00,57.26
2026-04-18T00:15+02:00,58.26
2026-04-18T00:30+02:00,57.73
2026-04-18T00:45+02:00,57.06
2026-04-18T01:00+02:00,57.84
2026-04-18T01:15+02:00,57.25
2026-04-18T01:30+02:00,57.91
2026-04-18T01:45+02:00,58.49
2026-04-18T02:00+02:00,56.91
2026-04-18T02:15+02:00,56.9
2026-04-18T02:30+02:00,57.29
2026-04-18T02:45+02:00,57.35
2026-04-18T03:00+02:00,56.49
2026-04-18T03:15+02:00,56.59
2026-04-18T03:30+02:00,57.09
2026-04-18T03:45+02:00,57.58
2026-04-18T04:00+02:00,56.17
2026-04-18T04:15+02:00,56.39
2026-04-18T04:30+02:00,56.97
2026-04-18T04:45+02:00,58.12
2026-04-18T05:00+02:00,57.31
2026-04-18T05:15+02:00,57.58
2026-04-18T05:30+02:00,58.26
2026-04-18T05:45+02:00,57.42
2026-04-18T06:00+02:00,57.86
2026-04-18T06:15+02:00,57.62
2026-04-18T06:30+02:00,57.81
2026-04-18T06:45+02:00,55.63
2026-04-18T07:00+02:00,59.34
2026-04-18T07:15+02:00,58.54
2026-04-18T07:30+02:00,57.64
2026-04-18T07:45+02:00,55.91
2026-04-18T08:00+02:00,58.28
2026-04-18T08:15+02:00,57.31
2026-04-18T08:30+02:00,54.03
2026-04-18T08:45+02:00,51.61
2026-04-18T09:00+02:00,54.95
2026-04-18T09:15+02:00,52.33
2026-04-18T09:30+02:00,46.56
2026-04-18T09:45+02:00,41.96
2026-04-18T10:00+02:00,50.2
2026-04-18T10:15+02:00,40.78
2026-04-18T10:30+02:00,30.5
2026-04-18T10:45+02:00,26.49
2026-04-18T11:00+02:00,32.46
2026-04-18T11:15+02:00,31.68
2026-04-18T11:30+02:00,30.83
2026-04-18T11:45+02:00,26.77
2026-04-18T12:00+02:00,27.58
2026-04-18T12:15+02:00,25.89
2026-04-18T12:30+02:00,22.59
2026-04-18T12:45+02:00,23.2
2026-04-18T13:00+02:00,25.64
2026-04-18T13:15+02:00,24.9
2026-04-18T13:30+02:00,26.95
2026-04-18T13:45+02:00,26.94
2026-04-18T14:00+02:00,22.97
2026-04-18T14:15+02:00,23.33
2026-04-18T14:30+02:00,24.67
2026-04-18T14:45+02:00,26.04
2026-04-18T15:00+02:00,17.31
2026-04-18T15:15+02:00,20.62
2026-04-18T15:30+02:00,31.64
2026-04-18T15:45+02:00,32.7
2026-04-18T16:00+02:00,18.27
2026-04-18T16:15+02:00,32.3
2026-04-18T16:30+02:00,46.81
2026-04-18T16:45+02:00,54.7
2026-04-18T17:00+02:00,47.96
2026-04-18T17:15+02:00,55.95
2026-04-18T17:30+02:00,66.34
2026-04-18T17:45+02:00,73.5
2026-04-18T18:00+02:00,57.64
2026-04-18T18:15+02:00,60.92
2026-04-18T18:30+02:00,64.93
2026-04-18T18:45+02:00,67.37
2026-04-18T19:00+02:00,73.26
2026-04-18T19:15+02:00,74.03
2026-04-18T19:30+02:00,76.8
2026-04-18T19:45+02:00,75
2026-04-18T20:00+02:00,65.03
2026-04-18T20:15+02:00,63.15
2026-04-18T20:30+02:00,62.86
2026-04-18T20:45+02:00,62.79
2026-04-18T21:00+02:00,68
2026-04-18T21:15+02:00,65.5
2026-04-18T21:30+02:00,64.94
2026-04-18T21:45+02:00,63.81
2026-04-18T22:00+02:00,56.85
2026-04-18T22:15+02:00,54.95
2026-04-18T22:30+02:00,49.85
2026-04-18T22:45+02:00,44.79
2026-04-18T23:00+02:00,50.43
2026-04-18T23:15+02:00,45.46
2026-04-18T23:30+02:00,39.93
2026-04-18T23:45+02:00,36.73
2026-04-19T00:00+02:00,39.9
2026-04-19T00:15+02:00,38.85
2026-04-19T00:30+02:00,39.9
2026-04-19T00:45+02:00,39.98
2026-04-19T01:00+02:00,38.19
2026-04-19T01:15+02:00,37.26
2026-04-19T01:30+02:00,38.66
2026-04-19T01:45+02:00,40.4
2026-04-19T02:00+02:00,38.7
2026-04-19T02:15+02:00,39.26
2026-04-19T02:30+02:00,40.26
2026-04-19T02:45+02:00,44.18
2026-04-19T03:00+02:00,47.31
2026-04-19T03:15+02:00,48.72
2026-04-19T03:30+02:00,48.74
2026-04-19T03:45+02:00,48.78
2026-04-19T04:00+02:00,47.92
2026-04-19T04:15+02:00,47.89
2026-04-19T04:30+02:00,48.95
2026-04-19T04:45+02:00,50.7
2026-04-19T05:00+02:00,49.47
2026-04-19T05:15+02:00,50.79
2026-04-19T05:30+02:00,49.67
2026-04-19T05:45+02:00,50.6
2026-04-19T06:00+02:00,50.97
2026-04-19T06:15+02:00,51.12
2026-04-19T06:30+02:00,50.99
2026-04-19T06:45+02:00,49.18
2026-04-19T07:00+02:00,49.53
2026-04-19T07:15+02:00,50.48
2026-04-19T07:30+02:00,52.03
2026-04-19T07:45+02:00,52.69
2026-04-19T08:00+02:00,52.32
2026-04-19T08:15+02:00,51.48
2026-04-19T08:30+02:00,50.49
2026-04-19T08:45+02:00,50.18
2026-04-19T09:00+02:00,50.65
2026-04-19T09:15+02:00,46.37
2026-04-19T09:30+02:00,44.31
2026-04-19T09:45+02:00,41.4
2026-04-19T10:00+02:00,44.79
2026-04-19T10:15+02:00,41.03
2026-04-19T10:30+02:00,37.2
2026-04-19T10:45+02:00,29.8
2026-04-19T11:00+02:00,41.26
2026-04-19T11:15+02:00,35.05
2026-04-19T11:30+02:00,20.8
2026-04-19T11:45+02:00,15.8
2026-04-19T12:00+02:00,25.73
2026-04-19T12:15+02:00,21.38
2026-04-19T12:30+02:00,20.05
2026-04-19T12:45+02:00,18.94
2026-04-19T13:00+02:00,19.1
2026-04-19T13:15+02:00,17.65
2026-04-19T13:30+02:00,16.58
2026-04-19T13:45+02:00,15.35
2026-04-19T14:00+02:00,18.18
2026-04-19T14:15+02:00,16.94
2026-04-19T14:30+02:00,16.86
2026-04-19T14:45+02:00,17.12
2026-04-19T15:00+02:00,15.15
2026-04-19T15:15+02:00,15.34
2026-04-19T15:30+02:00,17.57
2026-04-19T15:45+02:00,22.75
2026-04-19T16:00+02:00,15.52
2026-04-19T16:15+02:00,18.5
2026-04-19T16:30+02:00,25.82
2026-04-19T16:45+02:00,47.86
2026-04-19T17:00+02:00,24.47
2026-04-19T17:15+02:00,53.12
2026-04-19T17:30+02:00,71.53
2026-04-19T17:45+02:00,87.85
2026-04-19T18:00+02:00,68.01
2026-04-19T18:15+02:00,73.31
2026-04-19T18:30+02:00,80.55
2026-04-19T18:45+02:00,96.24
2026-04-19T19:00+02:00,81.89
2026-04-19T19:15+02:00,84.11
2026-04-19T19:30+02:00,82.03
2026-04-19T19:45+02:00,81.04
2026-04-19T20:00+02:00,84.32
2026-04-19T20:15+02:00,80
2026-04-19T20:30+02:00,77.6
2026-04-19T20:45+02:00,71.52
2026-04-19T21:00+02:00,79.66
2026-04-19T21:15+02:00,74.97
2026-04-19T21:30+02:00,69.66
2026-04-19T21:45+02:00,64.97
2026-04-19T22:00+02:00,68.8
2026-04-19T22:15+02:00,65.09
2026-04-19T22:30+02:00,59.83
2026-04-19T22:45+02:00,57.68
2026-04-19T23:00+02:00,62
2026-04-19T23:15+02:00,58.48
2026-04-19T23:30+02:00,56.63
2026-04-19T23:45+02:00,55.05
2026-04-20T00:00+02:00,58.89
2026-04-20T00:15+02:00,57.57
2026-04-20T00:30+02:00,57.02
2026-04-20T00:45+02:00,57.4
2026-04-20T01:00+02:00,54.12
2026-04-20T01:15+02:00,56.54
2026-04-20T01:30+02:00,57.19
2026-04-20T01:45+02:00,56.26
2026-04-20T02:00+02:00,56.49
2026-04-20T02:15+02:00,55.51
2026-04-20T02:30+02:00,56.79
2026-04-20T02:45+02:00,57.76
2026-04-20T03:00+02:00,53.14
2026-04-20T03:15+02:00,56.2
2026-04-20T03:30+02:00,57.48
2026-04-20T03:45+02:00,58.06
2026-04-20T04:00+02:00,52.51
2026-04-20T04:15+02:00,55.62
2026-04-20T04:30+02:00,59.03
2026-04-20T04:45+02:00,61.16
2026-04-20T05:00+02:00,56.55
2026-04-20T05:15+02:00,60.34
2026-04-20T05:30+02:00,67.15
2026-04-20T05:45+02:00,67.85
2026-04-20T06:00+02:00,60.6
2026-04-20T06:15+02:00,66.1
2026-04-20T06:30+02:00,73.23
2026-04-20T06:45+02:00,74.03
2026-04-20T07:00+02:00,116.31
2026-04-20T07:15+02:00,111.87
2026-04-20T07:30+02:00,102.84
2026-04-20T07:45+02:00,88.2
2026-04-20T08:00+02:00,129.42
2026-04-20T08:15+02:00,112
2026-04-20T08:30+02:00,98.59
2026-04-20T08:45+02:00,71.36
2026-04-20T09:00+02:00,103.13
2026-04-20T09:15+02:00,72.79
2026-04-20T09:30+02:00,56.73
2026-04-20T09:45+02:00,51.91
2026-04-20T10:00+02:00,62.38
2026-04-20T10:15+02:00,56.67
2026-04-20T10:30+02:00,54.56
2026-04-20T10:45+02:00,49.96
2026-04-20T11:00+02:00,54.86
2026-04-20T11:15+02:00,52.7
2026-04-20T11:30+02:00,48.78
2026-04-20T11:45+02:00,44.2
2026-04-20T12:00+02:00,50.18
2026-04-20T12:15+02:00,45.93
2026-04-20T12:30+02:00,36.38
2026-04-20T12:45+02:00,27.95
2026-04-20T13:00+02:00,39.91
2026-04-20T13:15+02:00,32.86
2026-04-20T13:30+02:00,23.75
2026-04-20T13:45+02:00,17.59
2026-04-20T14:00+02:00,18.54
2026-04-20T14:15+02:00,23.96
2026-04-20T14:30+02:00,24.77
2026-04-20T14:45+02:00,37.85
2026-04-20T15:00+02:00,18.92
2026-04-20T15:15+02:00,30.44
2026-04-20T15:30+02:00,44.69
2026-04-20T15:45+02:00,53.5
2026-04-20T16:00+02:00,39.47
2026-04-20T16:15+02:00,48.73
2026-04-20T16:30+02:00,53.39
2026-04-20T16:45+02:00,64.65
2026-04-20T17:00+02:00,48.94
2026-04-20T17:15+02:00,55.04
2026-04-20T17:30+02:00,78.57
2026-04-20T17:45+02:00,105.42
2026-04-20T18:00+02:00,83.24
2026-04-20T18:15+02:00,105.62
2026-04-20T18:30+02:00,110.29
2026-04-20T18:45+02:00,119.27
2026-04-20T19:00+02:00,112.99
2026-04-20T19:15+02:00,120.08
2026-04-20T19:30+02:00,119.16
2026-04-20T19:45+02:00,120.66
2026-04-20T20:00+02:00,125.75
2026-04-20T20:15+02:00,114.66
2026-04-20T20:30+02:00,103.76
2026-04-20T20:45+02:00,94.1
2026-04-20T21:00+02:00,102.58
2026-04-20T21:15+02:00,94.94
2026-04-20T21:30+02:00,97.05
2026-04-20T21:45+02:00,93.27
2026-04-20T22:00+02:00,100.14
2026-04-20T22:15+02:00,92
2026-04-20T22:30+02:00,88.1
2026-04-20T22:45+02:00,68.68
2026-04-20T23:00+02:00,88.24
2026-04-20T23:15+02:00,81.59
2026-04-20T23:30+02:00,68.5
2026-04-20T23:45+02:00,50.29
2026-04-21T00:00+02:00,82.46
2026-04-21T00:15+02:00,80.38
2026-04-21T00:30+02:00,77.14
2026-04-21T00:45+02:00,75.44
2026-04-21T01:00+02:00,79.88
2026-04-21T01:15+02:00,76.8
2026-04-21T01:30+02:00,75.87
2026-04-21T01:45+02:00,74.22
2026-04-21T02:00+02:00,75.8
2026-04-21T02:15+02:00,74.78
2026-04-21T02:30+02:00,75.84
2026-04-21T02:45+02:00,82.38
2026-04-21T03:00+02:00,75.79
2026-04-21T03:15+02:00,75.98
2026-04-21T03:30+02:00,77.77
2026-04-21T03:45+02:00,83.66
2026-04-21T04:00+02:00,77.65
2026-04-21T04:15+02:00,84.26
2026-04-21T04:30+02:00,85.29
2026-04-21T04:45+02:00,87.22
2026-04-21T05:00+02:00,84.13
2026-04-21T05:15+02:00,87.01
2026-04-21T05:30+02:00,94.32
2026-04-21T05:45+02:00,100.18
2026-04-21T06:00+02:00,96.12
2026-04-21T06:15+02:00,106.77
2026-04-21T06:30+02:00,109.44
2026-04-21T06:45+02:00,113.91
2026-04-21T07:00+02:00,123.5
2026-04-21T07:15+02:00,123.98
2026-04-21T07:30+02:00,114.45
2026-04-21T07:45+02:00,97.74
2026-04-21T08:00+02:00,118.04
2026-04-21T08:15+02:00,102
2026-04-21T08:30+02:00,95.7
2026-04-21T08:45+02:00,83.29
2026-04-21T09:00+02:00,96.83
2026-04-21T09:15+02:00,72.27
2026-04-21T09:30+02:00,60.05
2026-04-21T09:45+02:00,48.96
2026-04-21T10:00+02:00,66.03
2026-04-21T10:15+02:00,55.98
2026-04-21T10:30+02:00,45.36
2026-04-21T10:45+02:00,21.05
2026-04-21T11:00+02:00,40.54
2026-04-21T11:15+02:00,21.72
2026-04-21T11:30+02:00,8.02
2026-04-21T11:45+02:00,6.17
2026-04-21T12:00+02:00,15.41
2026-04-21T12:15+02:00,10.71
2026-04-21T12:30+02:00,8.26
2026-04-21T12:45+02:00,7.63
2026-04-21T13:00+02:00,8.83
2026-04-21T13:15+02:00,7.84
2026-04-21T13:30+02:00,7.52
2026-04-21T13:45+02:00,7
2026-04-21T14:00+02:00,8.33
2026-04-21T14:15+02:00,8.42
2026-04-21T14:30+02:00,7.95
2026-04-21T14:45+02:00,8.04
2026-04-21T15:00+02:00,9.17
2026-04-21T15:15+02:00,9.26
2026-04-21T15:30+02:00,9.1
2026-04-21T15:45+02:00,9.28
2026-04-21T16:00+02:00,7.98
2026-04-21T16:15+02:00,9.45
2026-04-21T16:30+02:00,12.22
2026-04-21T16:45+02:00,21.82
2026-04-21T17:00+02:00,16.29
2026-04-21T17:15+02:00,30.79
2026-04-21T17:30+02:00,35.79
2026-04-21T17:45+02:00,53.48
2026-04-21T18:00+02:00,50.56
2026-04-21T18:15+02:00,57.39
2026-04-21T18:30+02:00,62.25
2026-04-21T18:45+02:00,72.56
2026-04-21T19:00+02:00,70.2
2026-04-21T19:15+02:00,77.04
2026-04-21T19:30+02:00,84.29
2026-04-21T19:45+02:00,89.27
2026-04-21T20:00+02:00,92.15
2026-04-21T20:15+02:00,90.65
2026-04-21T20:30+02:00,68.1
2026-04-21T20:45+02:00,67.3
2026-04-21T21:00+02:00,69.06
2026-04-21T21:15+02:00,68.39
2026-04-21T21:30+02:00,61.93
2026-04-21T21:45+02:00,41.36
2026-04-21T22:00+02:00,44.77
2026-04-21T22:15+02:00,40.4
2026-04-21T22:30+02:00,40.2
2026-04-21T22:45+02:00,38.91
2026-04-21T23:00+02:00,39.29
2026-04-21T23:15+02:00,38.44
2026-04-21T23:30+02:00,37.82
2026-04-21T23:45+02:00,36.66
2026-04-22T00:00+02:00,38.7
2026-04-22T00:15+02:00,38.06
2026-04-22T00:30+02:00,37.72
2026-04-22T00:45+02:00,36.08
2026-04-22T01:00+02:00,37.06
2026-04-22T01:15+02:00,36.63
2026-04-22T01:30+02:00,36.05
2026-04-22T01:45+02:00,35.7
2026-04-22T02:00+02:00,36.14
2026-04-22T02:15+02:00,35.98
2026-04-22T02:30+02:00,36.03
2026-04-22T02:45+02:00,35.44
2026-04-22T03:00+02:00,36.11
2026-04-22T03:15+02:00,36.23
2026-04-22T03:30+02:00,36.49
2026-04-22T03:45+02:00,36.67
2026-04-22T04:00+02:00,36.45
2026-04-22T04:15+02:00,36.62
2026-04-22T04:30+02:00,36.95
2026-04-22T04:45+02:00,37.57
2026-04-22T05:00+02:00,36.08
2026-04-22T05:15+02:00,37.41
2026-04-22T05:30+02:00,39.19
2026-04-22T05:45+02:00,39.87
2026-04-22T06:00+02:00,40.5
2026-04-22T06:15+02:00,41.08
2026-04-22T06:30+02:00,41.5
2026-04-22T06:45+02:00,41.77
2026-04-22T07:00+02:00,45.13
2026-04-22T07:15+02:00,45.11
2026-04-22T07:30+02:00,45.16
2026-04-22T07:45+02:00,43.68
2026-04-22T08:00+02:00,45.28
2026-04-22T08:15+02:00,43.02
2026-04-22T08:30+02:00,41.06
2026-04-22T08:45+02:00,39.19
2026-04-22T09:00+02:00,39.77
2026-04-22T09:15+02:00,37.41
2026-04-22T09:30+02:00,34.52
2026-04-22T09:45+02:00,15.5
2026-04-22T10:00+02:00,31.9
2026-04-22T10:15+02:00,8.21
2026-04-22T10:30+02:00,2.67
2026-04-22T10:45+02:00,1.46
2026-04-22T11:00+02:00,1.28
2026-04-22T11:15+02:00,0.2
2026-04-22T11:30+02:00,0.01
2026-04-22T11:45+02:00,0.05
2026-04-22T12:00+02:00,0.03
2026-04-22T12:15+02:00,0
2026-04-22T12:30+02:00,0
2026-04-22T12:45+02:00,-0.03
2026-04-22T13:00+02:00,0.04
2026-04-22T13:15+02:00,0
2026-04-22T13:30+02:00,0.01
2026-04-22T13:45+02:00,0.01
2026-04-22T14:00+02:00,-0.02
2026-04-22T14:15+02:00,-0.18
2026-04-22T14:30+02:00,-0.33
2026-04-22T14:45+02:00,-0.15
2026-04-22T15:00+02:00,-0.5
2026-04-22T15:15+02:00,-0.02
2026-04-22T15:30+02:00,0
2026-04-22T15:45+02:00,0.02
2026-04-22T16:00+02:00,-0.03
2026-04-22T16:15+02:00,-0.02
2026-04-22T16:30+02:00,0.56
2026-04-22T16:45+02:00,3.06
2026-04-22T17:00+02:00,3
2026-04-22T17:15+02:00,3.19
2026-04-22T17:30+02:00,3.76
2026-04-22T17:45+02:00,6.95
2026-04-22T18:00+02:00,4.15
2026-04-22T18:15+02:00,6.95
2026-04-22T18:30+02:00,8.01
2026-04-22T18:45+02:00,9.72
2026-04-22T19:00+02:00,9.51
2026-04-22T19:15+02:00,10
2026-04-22T19:30+02:00,10.73
2026-04-22T19:45+02:00,21.62
2026-04-22T20:00+02:00,20.61
2026-04-22T20:15+02:00,15.93
2026-04-22T20:30+02:00,11.37
2026-04-22T20:45+02:00,10.1
2026-04-22T21:00+02:00,9.94
2026-04-22T21:15+02:00,8.7
2026-04-22T21:30+02:00,10
2026-04-22T21:45+02:00,8.92
2026-04-22T22:00+02:00,10.38
2026-04-22T22:15+02:00,7.76
2026-04-22T22:30+02:00,6.95
2026-04-22T22:45+02:00,4.89
2026-04-22T23:00+02:00,5.12
2026-04-22T23:15+02:00,4.61
2026-04-22T23:30+02:00,4.42
2026-04-22T23:45+02:00,4.28
2026-04-23T00:00+02:00,4.01
2026-04-23T00:15+02:00,3.81
2026-04-23T00:30+02:00,3.65
2026-04-23T00:45+02:00,3.66
2026-04-23T01:00+02:00,3.99
2026-04-23T01:15+02:00,3.93
2026-04-23T01:30+02:00,3.82
2026-04-23T01:45+02:00,3.93
2026-04-23T02:00+02:00,4.57
2026-04-23T02:15+02:00,4.6
2026-04-23T02:30+02:00,5.27
2026-04-23T02:45+02:00,5.87
2026-04-23T03:00+02:00,6.65
2026-04-23T03:15+02:00,6.95
2026-04-23T03:30+02:00,6.95
2026-04-23T03:45+02:00,10
2026-04-23T04:00+02:00,7.95
2026-04-23T04:15+02:00,10.33
2026-04-23T04:30+02:00,11.76
2026-04-23T04:45+02:00,24.43
2026-04-23T05:00+02:00,20.74
2026-04-23T05:15+02:00,40.84
2026-04-23T05:30+02:00,42.98
2026-04-23T05:45+02:00,46
2026-04-23T06:00+02:00,48.6
2026-04-23T06:15+02:00,51.08
2026-04-23T06:30+02:00,52.91
2026-04-23T06:45+02:00,68.02
2026-04-23T07:00+02:00,92.18
2026-04-23T07:15+02:00,97.66
2026-04-23T07:30+02:00,84.89
2026-04-23T07:45+02:00,70.38
2026-04-23T08:00+02:00,88.14
2026-04-23T08:15+02:00,72.63
2026-04-23T08:30+02:00,65.93
2026-04-23T08:45+02:00,41.3
2026-04-23T09:00+02:00,55
2026-04-23T09:15+02:00,41.79
2026-04-23T09:30+02:00,36.75
2026-04-23T09:45+02:00,6.95
2026-04-23T10:00+02:00,29.63
2026-04-23T10:15+02:00,5.95
2026-04-23T10:30+02:00,4.04
2026-04-23T10:45+02:00,2.99
2026-04-23T11:00+02:00,5.24
2026-04-23T11:15+02:00,4.69
2026-04-23T11:30+02:00,3.76
2026-04-23T11:45+02:00,3.35
2026-04-23T12:00+02:00,2.52
2026-04-23T12:15+02:00,2.35
2026-04-23T12:30+02:00,1.89
2026-04-23T12:45+02:00,1.8
2026-04-23T13:00+02:00,2.29
2026-04-23T13:15+02:00,2.16
2026-04-23T13:30+02:00,2.21
2026-04-23T13:45+02:00,2.48
2026-04-23T14:00+02:00,2.09
2026-04-23T14:15+02:00,2.09
2026-04-23T14:30+02:00,2.08
2026-04-23T14:45+02:00,2.05
2026-04-23T15:00+02:00,2.11
2026-04-23T15:15+02:00,2.12
2026-04-23T15:30+02:00,2.14
2026-04-23T15:45+02:00,2.63
2026-04-23T16:00+02:00,1.32
2026-04-23T16:15+02:00,2.08
2026-04-23T16:30+02:00,2.01
2026-04-23T16:45+02:00,2.73
2026-04-23T17:00+02:00,4.24
2026-04-23T17:15+02:00,4.43
2026-04-23T17:30+02:00,10.01
2026-04-23T17:45+02:00,35.31
2026-04-23T18:00+02:00,32.71
2026-04-23T18:15+02:00,44.74
2026-04-23T18:30+02:00,55.8
2026-04-23T18:45+02:00,85.26
2026-04-23T19:00+02:00,70.72
2026-04-23T19:15+02:00,83.92
2026-04-23T19:30+02:00,89.65
2026-04-23T19:45+02:00,94.64
2026-04-23T20:00+02:00,95.79
2026-04-23T20:15+02:00,96.39
2026-04-23T20:30+02:00,86.03
2026-04-23T20:45+02:00,71.25
2026-04-23T21:00+02:00,91.05
2026-04-23T21:15+02:00,80
2026-04-23T21:30+02:00,50.53
2026-04-23T21:45+02:00,44.07
2026-04-23T22:00+02:00,44.05
2026-04-23T22:15+02:00,41.76
2026-04-23T22:30+02:00,40.2
2026-04-23T22:45+02:00,37.19
2026-04-23T23:00+02:00,39.36
2026-04-23T23:15+02:00,37.28
2026-04-23T23:30+02:00,29.8
2026-04-23T23:45+02:00,17.63
2026-04-24T00:00+02:00,38.56
2026-04-24T00:15+02:00,40.62
2026-04-24T00:30+02:00,39.47
2026-04-24T00:45+02:00,39.91
2026-04-24T01:00+02:00,40.72
2026-04-24T01:15+02:00,40.28
2026-04-24T01:30+02:00,40.15
2026-04-24T01:45+02:00,40.11
2026-04-24T02:00+02:00,41.17
2026-04-24T02:15+02:00,40.69
2026-04-24T02:30+02:00,40.65
2026-04-24T02:45+02:00,40.7
2026-04-24T03:00+02:00,40.75
2026-04-24T03:15+02:00,41.12
2026-04-24T03:30+02:00,41.73
2026-04-24T03:45+02:00,41.82
2026-04-24T04:00+02:00,40.92
2026-04-24T04:15+02:00,42.71
2026-04-24T04:30+02:00,44.34
2026-04-24T04:45+02:00,45.46
2026-04-24T05:00+02:00,42.35
2026-04-24T05:15+02:00,45.03
2026-04-24T05:30+02:00,46.95
2026-04-24T05:45+02:00,48.48
2026-04-24T06:00+02:00,47.96
2026-04-24T06:15+02:00,50.43
2026-04-24T06:30+02:00,52.25
2026-04-24T06:45+02:00,56.49
2026-04-24T07:00+02:00,53.09
2026-04-24T07:15+02:00,54.57
2026-04-24T07:30+02:00,53.72
2026-04-24T07:45+02:00,53.54
2026-04-24T08:00+02:00,79.99
2026-04-24T08:15+02:00,51.56
2026-04-24T08:30+02:00,48.07
2026-04-24T08:45+02:00,46.78
2026-04-24T09:00+02:00,47.12
2026-04-24T09:15+02:00,45.62
2026-04-24T09:30+02:00,43.69
2026-04-24T09:45+02:00,34
2026-04-24T10:00+02:00,39.68
2026-04-24T10:15+02:00,14.61
2026-04-24T10:30+02:00,6.95
2026-04-24T10:45+02:00,4.59
2026-04-24T11:00+02:00,7.52
2026-04-24T11:15+02:00,5.95
2026-04-24T11:30+02:00,5
2026-04-24T11:45+02:00,4.91
2026-04-24T12:00+02:00,5.08
2026-04-24T12:15+02:00,4.99
2026-04-24T12:30+02:00,4.72
2026-04-24T12:45+02:00,4.55
2026-04-24T13:00+02:00,4.29
2026-04-24T13:15+02:00,4.34
2026-04-24T13:30+02:00,3.96
2026-04-24T13:45+02:00,3.93
2026-04-24T14:00+02:00,3.8
2026-04-24T14:15+02:00,3.81
2026-04-24T14:30+02:00,3.81
2026-04-24T14:45+02:00,3.81
2026-04-24T15:00+02:00,4.33
2026-04-24T15:15+02:00,4.75
2026-04-24T15:30+02:00,6.13
2026-04-24T15:45+02:00,6.25
2026-04-24T16:00+02:00,5.64
2026-04-24T16:15+02:00,6.63
2026-04-24T16:30+02:00,7.87
2026-04-24T16:45+02:00,14.37
2026-04-24T17:00+02:00,9.95
2026-04-24T17:15+02:00,22.98
2026-04-24T17:30+02:00,41.42
2026-04-24T17:45+02:00,73.95
2026-04-24T18:00+02:00,42.14
2026-04-24T18:15+02:00,79.99
2026-04-24T18:30+02:00,85.8
2026-04-24T18:45+02:00,129.64
2026-04-24T19:00+02:00,94.18
2026-04-24T19:15+02:00,98.08
2026-04-24T19:30+02:00,105.76
2026-04-24T19:45+02:00,117.04
2026-04-24T20:00+02:00,129.37
2026-04-24T20:15+02:00,118.29
2026-04-24T20:30+02:00,109.93
2026-04-24T20:45+02:00,97.21
2026-04-24T21:00+02:00,100.07
2026-04-24T21:15+02:00,98.7
2026-04-24T21:30+02:00,96.54
2026-04-24T21:45+02:00,87.77
2026-04-24T22:00+02:00,97.07
2026-04-24T22:15+02:00,89.69
2026-04-24T22:30+02:00,77.07
2026-04-24T22:45+02:00,59.82
2026-04-24T23:00+02:00,84.19
2026-04-24T23:15+02:00,75.93
2026-04-24T23:30+02:00,52.23
2026-04-24T23:45+02:00,46.48
2026-04-25T00:00+02:00,44.32
2026-04-25T00:15+02:00,43.47
2026-04-25T00:30+02:00,42.43
2026-04-25T00:45+02:00,41.36
2026-04-25T01:00+02:00,40.14
2026-04-25T01:15+02:00,38.66
2026-04-25T01:30+02:00,38.34
2026-04-25T01:45+02:00,37.51
2026-04-25T02:00+02:00,37.44
2026-04-25T02:15+02:00,35.87
2026-04-25T02:30+02:00,34.74
2026-04-25T02:45+02:00,33.65
2026-04-25T03:00+02:00,33.78
2026-04-25T03:15+02:00,29.19
2026-04-25T03:30+02:00,26.09
2026-04-25T03:45+02:00,21.86
2026-04-25T04:00+02:00,27.48
2026-04-25T04:15+02:00,26.79
2026-04-25T04:30+02:00,25
2026-04-25T04:45+02:00,23.94
2026-04-25T05:00+02:00,28.87
2026-04-25T05:15+02:00,25.81
2026-04-25T05:30+02:00,23.61
2026-04-25T05:45+02:00,16.64
2026-04-25T06:00+02:00,21.84
2026-04-25T06:15+02:00,16.23
2026-04-25T06:30+02:00,15.93
2026-04-25T06:45+02:00,15.39
2026-04-25T07:00+02:00,15.41
2026-04-25T07:15+02:00,15.64
2026-04-25T07:30+02:00,13
2026-04-25T07:45+02:00,7.02
2026-04-25T08:00+02:00,11
2026-04-25T08:15+02:00,8.78
2026-04-25T08:30+02:00,4.33
2026-04-25T08:45+02:00,2.63
2026-04-25T09:00+02:00,1.83
2026-04-25T09:15+02:00,1.51
2026-04-25T09:30+02:00,0.84
2026-04-25T09:45+02:00,0.75
2026-04-25T10:00+02:00,0.58
2026-04-25T10:15+02:00,0.44
2026-04-25T10:30+02:00,-0.21
2026-04-25T10:45+02:00,-1.37
2026-04-25T11:00+02:00,-0.71
2026-04-25T11:15+02:00,-1.21
2026-04-25T11:30+02:00,-1.24
2026-04-25T11:45+02:00,-1.39
2026-04-25T12:00+02:00,-0.6
2026-04-25T12:15+02:00,-1.29
2026-04-25T12:30+02:00,-1.36
2026-04-25T12:45+02:00,-1.61
2026-04-25T13:00+02:00,-0.53
2026-04-25T13:15+02:00,-0.7
2026-04-25T13:30+02:00,-0.72
2026-04-25T13:45+02:00,-0.73
2026-04-25T14:00+02:00,-0.7
2026-04-25T14:15+02:00,-0.7
2026-04-25T14:30+02:00,-0.73
2026-04-25T14:45+02:00,-0.74
2026-04-25T15:00+02:00,-0.67
2026-04-25T15:15+02:00,-0.67
2026-04-25T15:30+02:00,-0.64
2026-04-25T15:45+02:00,-0.47
2026-04-25T16:00+02:00,-1.04
2026-04-25T16:15+02:00,-0.35
2026-04-25T16:30+02:00,-0.24
2026-04-25T16:45+02:00,-0.04
2026-04-25T17:00+02:00,0.08
2026-04-25T17:15+02:00,0.47
2026-04-25T17:30+02:00,0.59
2026-04-25T17:45+02:00,1.58
2026-04-25T18:00+02:00,1.69
2026-04-25T18:15+02:00,2.71
2026-04-25T18:30+02:00,4.23
2026-04-25T18:45+02:00,7.99
2026-04-25T19:00+02:00,5.39
2026-04-25T19:15+02:00,6.95
2026-04-25T19:30+02:00,16.63
2026-04-25T19:45+02:00,25.79
2026-04-25T20:00+02:00,18.75
2026-04-25T20:15+02:00,24.22
2026-04-25T20:30+02:00,22.9
2026-04-25T20:45+02:00,19.25
2026-04-25T21:00+02:00,29.39
2026-04-25T21:15+02:00,23.84
2026-04-25T21:30+02:00,16.89
2026-04-25T21:45+02:00,10.09
2026-04-25T22:00+02:00,27.67
2026-04-25T22:15+02:00,20.86
2026-04-25T22:30+02:00,18.67
2026-04-25T22:45+02:00,10.96
2026-04-25T23:00+02:00,10.17
2026-04-25T23:15+02:00,8.87
2026-04-25T23:30+02:00,6.95
2026-04-25T23:45+02:00,6.95
2026-04-26T00:00+02:00,6.72
2026-04-26T00:15+02:00,6.65
2026-04-26T00:30+02:00,5.96
2026-04-26T00:45+02:00,5.75
2026-04-26T01:00+02:00,6.6
2026-04-26T01:15+02:00,5.94
2026-04-26T01:30+02:00,5.57
2026-04-26T01:45+02:00,4.94
2026-04-26T02:00+02:00,5.53
2026-04-26T02:15+02:00,5.34
2026-04-26T02:30+02:00,4.92
2026-04-26T02:45+02:00,4.56
2026-04-26T03:00+02:00,5.53
2026-04-26T03:15+02:00,4.96
2026-04-26T03:30+02:00,4.4
2026-04-26T03:45+02:00,4.34
2026-04-26T04:00+02:00,5.62
2026-04-26T04:15+02:00,4.95
2026-04-26T04:30+02:00,4.83
2026-04-26T04:45+02:00,4.95
2026-04-26T05:00+02:00,5.19
2026-04-26T05:15+02:00,5.38
2026-04-26T05:30+02:00,5.72
2026-04-26T05:45+02:00,5.96
2026-04-26T06:00+02:00,5.22
2026-04-26T06:15+02:00,5.33
2026-04-26T06:30+02:00,6.13
2026-04-26T06:45+02:00,6.95
2026-04-26T07:00+02:00,5.9
2026-04-26T07:15+02:00,6.95
2026-04-26T07:30+02:00,6.75
2026-04-26T07:45+02:00,5.34
2026-04-26T08:00+02:00,8.16
2026-04-26T08:15+02:00,7.15
2026-04-26T08:30+02:00,6.61
2026-04-26T08:45+02:00,5.49
2026-04-26T09:00+02:00,7.53
2026-04-26T09:15+02:00,3.13
2026-04-26T09:30+02:00,1.59
2026-04-26T09:45+02:00,1.35
2026-04-26T10:00+02:00,1.09
2026-04-26T10:15+02:00,0.69
2026-04-26T10:30+02:00,0.63
2026-04-26T10:45+02:00,0.69
2026-04-26T11:00+02:00,0.72
2026-04-26T11:15+02:00,0.71
2026-04-26T11:30+02:00,0.71
2026-04-26T11:45+02:00,0.57
2026-04-26T12:00+02:00,0.15
2026-04-26T12:15+02:00,0
2026-04-26T12:30+02:00,-0.01
2026-04-26T12:45+02:00,-0.03
2026-04-26T13:00+02:00,-0.07
2026-04-26T13:15+02:00,-0.32
2026-04-26T13:30+02:00,-0.31
2026-04-26T13:45+02:00,-0.31
2026-04-26T14:00+02:00,0
2026-04-26T14:15+02:00,0
2026-04-26T14:30+02:00,0
2026-04-26T14:45+02:00,0.01
2026-04-26T15:00+02:00,-0.02
2026-04-26T15:15+02:00,0
2026-04-26T15:30+02:00,0
2026-04-26T15:45+02:00,0.57
2026-04-26T16:00+02:00,0.4
2026-04-26T16:15+02:00,0.73
2026-04-26T16:30+02:00,1.29
2026-04-26T16:45+02:00,1.69
2026-04-26T17:00+02:00,1.28
2026-04-26T17:15+02:00,1.51
2026-04-26T17:30+02:00,4.87
2026-04-26T17:45+02:00,24.67
2026-04-26T18:00+02:00,27.36
2026-04-26T18:15+02:00,36.47
2026-04-26T18:30+02:00,40.86
2026-04-26T18:45+02:00,43.04
2026-04-26T19:00+02:00,40.7
2026-04-26T19:15+02:00,43.74
2026-04-26T19:30+02:00,45.27
2026-04-26T19:45+02:00,46.57
2026-04-26T20:00+02:00,46.53
2026-04-26T20:15+02:00,46.5
2026-04-26T20:30+02:00,46.53
2026-04-26T20:45+02:00,46.27
2026-04-26T21:00+02:00,46.84
2026-04-26T21:15+02:00,47.02
2026-04-26T21:30+02:00,46.28
2026-04-26T21:45+02:00,46.1
2026-04-26T22:00+02:00,46.85
2026-04-26T22:15+02:00,46.4
2026-04-26T22:30+02:00,45.91
2026-04-26T22:45+02:00,44.63
2026-04-26T23:00+02:00,45.15
2026-04-26T23:15+02:00,44.82
2026-04-26T23:30+02:00,44.51
2026-04-26T23:45+02:00,43.68
2026-04-27T00:00+02:00,45.31
2026-04-27T00:15+02:00,44.19
2026-04-27T00:30+02:00,43.89
2026-04-27T00:45+02:00,43.83
2026-04-27T01:00+02:00,44.19
2026-04-27T01:15+02:00,43.91
2026-04-27T01:30+02:00,43.95
2026-04-27T01:45+02:00,43.9
2026-04-27T02:00+02:00,43.54
2026-04-27T02:15+02:00,43.64
2026-04-27T02:30+02:00,43.82
2026-04-27T02:45+02:00,42.37
2026-04-27T03:00+02:00,42.57
2026-04-27T03:15+02:00,42.43
2026-04-27T03:30+02:00,43.06
2026-04-27T03:45+02:00,44.18
2026-04-27T04:00+02:00,43
2026-04-27T04:15+02:00,44.99
2026-04-27T04:30+02:00,46.54
2026-04-27T04:45+02:00,47.19
2026-04-27T05:00+02:00,46
2026-04-27T05:15+02:00,47.54
2026-04-27T05:30+02:00,49.76
2026-04-27T05:45+02:00,52.99
2026-04-27T06:00+02:00,71.34
2026-04-27T06:15+02:00,99.99
2026-04-27T06:30+02:00,124.33
2026-04-27T06:45+02:00,142.86
2026-04-27T07:00+02:00,166.51
2026-04-27T07:15+02:00,156.67
2026-04-27T07:30+02:00,133.05
2026-04-27T07:45+02:00,105.93
2026-04-27T08:00+02:00,150.67
2026-04-27T08:15+02:00,111.54
2026-04-27T08:30+02:00,95.68
2026-04-27T08:45+02:00,63.52
2026-04-27T09:00+02:00,62.26
2026-04-27T09:15+02:00,57.38
2026-04-27T09:30+02:00,49.24
2026-04-27T09:45+02:00,45.98
2026-04-27T10:00+02:00,52.37
2026-04-27T10:15+02:00,48.02
2026-04-27T10:30+02:00,33.49
2026-04-27T10:45+02:00,23.81
2026-04-27T11:00+02:00,20.36
2026-04-27T11:15+02:00,16.74
2026-04-27T11:30+02:00,14.68
2026-04-27T11:45+02:00,13.38
2026-04-27T12:00+02:00,14.7
2026-04-27T12:15+02:00,12.67
2026-04-27T12:30+02:00,11.62
2026-04-27T12:45+02:00,11.39
2026-04-27T13:00+02:00,10.23
2026-04-27T13:15+02:00,10.23
2026-04-27T13:30+02:00,9.87
2026-04-27T13:45+02:00,9.68
2026-04-27T14:00+02:00,11.54
2026-04-27T14:15+02:00,11.08
2026-04-27T14:30+02:00,11.04
2026-04-27T14:45+02:00,11.2
2026-04-27T15:00+02:00,10
2026-04-27T15:15+02:00,9.89
2026-04-27T15:30+02:00,10.46
2026-04-27T15:45+02:00,15.81
2026-04-27T16:00+02:00,13.19
2026-04-27T16:15+02:00,31.8
2026-04-27T16:30+02:00,43.45
2026-04-27T16:45+02:00,46.87
2026-04-27T17:00+02:00,43.76
2026-04-27T17:15+02:00,47.95
2026-04-27T17:30+02:00,50.72
2026-04-27T17:45+02:00,54.64
2026-04-27T18:00+02:00,50.3
2026-04-27T18:15+02:00,48.51
2026-04-27T18:30+02:00,54.22
2026-04-27T18:45+02:00,67.33
2026-04-27T19:00+02:00,63.36
2026-04-27T19:15+02:00,75.95
2026-04-27T19:30+02:00,83.61
2026-04-27T19:45+02:00,100.87
2026-04-27T20:00+02:00,84.79
2026-04-27T20:15+02:00,87.16
2026-04-27T20:30+02:00,85.06
2026-04-27T20:45+02:00,74.68
2026-04-27T21:00+02:00,91.01
2026-04-27T21:15+02:00,76.08
2026-04-27T21:30+02:00,67.63
2026-04-27T21:45+02:00,61.83
2026-04-27T22:00+02:00,71.75
2026-04-27T22:15+02:00,67.84
2026-04-27T22:30+02:00,62.49
2026-04-27T22:45+02:00,58.13
2026-04-27T23:00+02:00,61.71
2026-04-27T23:15+02:00,58.86
2026-04-27T23:30+02:00,53.12
2026-04-27T23:45+02:00,48.53
2026-04-28T00:00+02:00,56.14
2026-04-28T00:15+02:00,57.83
2026-04-28T00:30+02:00,50.67
2026-04-28T00:45+02:00,43.33
2026-04-28T01:00+02:00,56.32
2026-04-28T01:15+02:00,47.91
2026-04-28T01:30+02:00,43.12
2026-04-28T01:45+02:00,42.32
2026-04-28T02:00+02:00,42.15
2026-04-28T02:15+02:00,42.28
2026-04-28T02:30+02:00,44.17
2026-04-28T02:45+02:00,42.83
2026-04-28T03:00+02:00,42.92
2026-04-28T03:15+02:00,48.1
2026-04-28T03:30+02:00,49.06
2026-04-28T03:45+02:00,49.12
2026-04-28T04:00+02:00,50.12
2026-04-28T04:15+02:00,50.8
2026-04-28T04:30+02:00,52.56
2026-04-28T04:45+02:00,55.76
2026-04-28T05:00+02:00,52.19
2026-04-28T05:15+02:00,55.59
2026-04-28T05:30+02:00,58.3
2026-04-28T05:45+02:00,61.58
2026-04-28T06:00+02:00,105.51
2026-04-28T06:15+02:00,110.31
2026-04-28T06:30+02:00,116.13
2026-04-28T06:45+02:00,116.85
2026-04-28T07:00+02:00,118.64
2026-04-28T07:15+02:00,107.57
2026-04-28T07:30+02:00,96.99
2026-04-28T07:45+02:00,88.84
2026-04-28T08:00+02:00,110.08
2026-04-28T08:15+02:00,99.07
2026-04-28T08:30+02:00,85.06
2026-04-28T08:45+02:00,72.8
2026-04-28T09:00+02:00,83.34
2026-04-28T09:15+02:00,63.16
2026-04-28T09:30+02:00,52.5
2026-04-28T09:45+02:00,37.04
2026-04-28T10:00+02:00,51.32
2026-04-28T10:15+02:00,21.8
2026-04-28T10:30+02:00,13.27
2026-04-28T10:45+02:00,10.01
2026-04-28T11:00+02:00,14.37
2026-04-28T11:15+02:00,14.9
2026-04-28T11:30+02:00,10.01
2026-04-28T11:45+02:00,8.22
2026-04-28T12:00+02:00,11.57
2026-04-28T12:15+02:00,13.13
2026-04-28T12:30+02:00,10.75
2026-04-28T12:45+02:00,10.47
2026-04-28T13:00+02:00,12.23
2026-04-28T13:15+02:00,10.62
2026-04-28T13:30+02:00,10.33
2026-04-28T13:45+02:00,10.3
2026-04-28T14:00+02:00,9.46
2026-04-28T14:15+02:00,8.89
2026-04-28T14:30+02:00,8.82
2026-04-28T14:45+02:00,8.73
2026-04-28T15:00+02:00,6.46
2026-04-28T15:15+02:00,6.54
2026-04-28T15:30+02:00,6.69
2026-04-28T15:45+02:00,7.28
2026-04-28T16:00+02:00,5.92
2026-04-28T16:15+02:00,6.85
2026-04-28T16:30+02:00,9.3
2026-04-28T16:45+02:00,13.44
2026-04-28T17:00+02:00,8.01
2026-04-28T17:15+02:00,12.55
2026-04-28T17:30+02:00,39.81
2026-04-28T17:45+02:00,71.34
2026-04-28T18:00+02:00,49.86
2026-04-28T18:15+02:00,78.57
2026-04-28T18:30+02:00,105.16
2026-04-28T18:45+02:00,119.73
2026-04-28T19:00+02:00,101.93
2026-04-28T19:15+02:00,113.66
2026-04-28T19:30+02:00,118.55
2026-04-28T19:45+02:00,129.2
2026-04-28T20:00+02:00,114.91
2026-04-28T20:15+02:00,109.39
2026-04-28T20:30+02:00,113.32
2026-04-28T20:45+02:00,109.97
2026-04-28T21:00+02:00,116.23
2026-04-28T21:15+02:00,113.07
2026-04-28T21:30+02:00,108.3
2026-04-28T21:45+02:00,100.87
2026-04-28T22:00+02:00,108.71
2026-04-28T22:15+02:00,98.11
2026-04-28T22:30+02:00,97.75
2026-04-28T22:45+02:00,90.73
2026-04-28T23:00+02:00,85.42
2026-04-28T23:15+02:00,79.99
2026-04-28T23:30+02:00,73.84
2026-04-28T23:45+02:00,69.26
2026-04-29T00:00+02:00,71.37
2026-04-29T00:15+02:00,70.42
2026-04-29T00:30+02:00,69.87
2026-04-29T00:45+02:00,69.05
2026-04-29T01:00+02:00,69.48
2026-04-29T01:15+02:00,70.37
2026-04-29T01:30+02:00,72.79
2026-04-29T01:45+02:00,72.6
2026-04-29T02:00+02:00,72.29
2026-04-29T02:15+02:00,72.97
2026-04-29T02:30+02:00,74.04
2026-04-29T02:45+02:00,78.99
2026-04-29T03:00+02:00,73.49
2026-04-29T03:15+02:00,78.91
2026-04-29T03:30+02:00,84.16
2026-04-29T03:45+02:00,88.98
2026-04-29T04:00+02:00,89.48
2026-04-29T04:15+02:00,95.24
2026-04-29T04:30+02:00,96.47
2026-04-29T04:45+02:00,98.7
2026-04-29T05:00+02:00,97.17
2026-04-29T05:15+02:00,101.38
2026-04-29T05:30+02:00,109.67
2026-04-29T05:45+02:00,113.29
2026-04-29T06:00+02:00,119.5
2026-04-29T06:15+02:00,133.9
2026-04-29T06:30+02:00,145.94
2026-04-29T06:45+02:00,145.94
2026-04-29T07:00+02:00,149.34
2026-04-29T07:15+02:00,129.7
2026-04-29T07:30+02:00,119.8
2026-04-29T07:45+02:00,108.78
2026-04-29T08:00+02:00,130.18
2026-04-29T08:15+02:00,117.47
2026-04-29T08:30+02:00,106.31
2026-04-29T08:45+02:00,95.13
2026-04-29T09:00+02:00,103.21
2026-04-29T09:15+02:00,94.22
2026-04-29T09:30+02:00,56.09
2026-04-29T09:45+02:00,38.46
2026-04-29T10:00+02:00,39.08
2026-04-29T10:15+02:00,35.24
2026-04-29T10:30+02:00,34.04
2026-04-29T10:45+02:00,32.33
2026-04-29T11:00+02:00,37.09
2026-04-29T11:15+02:00,32.87
2026-04-29T11:30+02:00,30.75
2026-04-29T11:45+02:00,30.71
2026-04-29T12:00+02:00,27.24
2026-04-29T12:15+02:00,26.17
2026-04-29T12:30+02:00,22.51
2026-04-29T12:45+02:00,19.71
2026-04-29T13:00+02:00,23.15
2026-04-29T13:15+02:00,23.12
2026-04-29T13:30+02:00,20.92
2026-04-29T13:45+02:00,20.58
2026-04-29T14:00+02:00,20
2026-04-29T14:15+02:00,19.96
2026-04-29T14:30+02:00,18.52
2026-04-29T14:45+02:00,18.4
2026-04-29T15:00+02:00,16.76
2026-04-29T15:15+02:00,15.3
2026-04-29T15:30+02:00,14.46
2026-04-29T15:45+02:00,15.59
2026-04-29T16:00+02:00,15.64
2026-04-29T16:15+02:00,20.51
2026-04-29T16:30+02:00,23.43
2026-04-29T16:45+02:00,29.31
2026-04-29T17:00+02:00,19.78
2026-04-29T17:15+02:00,24.26
2026-04-29T17:30+02:00,27.86
2026-04-29T17:45+02:00,74.1
2026-04-29T18:00+02:00,43.77
2026-04-29T18:15+02:00,81.26
2026-04-29T18:30+02:00,104.08
2026-04-29T18:45+02:00,120.06
2026-04-29T19:00+02:00,101.57
2026-04-29T19:15+02:00,109.01
2026-04-29T19:30+02:00,126.34
2026-04-29T19:45+02:00,156.15
2026-04-29T20:00+02:00,158.11
2026-04-29T20:15+02:00,164.6
2026-04-29T20:30+02:00,167.17
2026-04-29T20:45+02:00,160.83
2026-04-29T21:00+02:00,170
2026-04-29T21:15+02:00,143
2026-04-29T21:30+02:00,127.33
2026-04-29T21:45+02:00,121.88
2026-04-29T22:00+02:00,126.92
2026-04-29T22:15+02:00,120.1
2026-04-29T22:30+02:00,116.91
2026-04-29T22:45+02:00,105.79
2026-04-29T23:00+02:00,115.47
2026-04-29T23:15+02:00,109.25
2026-04-29T23:30+02:00,106.32
2026-04-29T23:45+02:00,101.08
2026-04-30T00:00+02:00,75.17
2026-04-30T00:15+02:00,72.41
2026-04-30T00:30+02:00,66.86
2026-04-30T00:45+02:00,64
2026-04-30T01:00+02:00,100.66
2026-04-30T01:15+02:00,91.74
2026-04-30T01:30+02:00,87
2026-04-30T01:45+02:00,84.5
2026-04-30T02:00+02:00,89.99
2026-04-30T02:15+02:00,90
2026-04-30T02:30+02:00,87
2026-04-30T02:45+02:00,86.99
2026-04-30T03:00+02:00,78.99
2026-04-30T03:15+02:00,78.62
2026-04-30T03:30+02:00,75.28
2026-04-30T03:45+02:00,68.19
2026-04-30T04:00+02:00,65.92
2026-04-30T04:15+02:00,66.72
2026-04-30T04:30+02:00,72.36
2026-04-30T04:45+02:00,79
2026-04-30T05:00+02:00,86.99
2026-04-30T05:15+02:00,105.6
2026-04-30T05:30+02:00,119.38
2026-04-30T05:45+02:00,125.83
2026-04-30T06:00+02:00,90.22
2026-04-30T06:15+02:00,116.95
2026-04-30T06:30+02:00,141.51
2026-04-30T06:45+02:00,132.5
2026-04-30T07:00+02:00,157.35
2026-04-30T07:15+02:00,141.85
2026-04-30T07:30+02:00,119.72
2026-04-30T07:45+02:00,93.17
2026-04-30T08:00+02:00,126.26
2026-04-30T08:15+02:00,112.92
2026-04-30T08:30+02:00,90
2026-04-30T08:45+02:00,47.22
2026-04-30T09:00+02:00,119.14
2026-04-30T09:15+02:00,64.04
2026-04-30T09:30+02:00,15.49
2026-04-30T09:45+02:00,5.53
2026-04-30T10:00+02:00,9.74
2026-04-30T10:15+02:00,6.15
2026-04-30T10:30+02:00,5.59
2026-04-30T10:45+02:00,5.37
2026-04-30T11:00+02:00,6.61
2026-04-30T11:15+02:00,5.55
2026-04-30T11:30+02:00,5.46
2026-04-30T11:45+02:00,4.66
2026-04-30T12:00+02:00,4.56
2026-04-30T12:15+02:00,3.48
2026-04-30T12:30+02:00,3.37
2026-04-30T12:45+02:00,3.17
2026-04-30T13:00+02:00,5.37
2026-04-30T13:15+02:00,5.47
2026-04-30T13:30+02:00,5.04
2026-04-30T13:45+02:00,4.39
2026-04-30T14:00+02:00,1.97
2026-04-30T14:15+02:00,2.65
2026-04-30T14:30+02:00,3.05
2026-04-30T14:45+02:00,3.06
2026-04-30T15:00+02:00,3.05
2026-04-30T15:15+02:00,3.68
2026-04-30T15:30+02:00,4.66
2026-04-30T15:45+02:00,5.04
2026-04-30T16:00+02:00,5.63
2026-04-30T16:15+02:00,6.75
2026-04-30T16:30+02:00,12.03
2026-04-30T16:45+02:00,14.99
2026-04-30T17:00+02:00,5.94
2026-04-30T17:15+02:00,11.62
2026-04-30T17:30+02:00,18.26
2026-04-30T17:45+02:00,73.28
2026-04-30T18:00+02:00,32.73
2026-04-30T18:15+02:00,95.08
2026-04-30T18:30+02:00,123.22
2026-04-30T18:45+02:00,147.04
2026-04-30T19:00+02:00,112.3
2026-04-30T19:15+02:00,130.97
2026-04-30T19:30+02:00,153.16
2026-04-30T19:45+02:00,173.79
2026-04-30T20:00+02:00,130.49
2026-04-30T20:15+02:00,112.43
2026-04-30T20:30+02:00,100.56
2026-04-30T20:45+02:00,89.52
2026-04-30T21:00+02:00,127.15
2026-04-30T21:15+02:00,107.76
2026-04-30T21:30+02:00,91.5
2026-04-30T21:45+02:00,84.2
2026-04-30T22:00+02:00,87
2026-04-30T22:15+02:00,70.66
2026-04-30T22:30+02:00,71
2026-04-30T22:45+02:00,37.75
2026-04-30T23:00+02:00,69.99
2026-04-30T23:15+02:00,43.76
2026-04-30T23:30+02:00,30.06
2026-04-30T23:45+02:00,21.54
2026-05-01T00:00+02:00,27.25
2026-05-01T00:15+02:00,23.32
2026-05-01T00:30+02:00,19.54
2026-05-01T00:45+02:00,18.17
2026-05-01T01:00+02:00,19.8
2026-05-01T01:15+02:00,19.8
2026-05-01T01:30+02:00,18.31
2026-05-01T01:45+02:00,17.31
2026-05-01T02:00+02:00,18.03
2026-05-01T02:15+02:00,18.24
2026-05-01T02:30+02:00,17.92
2026-05-01T02:45+02:00,16.85
2026-05-01T03:00+02:00,18.8
2026-05-01T03:15+02:00,19.84
2026-05-01T03:30+02:00,17.9
2026-05-01T03:45+02:00,16.91
2026-05-01T04:00+02:00,20.06
2026-05-01T04:15+02:00,20.07
2026-05-01T04:30+02:00,20
2026-05-01T04:45+02:00,20.53
2026-05-01T05:00+02:00,20.63
2026-05-01T05:15+02:00,19.81
2026-05-01T05:30+02:00,18.04
2026-05-01T05:45+02:00,16.8
2026-05-01T06:00+02:00,20.63
2026-05-01T06:15+02:00,20.54
2026-05-01T06:30+02:00,20.33
2026-05-01T06:45+02:00,18.49
2026-05-01T07:00+02:00,16.92
2026-05-01T07:15+02:00,17
2026-05-01T07:30+02:00,18.3
2026-05-01T07:45+02:00,18.29
2026-05-01T08:00+02:00,20.99
2026-05-01T08:15+02:00,22.3
2026-05-01T08:30+02:00,7.2
2026-05-01T08:45+02:00,2.79
2026-05-01T09:00+02:00,5.03
2026-05-01T09:15+02:00,4.03
2026-05-01T09:30+02:00,2.59
2026-05-01T09:45+02:00,2.24
2026-05-01T10:00+02:00,2.41
2026-05-01T10:15+02:00,1.45
2026-05-01T10:30+02:00,0.94
2026-05-01T10:45+02:00,0.78
2026-05-01T11:00+02:00,0.84
2026-05-01T11:15+02:00,0.75
2026-05-01T11:30+02:00,0.52
2026-05-01T11:45+02:00,0.41
2026-05-01T12:00+02:00,-0.56
2026-05-01T12:15+02:00,-0.53
2026-05-01T12:30+02:00,-0.43
2026-05-01T12:45+02:00,-1.5
2026-05-01T13:00+02:00,-1.49
2026-05-01T13:15+02:00,-2.13
2026-05-01T13:30+02:00,-3.41
2026-05-01T13:45+02:00,-4.65
2026-05-01T14:00+02:00,-4.69
2026-05-01T14:15+02:00,-4.62
2026-05-01T14:30+02:00,-4.54
2026-05-01T14:45+02:00,-4.53
2026-05-01T15:00+02:00,-4.52
2026-05-01T15:15+02:00,-4.1
2026-05-01T15:30+02:00,-3.86
2026-05-01T15:45+02:00,-2.35
2026-05-01T16:00+02:00,-1.01
2026-05-01T16:15+02:00,-0.02
2026-05-01T16:30+02:00,0.01
2026-05-01T16:45+02:00,0.77
2026-05-01T17:00+02:00,0.48
2026-05-01T17:15+02:00,1.1
2026-05-01T17:30+02:00,4.4
2026-05-01T17:45+02:00,19.25
2026-05-01T18:00+02:00,5.07
2026-05-01T18:15+02:00,10.84
2026-05-01T18:30+02:00,16.74
2026-05-01T18:45+02:00,20.53
2026-05-01T19:00+02:00,16.72
2026-05-01T19:15+02:00,16.69
2026-05-01T19:30+02:00,17.27
2026-05-01T19:45+02:00,15.58
2026-05-01T20:00+02:00,17.53
2026-05-01T20:15+02:00,14.36
2026-05-01T20:30+02:00,13.63
2026-05-01T20:45+02:00,10.3
2026-05-01T21:00+02:00,15.12
2026-05-01T21:15+02:00,14.95
2026-05-01T21:30+02:00,13.25
2026-05-01T21:45+02:00,10.01
2026-05-01T22:00+02:00,13.83
2026-05-01T22:15+02:00,10.04
2026-05-01T22:30+02:00,8.37
2026-05-01T22:45+02:00,7.3
2026-05-01T23:00+02:00,10
2026-05-01T23:15+02:00,9.21
2026-05-01T23:30+02:00,7.31
2026-05-01T23:45+02:00,6.95
2026-05-02T00:00+02:00,6.95
2026-05-02T00:15+02:00,5.68
2026-05-02T00:30+02:00,5
2026-05-02T00:45+02:00,4.95
2026-05-02T01:00+02:00,4.56
2026-05-02T01:15+02:00,4.51
2026-05-02T01:30+02:00,4.49
2026-05-02T01:45+02:00,4.47
2026-05-02T02:00+02:00,4.44
2026-05-02T02:15+02:00,4.45
2026-05-02T02:30+02:00,4.44
2026-05-02T02:45+02:00,4.42
2026-05-02T03:00+02:00,4.43
2026-05-02T03:15+02:00,4.44
2026-05-02T03:30+02:00,4.44
2026-05-02T03:45+02:00,4.45
2026-05-02T04:00+02:00,4.43
2026-05-02T04:15+02:00,4.45
2026-05-02T04:30+02:00,4.46
2026-05-02T04:45+02:00,4.47
2026-05-02T05:00+02:00,4.45
2026-05-02T05:15+02:00,4.44
2026-05-02T05:30+02:00,4.42
2026-05-02T05:45+02:00,4.44
2026-05-02T06:00+02:00,4.39
2026-05-02T06:15+02:00,4.43
2026-05-02T06:30+02:00,4.47
2026-05-02T06:45+02:00,4.52
2026-05-02T07:00+02:00,4.99
2026-05-02T07:15+02:00,5.07
2026-05-02T07:30+02:00,5.83
2026-05-02T07:45+02:00,6.75
2026-05-02T08:00+02:00,7.6
2026-05-02T08:15+02:00,6.95
2026-05-02T08:30+02:00,5.08
2026-05-02T08:45+02:00,2.95
2026-05-02T09:00+02:00,4.43
2026-05-02T09:15+02:00,1.86
2026-05-02T09:30+02:00,0.64
2026-05-02T09:45+02:00,0.57
2026-05-02T10:00+02:00,0.6
2026-05-02T10:15+02:00,0.42
2026-05-02T10:30+02:00,-0.01
2026-05-02T10:45+02:00,-0.65
2026-05-02T11:00+02:00,-1.03
2026-05-02T11:15+02:00,-2.2
2026-05-02T11:30+02:00,-2.45
2026-05-02T11:45+02:00,-2.48
2026-05-02T12:00+02:00,-2.53
2026-05-02T12:15+02:00,-2.8
2026-05-02T12:30+02:00,-3.06
2026-05-02T12:45+02:00,-3.65
2026-05-02T13:00+02:00,-4.33
2026-05-02T13:15+02:00,-4.69
2026-05-02T13:30+02:00,-4.85
2026-05-02T13:45+02:00,-4.85
2026-05-02T14:00+02:00,-4.85
2026-05-02T14:15+02:00,-4.75
2026-05-02T14:30+02:00,-4.72
2026-05-02T14:45+02:00,-4.37
2026-05-02T15:00+02:00,-4.48
2026-05-02T15:15+02:00,-2.98
2026-05-02T15:30+02:00,-2.51
2026-05-02T15:45+02:00,-1.52
2026-05-02T16:00+02:00,-0.06
2026-05-02T16:15+02:00,0.01
2026-05-02T16:30+02:00,0.39
2026-05-02T16:45+02:00,0.69
2026-05-02T17:00+02:00,0.97
2026-05-02T17:15+02:00,3.95
2026-05-02T17:30+02:00,4.99
2026-05-02T17:45+02:00,7.15
2026-05-02T18:00+02:00,4.68
2026-05-02T18:15+02:00,5.3
2026-05-02T18:30+02:00,9.62
2026-05-02T18:45+02:00,12.34
2026-05-02T19:00+02:00,10.02
2026-05-02T19:15+02:00,12.16
2026-05-02T19:30+02:00,15.05
2026-05-02T19:45+02:00,19.44
2026-05-02T20:00+02:00,13.92
2026-05-02T20:15+02:00,15.07
2026-05-02T20:30+02:00,18.75
2026-05-02T20:45+02:00,19.03
2026-05-02T21:00+02:00,18.98
2026-05-02T21:15+02:00,17.4
2026-05-02T21:30+02:00,15.63
2026-05-02T21:45+02:00,14.68
2026-05-02T22:00+02:00,18.31
2026-05-02T22:15+02:00,14.55
2026-05-02T22:30+02:00,12.73
2026-05-02T22:45+02:00,11.43
2026-05-02T23:00+02:00,12.57
2026-05-02T23:15+02:00,11.24
2026-05-02T23:30+02:00,10
2026-05-02T23:45+02:00,7.36
2026-05-03T00:00+02:00,19.14
2026-05-03T00:15+02:00,16.83
2026-05-03T00:30+02:00,15.2
2026-05-03T00:45+02:00,13.78
2026-05-03T01:00+02:00,17.18
2026-05-03T01:15+02:00,15.29
2026-05-03T01:30+02:00,14.8
2026-05-03T01:45+02:00,13.12
2026-05-03T02:00+02:00,13.23
2026-05-03T02:15+02:00,14.76
2026-05-03T02:30+02:00,15.65
2026-05-03T02:45+02:00,18.36
2026-05-03T03:00+02:00,13.36
2026-05-03T03:15+02:00,17.57
2026-05-03T03:30+02:00,18.78
2026-05-03T03:45+02:00,20.86
2026-05-03T04:00+02:00,18.62
2026-05-03T04:15+02:00,20.72
2026-05-03T04:30+02:00,21.36
2026-05-03T04:45+02:00,21.56
2026-05-03T05:00+02:00,19.77
2026-05-03T05:15+02:00,21.27
2026-05-03T05:30+02:00,24.22
2026-05-03T05:45+02:00,27.17
2026-05-03T06:00+02:00,20.02
2026-05-03T06:15+02:00,21.88
2026-05-03T06:30+02:00,26.83
2026-05-03T06:45+02:00,37.01
2026-05-03T07:00+02:00,21.33
2026-05-03T07:15+02:00,26.79
2026-05-03T07:30+02:00,32.43
2026-05-03T07:45+02:00,36.66
2026-05-03T08:00+02:00,32.11
2026-05-03T08:15+02:00,27.97
2026-05-03T08:30+02:00,31.98
2026-05-03T08:45+02:00,39.54
2026-05-03T09:00+02:00,44.88
2026-05-03T09:15+02:00,36.24
2026-05-03T09:30+02:00,26.52
2026-05-03T09:45+02:00,20.1
2026-05-03T10:00+02:00,34.69
2026-05-03T10:15+02:00,29.53
2026-05-03T10:30+02:00,23.36
2026-05-03T10:45+02:00,18.87
2026-05-03T11:00+02:00,29.7
2026-05-03T11:15+02:00,25.62
2026-05-03T11:30+02:00,25.34
2026-05-03T11:45+02:00,25
2026-05-03T12:00+02:00,24.79
2026-05-03T12:15+02:00,27.44
2026-05-03T12:30+02:00,29.79
2026-05-03T12:45+02:00,33.33
2026-05-03T13:00+02:00,27.72
2026-05-03T13:15+02:00,29.7
2026-05-03T13:30+02:00,31.34
2026-05-03T13:45+02:00,29.76
2026-05-03T14:00+02:00,28.17
2026-05-03T14:15+02:00,31.14
2026-05-03T14:30+02:00,31.92
2026-05-03T14:45+02:00,34.67
2026-05-03T15:00+02:00,25.2
2026-05-03T15:15+02:00,29.84
2026-05-03T15:30+02:00,38.08
2026-05-03T15:45+02:00,47.99
2026-05-03T16:00+02:00,24.32
2026-05-03T16:15+02:00,34.88
2026-05-03T16:30+02:00,56.25
2026-05-03T16:45+02:00,69.5
2026-05-03T17:00+02:00,28.49
2026-05-03T17:15+02:00,66.1
2026-05-03T17:30+02:00,88.5
2026-05-03T17:45+02:00,100.96
2026-05-03T18:00+02:00,97.52
2026-05-03T18:15+02:00,112.37
2026-05-03T18:30+02:00,126.29
2026-05-03T18:45+02:00,136.88
2026-05-03T19:00+02:00,113.93
2026-05-03T19:15+02:00,119.58
2026-05-03T19:30+02:00,129.43
2026-05-03T19:45+02:00,149.39
2026-05-03T20:00+02:00,131.14
2026-05-03T20:15+02:00,139
2026-05-03T20:30+02:00,133.03
2026-05-03T20:45+02:00,128.78
2026-05-03T21:00+02:00,143.67
2026-05-03T21:15+02:00,131.37
2026-05-03T21:30+02:00,125.3
2026-05-03T21:45+02:00,119.6
2026-05-03T22:00+02:00,135.35
2026-05-03T22:15+02:00,128.85
2026-05-03T22:30+02:00,116.46
2026-05-03T22:45+02:00,109.33
2026-05-03T23:00+02:00,126.9
2026-05-03T23:15+02:00,113.34
2026-05-03T23:30+02:00,107.73
2026-05-03T23:45+02:00,105.15
2026-05-04T00:00+02:00,79.66
2026-05-04T00:15+02:00,75.44
2026-05-04T00:30+02:00,69.91
2026-05-04T00:45+02:00,68.23
2026-05-04T01:00+02:00,71.38
2026-05-04T01:15+02:00,69.87
2026-05-04T01:30+02:00,69.14
2026-05-04T01:45+02:00,66.35
2026-05-04T02:00+02:00,72.87
2026-05-04T02:15+02:00,70.56
2026-05-04T02:30+02:00,69.32
2026-05-04T02:45+02:00,68.38
2026-05-04T03:00+02:00,68.38
2026-05-04T03:15+02:00,68.13
2026-05-04T03:30+02:00,68.25
2026-05-04T03:45+02:00,69.27
2026-05-04T04:00+02:00,67.79
2026-05-04T04:15+02:00,69.4
2026-05-04T04:30+02:00,70.85
2026-05-04T04:45+02:00,72.2
2026-05-04T05:00+02:00,65.33
2026-05-04T05:15+02:00,71.98
2026-05-04T05:30+02:00,82.41
2026-05-04T05:45+02:00,92.75
2026-05-04T06:00+02:00,80.73
2026-05-04T06:15+02:00,94.8
2026-05-04T06:30+02:00,100
2026-05-04T06:45+02:00,118.82
2026-05-04T07:00+02:00,111.18
2026-05-04T07:15+02:00,130.29
2026-05-04T07:30+02:00,128.47
2026-05-04T07:45+02:00,119.95
2026-05-04T08:00+02:00,141.78
2026-05-04T08:15+02:00,132.31
2026-05-04T08:30+02:00,122.91
2026-05-04T08:45+02:00,100
2026-05-04T09:00+02:00,116.16
2026-05-04T09:15+02:00,97.38
2026-05-04T09:30+02:00,90.66
2026-05-04T09:45+02:00,81.75
2026-05-04T10:00+02:00,90.62
2026-05-04T10:15+02:00,84.05
2026-05-04T10:30+02:00,80.71
2026-05-04T10:45+02:00,72.18
2026-05-04T11:00+02:00,80.44
2026-05-04T11:15+02:00,78.22
2026-05-04T11:30+02:00,78.96
2026-05-04T11:45+02:00,59.02
2026-05-04T12:00+02:00,79.99
2026-05-04T12:15+02:00,56.13
2026-05-04T12:30+02:00,41.31
2026-05-04T12:45+02:00,32.66
2026-05-04T13:00+02:00,47.52
2026-05-04T13:15+02:00,41.98
2026-05-04T13:30+02:00,33.58
2026-05-04T13:45+02:00,31.32
2026-05-04T14:00+02:00,41.83
2026-05-04T14:15+02:00,36.65
2026-05-04T14:30+02:00,35.71
2026-05-04T14:45+02:00,37.8
2026-05-04T15:00+02:00,35.55
2026-05-04T15:15+02:00,41.11
2026-05-04T15:30+02:00,36.43
2026-05-04T15:45+02:00,40.76
2026-05-04T16:00+02:00,26.94
2026-05-04T16:15+02:00,33.68
2026-05-04T16:30+02:00,41.26
2026-05-04T16:45+02:00,52.21
2026-05-04T17:00+02:00,35.01
2026-05-04T17:15+02:00,45.16
2026-05-04T17:30+02:00,62.07
2026-05-04T17:45+02:00,90.72
2026-05-04T18:00+02:00,59.99
2026-05-04T18:15+02:00,65.68
2026-05-04T18:30+02:00,98.38
2026-05-04T18:45+02:00,102.36
2026-05-04T19:00+02:00,100
2026-05-04T19:15+02:00,101.55
2026-05-04T19:30+02:00,101.52
2026-05-04T19:45+02:00,104.7
2026-05-04T20:00+02:00,106.28
2026-05-04T20:15+02:00,101.72
2026-05-04T20:30+02:00,100.72
2026-05-04T20:45+02:00,99.99
2026-05-04T21:00+02:00,109.27
2026-05-04T21:15+02:00,101.51
2026-05-04T21:30+02:00,97.41
2026-05-04T21:45+02:00,91.9
2026-05-04T22:00+02:00,98.22
2026-05-04T22:15+02:00,93.14
2026-05-04T22:30+02:00,87.52
2026-05-04T22:45+02:00,83.97
2026-05-04T23:00+02:00,90.52
2026-05-04T23:15+02:00,87.22
2026-05-04T23:30+02:00,82.35
2026-05-04T23:45+02:00,77.3
2026-05-05T00:00+02:00,75
2026-05-05T00:15+02:00,47.65
2026-05-05T00:30+02:00,35.08
2026-05-05T00:45+02:00,30.35
2026-05-05T01:00+02:00,36.86
2026-05-05T01:15+02:00,34.99
2026-05-05T01:30+02:00,30.48
2026-05-05T01:45+02:00,26.05
2026-05-05T02:00+02:00,33.93
2026-05-05T02:15+02:00,34.08
2026-05-05T02:30+02:00,31.88
2026-05-05T02:45+02:00,33.13
2026-05-05T03:00+02:00,32.46
2026-05-05T03:15+02:00,34.93
2026-05-05T03:30+02:00,48.55
2026-05-05T03:45+02:00,58.77
2026-05-05T04:00+02:00,44.31
2026-05-05T04:15+02:00,67.02
2026-05-05T04:30+02:00,77.86
2026-05-05T04:45+02:00,81.64
2026-05-05T05:00+02:00,76.69
2026-05-05T05:15+02:00,81.29
2026-05-05T05:30+02:00,87.5
2026-05-05T05:45+02:00,91.88
2026-05-05T06:00+02:00,88.99
2026-05-05T06:15+02:00,91.05
2026-05-05T06:30+02:00,97.02
2026-05-05T06:45+02:00,102.63
2026-05-05T07:00+02:00,113.37
2026-05-05T07:15+02:00,111
2026-05-05T07:30+02:00,105.44
2026-05-05T07:45+02:00,104.84
2026-05-05T08:00+02:00,118.73
2026-05-05T08:15+02:00,104.37
2026-05-05T08:30+02:00,96.69
2026-05-05T08:45+02:00,90.42
2026-05-05T09:00+02:00,98.07
2026-05-05T09:15+02:00,88.94
2026-05-05T09:30+02:00,75
2026-05-05T09:45+02:00,71.61
2026-05-05T10:00+02:00,82.27
2026-05-05T10:15+02:00,76.84
2026-05-05T10:30+02:00,68.68
2026-05-05T10:45+02:00,63.64
2026-05-05T11:00+02:00,74.17
2026-05-05T11:15+02:00,70
2026-05-05T11:30+02:00,46.39
2026-05-05T11:45+02:00,35
2026-05-05T12:00+02:00,40.31
2026-05-05T12:15+02:00,37.22
2026-05-05T12:30+02:00,35.71
2026-05-05T12:45+02:00,35.63
2026-05-05T13:00+02:00,43.97
2026-05-05T13:15+02:00,42.31
2026-05-05T13:30+02:00,40.28
2026-05-05T13:45+02:00,45.03
2026-05-05T14:00+02:00,37.34
2026-05-05T14:15+02:00,38.79
2026-05-05T14:30+02:00,43.57
2026-05-05T14:45+02:00,52.67
2026-05-05T15:00+02:00,54.57
2026-05-05T15:15+02:00,52.62
2026-05-05T15:30+02:00,66.38
2026-05-05T15:45+02:00,71.78
2026-05-05T16:00+02:00,62.4
2026-05-05T16:15+02:00,71.92
2026-05-05T16:30+02:00,80.54
2026-05-05T16:45+02:00,90.9
2026-05-05T17:00+02:00,81.72
2026-05-05T17:15+02:00,87.95
2026-05-05T17:30+02:00,93.52
2026-05-05T17:45+02:00,100.35
2026-05-05T18:00+02:00,93.74
2026-05-05T18:15+02:00,96.31
2026-05-05T18:30+02:00,106.63
2026-05-05T18:45+02:00,118.09
2026-05-05T19:00+02:00,106.75
2026-05-05T19:15+02:00,111.46
2026-05-05T19:30+02:00,120.88
2026-05-05T19:45+02:00,135.23
2026-05-05T20:00+02:00,120.71
2026-05-05T20:15+02:00,118.79
2026-05-05T20:30+02:00,117.55
2026-05-05T20:45+02:00,112.58
2026-05-05T21:00+02:00,119.8
2026-05-05T21:15+02:00,111.78
2026-05-05T21:30+02:00,105.6
2026-05-05T21:45+02:00,94.13
2026-05-05T22:00+02:00,108.2
2026-05-05T22:15+02:00,98.04
2026-05-05T22:30+02:00,90.64
2026-05-05T22:45+02:00,81.4
2026-05-05T23:00+02:00,89.23
2026-05-05T23:15+02:00,84.34
2026-05-05T23:30+02:00,75.85
2026-05-05T23:45+02:00,72.77
2026-05-06T00:00+02:00,84.22
2026-05-06T00:15+02:00,80
2026-05-06T00:30+02:00,79.82
2026-05-06T00:45+02:00,75
2026-05-06T01:00+02:00,79.99
2026-05-06T01:15+02:00,77.89
2026-05-06T01:30+02:00,75
2026-05-06T01:45+02:00,74.3
2026-05-06T02:00+02:00,76.13
2026-05-06T02:15+02:00,75
2026-05-06T02:30+02:00,77.03
2026-05-06T02:45+02:00,78.12
2026-05-06T03:00+02:00,74.79
2026-05-06T03:15+02:00,75
2026-05-06T03:30+02:00,78.74
2026-05-06T03:45+02:00,80
2026-05-06T04:00+02:00,73.13
2026-05-06T04:15+02:00,76.38
2026-05-06T04:30+02:00,82.7
2026-05-06T04:45+02:00,86.78
2026-05-06T05:00+02:00,79.95
2026-05-06T05:15+02:00,90.62
2026-05-06T05:30+02:00,98.21
2026-05-06T05:45+02:00,107.51
2026-05-06T06:00+02:00,86.68
2026-05-06T06:15+02:00,100.87
2026-05-06T06:30+02:00,116.78
2026-05-06T06:45+02:00,128.24
2026-05-06T07:00+02:00,131.04
2026-05-06T07:15+02:00,132.44
2026-05-06T07:30+02:00,131.63
2026-05-06T07:45+02:00,125.23
2026-05-06T08:00+02:00,162.38
2026-05-06T08:15+02:00,132.96
2026-05-06T08:30+02:00,114.84
2026-05-06T08:45+02:00,107.66
2026-05-06T09:00+02:00,115.41
2026-05-06T09:15+02:00,109.8
2026-05-06T09:30+02:00,103.42
2026-05-06T09:45+02:00,93.68
2026-05-06T10:00+02:00,97.99
2026-05-06T10:15+02:00,87.03
2026-05-06T10:30+02:00,76.4
2026-05-06T10:45+02:00,68.73
2026-05-06T11:00+02:00,87.28
2026-05-06T11:15+02:00,80.48
2026-05-06T11:30+02:00,84.58
2026-05-06T11:45+02:00,72.98
2026-05-06T12:00+02:00,83.91
2026-05-06T12:15+02:00,80.2
2026-05-06T12:30+02:00,79.99
2026-05-06T12:45+02:00,80.38
2026-05-06T13:00+02:00,74.72
2026-05-06T13:15+02:00,79.99
2026-05-06T13:30+02:00,82.08
2026-05-06T13:45+02:00,81.99
2026-05-06T14:00+02:00,80.13
2026-05-06T14:15+02:00,85.8
2026-05-06T14:30+02:00,91.4
2026-05-06T14:45+02:00,95.5
2026-05-06T15:00+02:00,98.05
2026-05-06T15:15+02:00,98.71
2026-05-06T15:30+02:00,100.39
2026-05-06T15:45+02:00,106.13
2026-05-06T16:00+02:00,103.43
2026-05-06T16:15+02:00,104.96
2026-05-06T16:30+02:00,115.12
2026-05-06T16:45+02:00,121.54
2026-05-06T17:00+02:00,115.05
2026-05-06T17:15+02:00,119.64
2026-05-06T17:30+02:00,125.43
2026-05-06T17:45+02:00,136.33
2026-05-06T18:00+02:00,123.7
2026-05-06T18:15+02:00,127.64
2026-05-06T18:30+02:00,137.02
2026-05-06T18:45+02:00,150.96
2026-05-06T19:00+02:00,136.43
2026-05-06T19:15+02:00,145.66
2026-05-06T19:30+02:00,152.74
2026-05-06T19:45+02:00,165.31
2026-05-06T20:00+02:00,142.11
2026-05-06T20:15+02:00,147.46
2026-05-06T20:30+02:00,155.28
2026-05-06T20:45+02:00,164.95
2026-05-06T21:00+02:00,158.97
2026-05-06T21:15+02:00,157.59
2026-05-06T21:30+02:00,148.56
2026-05-06T21:45+02:00,135.69
2026-05-06T22:00+02:00,151
2026-05-06T22:15+02:00,144.13
2026-05-06T22:30+02:00,136.24
2026-05-06T22:45+02:00,126.2
2026-05-06T23:00+02:00,132.16
2026-05-06T23:15+02:00,125.53
2026-05-06T23:30+02:00,122.19
2026-05-06T23:45+02:00,117.42
2026-05-07T00:00+02:00,122.15
2026-05-07T00:15+02:00,122.09
2026-05-07T00:30+02:00,119.27
2026-05-07T00:45+02:00,115.92
2026-05-07T01:00+02:00,114.75
2026-05-07T01:15+02:00,113.13
2026-05-07T01:30+02:00,112.6
2026-05-07T01:45+02:00,111.96
2026-05-07T02:00+02:00,111.16
2026-05-07T02:15+02:00,111.92
2026-05-07T02:30+02:00,111.76
2026-05-07T02:45+02:00,112.82
2026-05-07T03:00+02:00,112.31
2026-05-07T03:15+02:00,111.99
2026-05-07T03:30+02:00,112.97
2026-05-07T03:45+02:00,114.99
2026-05-07T04:00+02:00,111.56
2026-05-07T04:15+02:00,114.65
2026-05-07T04:30+02:00,116.55
2026-05-07T04:45+02:00,120.7
2026-05-07T05:00+02:00,115.9
2026-05-07T05:15+02:00,119.91
2026-05-07T05:30+02:00,124.72
2026-05-07T05:45+02:00,131.7
2026-05-07T06:00+02:00,135.96
2026-05-07T06:15+02:00,147.53
2026-05-07T06:30+02:00,153.49
2026-05-07T06:45+02:00,158.26
2026-05-07T07:00+02:00,172.25
2026-05-07T07:15+02:00,171.68
2026-05-07T07:30+02:00,166.63
2026-05-07T07:45+02:00,159.91
2026-05-07T08:00+02:00,186.03
2026-05-07T08:15+02:00,155.04
2026-05-07T08:30+02:00,148.92
2026-05-07T08:45+02:00,133.25
2026-05-07T09:00+02:00,150.16
2026-05-07T09:15+02:00,140.08
2026-05-07T09:30+02:00,130.49
2026-05-07T09:45+02:00,123.66
2026-05-07T10:00+02:00,131.37
2026-05-07T10:15+02:00,122.01
2026-05-07T10:30+02:00,115.97
2026-05-07T10:45+02:00,111.18
2026-05-07T11:00+02:00,115.96
2026-05-07T11:15+02:00,113.91
2026-05-07T11:30+02:00,112.93
2026-05-07T11:45+02:00,112.04
2026-05-07T12:00+02:00,109.5
2026-05-07T12:15+02:00,106.82
2026-05-07T12:30+02:00,104.79
2026-05-07T12:45+02:00,102.72
2026-05-07T13:00+02:00,105.57
2026-05-07T13:15+02:00,105.3
2026-05-07T13:30+02:00,102.58
2026-05-07T13:45+02:00,101.69
2026-05-07T14:00+02:00,101.71
2026-05-07T14:15+02:00,102.81
2026-05-07T14:30+02:00,103.99
2026-05-07T14:45+02:00,106.04
2026-05-07T15:00+02:00,105.01
2026-05-07T15:15+02:00,107.86
2026-05-07T15:30+02:00,109.31
2026-05-07T15:45+02:00,111.92
2026-05-07T16:00+02:00,109.73
2026-05-07T16:15+02:00,111
2026-05-07T16:30+02:00,115.02
2026-05-07T16:45+02:00,121.96
2026-05-07T17:00+02:00,116.96
2026-05-07T17:15+02:00,122.3
2026-05-07T17:30+02:00,131.52
2026-05-07T17:45+02:00,149.64
2026-05-07T18:00+02:00,129.13
2026-05-07T18:15+02:00,137.19
2026-05-07T18:30+02:00,148.51
2026-05-07T18:45+02:00,164.37
2026-05-07T19:00+02:00,158.04
2026-05-07T19:15+02:00,162.97
2026-05-07T19:30+02:00,183.03
2026-05-07T19:45+02:00,216.38
2026-05-07T20:00+02:00,208.89
2026-05-07T20:15+02:00,214.8
2026-05-07T20:30+02:00,214.53
2026-05-07T20:45+02:00,206.53
2026-05-07T21:00+02:00,212.44
2026-05-07T21:15+02:00,182.78
2026-05-07T21:30+02:00,163.55
2026-05-07T21:45+02:00,151.65
2026-05-07T22:00+02:00,160.64
2026-05-07T22:15+02:00,150.01
2026-05-07T22:30+02:00,149.99
2026-05-07T22:45+02:00,140.78
2026-05-07T23:00+02:00,150
2026-05-07T23:15+02:00,142.13
2026-05-07T23:30+02:00,132.34
2026-05-07T23:45+02:00,126.73
2026-05-08T00:00+02:00,133.72
2026-05-08T00:15+02:00,129.74
2026-05-08T00:30+02:00,123.49
2026-05-08T00:45+02:00,118.51
2026-05-08T01:00+02:00,120.83
2026-05-08T01:15+02:00,117.75
2026-05-08T01:30+02:00,116.28
2026-05-08T01:45+02:00,113.26
2026-05-08T02:00+02:00,115.78
2026-05-08T02:15+02:00,115.15
2026-05-08T02:30+02:00,114.99
2026-05-08T02:45+02:00,113
2026-05-08T03:00+02:00,113.99
2026-05-08T03:15+02:00,113.95
2026-05-08T03:30+02:00,113.06
2026-05-08T03:45+02:00,113.82
2026-05-08T04:00+02:00,112.59
2026-05-08T04:15+02:00,113.5
2026-05-08T04:30+02:00,115.8
2026-05-08T04:45+02:00,117.67
2026-05-08T05:00+02:00,116.49
2026-05-08T05:15+02:00,117.84
2026-05-08T05:30+02:00,121.9
2026-05-08T05:45+02:00,124.5
2026-05-08T06:00+02:00,129.6
2026-05-08T06:15+02:00,135.65
2026-05-08T06:30+02:00,139.79
2026-05-08T06:45+02:00,140.71
2026-05-08T07:00+02:00,151.76
2026-05-08T07:15+02:00,147.3
2026-05-08T07:30+02:00,141.37
2026-05-08T07:45+02:00,130.97
2026-05-08T08:00+02:00,156.09
2026-05-08T08:15+02:00,137.88
2026-05-08T08:30+02:00,123.99
2026-05-08T08:45+02:00,115.9
2026-05-08T09:00+02:00,126.73
2026-05-08T09:15+02:00,117.46
2026-05-08T09:30+02:00,110.21
2026-05-08T09:45+02:00,101
2026-05-08T10:00+02:00,113.9
2026-05-08T10:15+02:00,101.71
2026-05-08T10:30+02:00,91.74
2026-05-08T10:45+02:00,80.59
2026-05-08T11:00+02:00,94.14
2026-05-08T11:15+02:00,85.18
2026-05-08T11:30+02:00,67.61
2026-05-08T11:45+02:00,57.44
2026-05-08T12:00+02:00,76.27
2026-05-08T12:15+02:00,67.73
2026-05-08T12:30+02:00,62.49
2026-05-08T12:45+02:00,56.42
2026-05-08T13:00+02:00,66.2
2026-05-08T13:15+02:00,60.36
2026-05-08T13:30+02:00,55.06
2026-05-08T13:45+02:00,50.44
2026-05-08T14:00+02:00,53.64
2026-05-08T14:15+02:00,59.37
2026-05-08T14:30+02:00,72.62
2026-05-08T14:45+02:00,67.52
2026-05-08T15:00+02:00,59.61
2026-05-08T15:15+02:00,57.42
2026-05-08T15:30+02:00,60.01
2026-05-08T15:45+02:00,75
2026-05-08T16:00+02:00,45.76
2026-05-08T16:15+02:00,67.53
2026-05-08T16:30+02:00,87.07
2026-05-08T16:45+02:00,101.99
2026-05-08T17:00+02:00,66.68
2026-05-08T17:15+02:00,89.99
2026-05-08T17:30+02:00,100.97
2026-05-08T17:45+02:00,107.45
2026-05-08T18:00+02:00,103.51
2026-05-08T18:15+02:00,103.62
2026-05-08T18:30+02:00,120.3
2026-05-08T18:45+02:00,129.75
2026-05-08T19:00+02:00,125.05
2026-05-08T19:15+02:00,125.35
2026-05-08T19:30+02:00,125.5
2026-05-08T19:45+02:00,124.69
2026-05-08T20:00+02:00,126.2
2026-05-08T20:15+02:00,109.76
2026-05-08T20:30+02:00,101.99
2026-05-08T20:45+02:00,93.69
2026-05-08T21:00+02:00,111.82
2026-05-08T21:15+02:00,101.25
2026-05-08T21:30+02:00,95
2026-05-08T21:45+02:00,83.75
2026-05-08T22:00+02:00,98.02
2026-05-08T22:15+02:00,94.82
2026-05-08T22:30+02:00,87.56
2026-05-08T22:45+02:00,80
2026-05-08T23:00+02:00,89.86
2026-05-08T23:15+02:00,82.08
2026-05-08T23:30+02:00,76.3
2026-05-08T23:45+02:00,68.83
2026-05-09T00:00+02:00,93.05
2026-05-09T00:15+02:00,87.15
2026-05-09T00:30+02:00,80.66
2026-05-09T00:45+02:00,75.38
2026-05-09T01:00+02:00,85.42
2026-05-09T01:15+02:00,78.4
2026-05-09T01:30+02:00,61.8
2026-05-09T01:45+02:00,61.77
2026-05-09T02:00+02:00,71.72
2026-05-09T02:15+02:00,76.8
2026-05-09T02:30+02:00,63.74
2026-05-09T02:45+02:00,65.51
2026-05-09T03:00+02:00,72.49
2026-05-09T03:15+02:00,71.84
2026-05-09T03:30+02:00,74.81
2026-05-09T03:45+02:00,73.9
2026-05-09T04:00+02:00,77.86
2026-05-09T04:15+02:00,74.93
2026-05-09T04:30+02:00,63.68
2026-05-09T04:45+02:00,59.9
2026-05-09T05:00+02:00,69.8
2026-05-09T05:15+02:00,73.02
2026-05-09T05:30+02:00,72.67
2026-05-09T05:45+02:00,61.87
2026-05-09T06:00+02:00,63.42
2026-05-09T06:15+02:00,57.4
2026-05-09T06:30+02:00,57.16
2026-05-09T06:45+02:00,60.09
2026-05-09T07:00+02:00,69.97
2026-05-09T07:15+02:00,73.76
2026-05-09T07:30+02:00,75.63
2026-05-09T07:45+02:00,78.37
2026-05-09T08:00+02:00,83.06
2026-05-09T08:15+02:00,83.03
2026-05-09T08:30+02:00,59.49
2026-05-09T08:45+02:00,54.28
2026-05-09T09:00+02:00,84.19
2026-05-09T09:15+02:00,63.77
2026-05-09T09:30+02:00,36.19
2026-05-09T09:45+02:00,14.36
2026-05-09T10:00+02:00,33.06
2026-05-09T10:15+02:00,14.79
2026-05-09T10:30+02:00,6.76
2026-05-09T10:45+02:00,5.01
2026-05-09T11:00+02:00,5.9
2026-05-09T11:15+02:00,5.03
2026-05-09T11:30+02:00,4.42
2026-05-09T11:45+02:00,3.93
2026-05-09T12:00+02:00,3.17
2026-05-09T12:15+02:00,3.34
2026-05-09T12:30+02:00,3.4
2026-05-09T12:45+02:00,3.33
2026-05-09T13:00+02:00,3
2026-05-09T13:15+02:00,2.73
2026-05-09T13:30+02:00,2.57
2026-05-09T13:45+02:00,2.51
2026-05-09T14:00+02:00,2.61
2026-05-09T14:15+02:00,2.94
2026-05-09T14:30+02:00,2.8
2026-05-09T14:45+02:00,3.04
2026-05-09T15:00+02:00,2.46
2026-05-09T15:15+02:00,3.16
2026-05-09T15:30+02:00,3.47
2026-05-09T15:45+02:00,4.23
2026-05-09T16:00+02:00,4.82
2026-05-09T16:15+02:00,10.01
2026-05-09T16:30+02:00,26.54
2026-05-09T16:45+02:00,62.97
2026-05-09T17:00+02:00,21.75
2026-05-09T17:15+02:00,57.12
2026-05-09T17:30+02:00,74.54
2026-05-09T17:45+02:00,82.49
2026-05-09T18:00+02:00,68.77
2026-05-09T18:15+02:00,78.06
2026-05-09T18:30+02:00,87.18
2026-05-09T18:45+02:00,91.34
2026-05-09T19:00+02:00,89.42
2026-05-09T19:15+02:00,89.94
2026-05-09T19:30+02:00,90
2026-05-09T19:45+02:00,90.68
2026-05-09T20:00+02:00,92.62
2026-05-09T20:15+02:00,90.21
2026-05-09T20:30+02:00,87.94
2026-05-09T20:45+02:00,85.9
2026-05-09T21:00+02:00,94.24
2026-05-09T21:15+02:00,90.06
2026-05-09T21:30+02:00,84.28
2026-05-09T21:45+02:00,77.73
2026-05-09T22:00+02:00,85.15
2026-05-09T22:15+02:00,82.19
2026-05-09T22:30+02:00,78.62
2026-05-09T22:45+02:00,75.4
2026-05-09T23:00+02:00,77.95
2026-05-09T23:15+02:00,73.89
2026-05-09T23:30+02:00,71.26
2026-05-09T23:45+02:00,68.37
2026-05-10T00:00+02:00,80.57
2026-05-10T00:15+02:00,77.23
2026-05-10T00:30+02:00,76.3
2026-05-10T00:45+02:00,75.84
2026-05-10T01:00+02:00,77.22
2026-05-10T01:15+02:00,76.59
2026-05-10T01:30+02:00,75.59
2026-05-10T01:45+02:00,74.69
2026-05-10T02:00+02:00,78.16
2026-05-10T02:15+02:00,75.91
2026-05-10T02:30+02:00,75.63
2026-05-10T02:45+02:00,75.14
2026-05-10T03:00+02:00,75.99
2026-05-10T03:15+02:00,76.42
2026-05-10T03:30+02:00,76.56
2026-05-10T03:45+02:00,78.33
2026-05-10T04:00+02:00,75.98
2026-05-10T04:15+02:00,79.54
2026-05-10T04:30+02:00,82.25
2026-05-10T04:45+02:00,87.1
2026-05-10T05:00+02:00,77.64
2026-05-10T05:15+02:00,83.73
2026-05-10T05:30+02:00,88.12
2026-05-10T05:45+02:00,88.27
2026-05-10T06:00+02:00,82.12
2026-05-10T06:15+02:00,86.02
2026-05-10T06:30+02:00,85.49
2026-05-10T06:45+02:00,85.18
2026-05-10T07:00+02:00,76.92
2026-05-10T07:15+02:00,78.17
2026-05-10T07:30+02:00,82.39
2026-05-10T07:45+02:00,80.52
2026-05-10T08:00+02:00,88.5
2026-05-10T08:15+02:00,85.12
2026-05-10T08:30+02:00,51.89
2026-05-10T08:45+02:00,13.58
2026-05-10T09:00+02:00,48.98
2026-05-10T09:15+02:00,23.8
2026-05-10T09:30+02:00,22.48
2026-05-10T09:45+02:00,20.01
2026-05-10T10:00+02:00,26.87
2026-05-10T10:15+02:00,22.88
2026-05-10T10:30+02:00,18.44
2026-05-10T10:45+02:00,16.59
2026-05-10T11:00+02:00,19.39
2026-05-10T11:15+02:00,17.03
2026-05-10T11:30+02:00,14.45
2026-05-10T11:45+02:00,11.13
2026-05-10T12:00+02:00,14.71
2026-05-10T12:15+02:00,12.82
2026-05-10T12:30+02:00,10.92
2026-05-10T12:45+02:00,9.57
2026-05-10T13:00+02:00,9.89
2026-05-10T13:15+02:00,10.01
2026-05-10T13:30+02:00,9.94
2026-05-10T13:45+02:00,13.86
2026-05-10T14:00+02:00,9.04
2026-05-10T14:15+02:00,10.79
2026-05-10T14:30+02:00,15.94
2026-05-10T14:45+02:00,18.8
2026-05-10T15:00+02:00,14.89
2026-05-10T15:15+02:00,16.45
2026-05-10T15:30+02:00,21.32
2026-05-10T15:45+02:00,30.6
2026-05-10T16:00+02:00,15.09
2026-05-10T16:15+02:00,21.31
2026-05-10T16:30+02:00,30.15
2026-05-10T16:45+02:00,54.08
2026-05-10T17:00+02:00,10.56
2026-05-10T17:15+02:00,52.36
2026-05-10T17:30+02:00,93.24
2026-05-10T17:45+02:00,106
2026-05-10T18:00+02:00,91.25
2026-05-10T18:15+02:00,96.56
2026-05-10T18:30+02:00,104.86
2026-05-10T18:45+02:00,111.66
2026-05-10T19:00+02:00,101.85
2026-05-10T19:15+02:00,107.2
2026-05-10T19:30+02:00,108.64
2026-05-10T19:45+02:00,108.53
2026-05-10T20:00+02:00,111.22
2026-05-10T20:15+02:00,109.91
2026-05-10T20:30+02:00,108.24
2026-05-10T20:45+02:00,106.59
2026-05-10T21:00+02:00,113.99
2026-05-10T21:15+02:00,111.05
2026-05-10T21:30+02:00,108.94
2026-05-10T21:45+02:00,103.53
2026-05-10T22:00+02:00,112.35
2026-05-10T22:15+02:00,107.57
2026-05-10T22:30+02:00,101.95
2026-05-10T22:45+02:00,96.69
2026-05-10T23:00+02:00,102.68
2026-05-10T23:15+02:00,99.99
2026-05-10T23:30+02:00,95.33
2026-05-10T23:45+02:00,90.79
2026-05-11T00:00+02:00,105
2026-05-11T00:15+02:00,100.39
2026-05-11T00:30+02:00,97.35
2026-05-11T00:45+02:00,95.65
2026-05-11T01:00+02:00,98.61
2026-05-11T01:15+02:00,96.78
2026-05-11T01:30+02:00,92.2
2026-05-11T01:45+02:00,90.88
2026-05-11T02:00+02:00,93.75
2026-05-11T02:15+02:00,93.08
2026-05-11T02:30+02:00,93.14
2026-05-11T02:45+02:00,93.2
2026-05-11T03:00+02:00,92.38
2026-05-11T03:15+02:00,93.87
2026-05-11T03:30+02:00,94.96
2026-05-11T03:45+02:00,96.74
2026-05-11T04:00+02:00,90
2026-05-11T04:15+02:00,92.72
2026-05-11T04:30+02:00,98.58
2026-05-11T04:45+02:00,104
2026-05-11T05:00+02:00,95.28
2026-05-11T05:15+02:00,101.84
2026-05-11T05:30+02:00,108.35
2026-05-11T05:45+02:00,117.67
2026-05-11T06:00+02:00,106.26
2026-05-11T06:15+02:00,113.47
2026-05-11T06:30+02:00,121.26
2026-05-11T06:45+02:00,133.62
2026-05-11T07:00+02:00,143.2
2026-05-11T07:15+02:00,149.74
2026-05-11T07:30+02:00,147.18
2026-05-11T07:45+02:00,140.98
2026-05-11T08:00+02:00,165.71
2026-05-11T08:15+02:00,146.87
2026-05-11T08:30+02:00,135.12
2026-05-11T08:45+02:00,128.6
2026-05-11T09:00+02:00,137.59
2026-05-11T09:15+02:00,121.49
2026-05-11T09:30+02:00,113.22
2026-05-11T09:45+02:00,108.78
2026-05-11T10:00+02:00,120.44
2026-05-11T10:15+02:00,114.85
2026-05-11T10:30+02:00,108.12
2026-05-11T10:45+02:00,104.97
2026-05-11T11:00+02:00,114.16
2026-05-11T11:15+02:00,108.75
2026-05-11T11:30+02:00,102.6
2026-05-11T11:45+02:00,101.47
2026-05-11T12:00+02:00,106.01
2026-05-11T12:15+02:00,104.63
2026-05-11T12:30+02:00,104.44
2026-05-11T12:45+02:00,99.79
2026-05-11T13:00+02:00,100.8
2026-05-11T13:15+02:00,100.57
2026-05-11T13:30+02:00,98.31
2026-05-11T13:45+02:00,93.93
2026-05-11T14:00+02:00,96.56
2026-05-11T14:15+02:00,98.38
2026-05-11T14:30+02:00,95.59
2026-05-11T14:45+02:00,98.18
2026-05-11T15:00+02:00,95.66
2026-05-11T15:15+02:00,97.34
2026-05-11T15:30+02:00,101.56
2026-05-11T15:45+02:00,104.66
2026-05-11T16:00+02:00,96.58
2026-05-11T16:15+02:00,102.53
2026-05-11T16:30+02:00,107.96
2026-05-11T16:45+02:00,114.86
2026-05-11T17:00+02:00,104.94
2026-05-11T17:15+02:00,115.32
2026-05-11T17:30+02:00,122.14
2026-05-11T17:45+02:00,124.61
2026-05-11T18:00+02:00,121.77
2026-05-11T18:15+02:00,123.01
2026-05-11T18:30+02:00,123.17
2026-05-11T18:45+02:00,125.38
2026-05-11T19:00+02:00,123.7
2026-05-11T19:15+02:00,125.93
2026-05-11T19:30+02:00,128.56
2026-05-11T19:45+02:00,134.2
2026-05-11T20:00+02:00,126.9
2026-05-11T20:15+02:00,125.11
2026-05-11T20:30+02:00,129.89
2026-05-11T20:45+02:00,130.02
2026-05-11T21:00+02:00,131.46
2026-05-11T21:15+02:00,126.74
2026-05-11T21:30+02:00,123.94
2026-05-11T21:45+02:00,118.8
2026-05-11T22:00+02:00,123.18
2026-05-11T22:15+02:00,118.99
2026-05-11T22:30+02:00,118.15
2026-05-11T22:45+02:00,109.84
2026-05-11T23:00+02:00,113.86
2026-05-11T23:15+02:00,106.81
2026-05-11T23:30+02:00,103.59
2026-05-11T23:45+02:00,96.68
2026-05-12T00:00+02:00,104.7
2026-05-12T00:15+02:00,99.69
2026-05-12T00:30+02:00,94.36
2026-05-12T00:45+02:00,91.78
2026-05-12T01:00+02:00,96.59
2026-05-12T01:15+02:00,91.91
2026-05-12T01:30+02:00,91.71
2026-05-12T01:45+02:00,89.64
2026-05-12T02:00+02:00,91.08
2026-05-12T02:15+02:00,90.52
2026-05-12T02:30+02:00,90.67
2026-05-12T02:45+02:00,90.53
2026-05-12T03:00+02:00,91.29
2026-05-12T03:15+02:00,90.03
2026-05-12T03:30+02:00,89.45
2026-05-12T03:45+02:00,85.3
2026-05-12T04:00+02:00,83.08
2026-05-12T04:15+02:00,87.29
2026-05-12T04:30+02:00,91.57
2026-05-12T04:45+02:00,98.19
2026-05-12T05:00+02:00,85.18
2026-05-12T05:15+02:00,89.75
2026-05-12T05:30+02:00,96.73
2026-05-12T05:45+02:00,102.86
2026-05-12T06:00+02:00,99.78
2026-05-12T06:15+02:00,108.71
2026-05-12T06:30+02:00,114.23
2026-05-12T06:45+02:00,119.85
2026-05-12T07:00+02:00,124.54
2026-05-12T07:15+02:00,125.83
2026-05-12T07:30+02:00,124.34
2026-05-12T07:45+02:00,119.76
2026-05-12T08:00+02:00,127.34
2026-05-12T08:15+02:00,121.9
2026-05-12T08:30+02:00,112.99
2026-05-12T08:45+02:00,108.38
2026-05-12T09:00+02:00,119.01
2026-05-12T09:15+02:00,113.54
2026-05-12T09:30+02:00,109.21
2026-05-12T09:45+02:00,108.04
2026-05-12T10:00+02:00,111.35
2026-05-12T10:15+02:00,106.34
2026-05-12T10:30+02:00,95.69
2026-05-12T10:45+02:00,92.29
2026-05-12T11:00+02:00,94.23
2026-05-12T11:15+02:00,94.13
2026-05-12T11:30+02:00,93.21
2026-05-12T11:45+02:00,92.11
2026-05-12T12:00+02:00,91.44
2026-05-12T12:15+02:00,88.41
2026-05-12T12:30+02:00,87.71
2026-05-12T12:45+02:00,88.33
2026-05-12T13:00+02:00,91.94
2026-05-12T13:15+02:00,90.21
2026-05-12T13:30+02:00,88.65
2026-05-12T13:45+02:00,91.29
2026-05-12T14:00+02:00,86.93
2026-05-12T14:15+02:00,87.21
2026-05-12T14:30+02:00,89.67
2026-05-12T14:45+02:00,91.97
2026-05-12T15:00+02:00,74.22
2026-05-12T15:15+02:00,78.79
2026-05-12T15:30+02:00,88.03
2026-05-12T15:45+02:00,93.12
2026-05-12T16:00+02:00,82.48
2026-05-12T16:15+02:00,91.52
2026-05-12T16:30+02:00,100.08
2026-05-12T16:45+02:00,101.18
2026-05-12T17:00+02:00,108.06
2026-05-12T17:15+02:00,111.25
2026-05-12T17:30+02:00,113.96
2026-05-12T17:45+02:00,118.79
2026-05-12T18:00+02:00,112.65
2026-05-12T18:15+02:00,116.26
2026-05-12T18:30+02:00,122.32
2026-05-12T18:45+02:00,128.74
2026-05-12T19:00+02:00,123.33
2026-05-12T19:15+02:00,129.91
2026-05-12T19:30+02:00,138.72
2026-05-12T19:45+02:00,150.38
2026-05-12T20:00+02:00,135.97
2026-05-12T20:15+02:00,139.83
2026-05-12T20:30+02:00,143.19
2026-05-12T20:45+02:00,141.51
2026-05-12T21:00+02:00,147.97
2026-05-12T21:15+02:00,143.6
2026-05-12T21:30+02:00,135.79
2026-05-12T21:45+02:00,128.95
2026-05-12T22:00+02:00,134.67
2026-05-12T22:15+02:00,129.36
2026-05-12T22:30+02:00,126.43
2026-05-12T22:45+02:00,122.38
2026-05-12T23:00+02:00,123.38
2026-05-12T23:15+02:00,118.13
2026-05-12T23:30+02:00,113.02
2026-05-12T23:45+02:00,110.2
2026-05-13T00:00+02:00,122.9
2026-05-13T00:15+02:00,114.75
2026-05-13T00:30+02:00,109.75
2026-05-13T00:45+02:00,104.74
2026-05-13T01:00+02:00,110.31
2026-05-13T01:15+02:00,104.24
2026-05-13T01:30+02:00,99.99
2026-05-13T01:45+02:00,96.43
2026-05-13T02:00+02:00,102.18
2026-05-13T02:15+02:00,97.67
2026-05-13T02:30+02:00,94.17
2026-05-13T02:45+02:00,90.13
2026-05-13T03:00+02:00,99.99
2026-05-13T03:15+02:00,94.23
2026-05-13T03:30+02:00,89.16
2026-05-13T03:45+02:00,88.16
2026-05-13T04:00+02:00,95.51
2026-05-13T04:15+02:00,92.5
2026-05-13T04:30+02:00,91.68
2026-05-13T04:45+02:00,92.64
2026-05-13T05:00+02:00,90.36
2026-05-13T05:15+02:00,92.77
2026-05-13T05:30+02:00,98.46
2026-05-13T05:45+02:00,107.56
2026-05-13T06:00+02:00,97.67
2026-05-13T06:15+02:00,103.33
2026-05-13T06:30+02:00,112.77
2026-05-13T06:45+02:00,117.12
2026-05-13T07:00+02:00,109.71
2026-05-13T07:15+02:00,113.89
2026-05-13T07:30+02:00,122.34
2026-05-13T07:45+02:00,133.28
2026-05-13T08:00+02:00,129.04
2026-05-13T08:15+02:00,132.06
2026-05-13T08:30+02:00,120.99
2026-05-13T08:45+02:00,107.46
2026-05-13T09:00+02:00,122.74
2026-05-13T09:15+02:00,106.45
2026-05-13T09:30+02:00,101.61
2026-05-13T09:45+02:00,97.24
2026-05-13T10:00+02:00,105.5
2026-05-13T10:15+02:00,102.29
2026-05-13T10:30+02:00,100.23
2026-05-13T10:45+02:00,94.18
2026-05-13T11:00+02:00,101.85
2026-05-13T11:15+02:00,98.98
2026-05-13T11:30+02:00,90.04
2026-05-13T11:45+02:00,85.63
2026-05-13T12:00+02:00,91.58
2026-05-13T12:15+02:00,83.75
2026-05-13T12:30+02:00,81.97
2026-05-13T12:45+02:00,77.37
2026-05-13T13:00+02:00,88.16
2026-05-13T13:15+02:00,86.41
2026-05-13T13:30+02:00,81.02
2026-05-13T13:45+02:00,76.13
2026-05-13T14:00+02:00,78.63
2026-05-13T14:15+02:00,76
2026-05-13T14:30+02:00,77.62
2026-05-13T14:45+02:00,81.37
2026-05-13T15:00+02:00,72.55
2026-05-13T15:15+02:00,79.76
2026-05-13T15:30+02:00,84.36
2026-05-13T15:45+02:00,94.01
2026-05-13T16:00+02:00,76.16
2026-05-13T16:15+02:00,88.32
2026-05-13T16:30+02:00,92.87
2026-05-13T16:45+02:00,91.8
2026-05-13T17:00+02:00,93.75
2026-05-13T17:15+02:00,93.42
2026-05-13T17:30+02:00,92.56
2026-05-13T17:45+02:00,91.2
2026-05-13T18:00+02:00,98.35
2026-05-13T18:15+02:00,98.03
2026-05-13T18:30+02:00,95.44
2026-05-13T18:45+02:00,91.7
2026-05-13T19:00+02:00,105.25
2026-05-13T19:15+02:00,100.18
2026-05-13T19:30+02:00,99
2026-05-13T19:45+02:00,96.46
2026-05-13T20:00+02:00,104.15
2026-05-13T20:15+02:00,101.1
2026-05-13T20:30+02:00,97.88
2026-05-13T20:45+02:00,91.11
2026-05-13T21:00+02:00,106.66
2026-05-13T21:15+02:00,95.47
2026-05-13T21:30+02:00,89.46
2026-05-13T21:45+02:00,82.63
2026-05-13T22:00+02:00,91.16
2026-05-13T22:15+02:00,87
2026-05-13T22:30+02:00,76.2
2026-05-13T22:45+02:00,71.56
2026-05-13T23:00+02:00,71.15
2026-05-13T23:15+02:00,69.06
2026-05-13T23:30+02:00,65.24
2026-05-13T23:45+02:00,63.07
2026-05-14T00:00+02:00,76.16
2026-05-14T00:15+02:00,71.79
2026-05-14T00:30+02:00,67.75
2026-05-14T00:45+02:00,64.6
2026-05-14T01:00+02:00,67.75
2026-05-14T01:15+02:00,64.74
2026-05-14T01:30+02:00,62.65
2026-05-14T01:45+02:00,60.51
2026-05-14T02:00+02:00,63.18
2026-05-14T02:15+02:00,61.64
2026-05-14T02:30+02:00,60.74
2026-05-14T02:45+02:00,59.4
2026-05-14T03:00+02:00,60.24
2026-05-14T03:15+02:00,59.59
2026-05-14T03:30+02:00,58.52
2026-05-14T03:45+02:00,58.39
2026-05-14T04:00+02:00,58.37
2026-05-14T04:15+02:00,57.62
2026-05-14T04:30+02:00,57.64
2026-05-14T04:45+02:00,58.48
2026-05-14T05:00+02:00,58.57
2026-05-14T05:15+02:00,57.99
2026-05-14T05:30+02:00,58.42
2026-05-14T05:45+02:00,57.49
2026-05-14T06:00+02:00,59.93
2026-05-14T06:15+02:00,60.46
2026-05-14T06:30+02:00,38.27
2026-05-14T06:45+02:00,25.01
2026-05-14T07:00+02:00,64.46
2026-05-14T07:15+02:00,36.49
2026-05-14T07:30+02:00,21.63
2026-05-14T07:45+02:00,28.39
2026-05-14T08:00+02:00,61.68
2026-05-14T08:15+02:00,60.46
2026-05-14T08:30+02:00,23.27
2026-05-14T08:45+02:00,21.22
2026-05-14T09:00+02:00,22.74
2026-05-14T09:15+02:00,20.01
2026-05-14T09:30+02:00,18.01
2026-05-14T09:45+02:00,16.03
2026-05-14T10:00+02:00,17.79
2026-05-14T10:15+02:00,15.93
2026-05-14T10:30+02:00,14.3
2026-05-14T10:45+02:00,14.02
2026-05-14T11:00+02:00,15.64
2026-05-14T11:15+02:00,14.99
2026-05-14T11:30+02:00,14.04
2026-05-14T11:45+02:00,14.82
2026-05-14T12:00+02:00,17.41
2026-05-14T12:15+02:00,15.24
2026-05-14T12:30+02:00,14.17
2026-05-14T12:45+02:00,11.13
2026-05-14T13:00+02:00,10.67
2026-05-14T13:15+02:00,8.64
2026-05-14T13:30+02:00,7.15
2026-05-14T13:45+02:00,5.98
2026-05-14T14:00+02:00,5.53
2026-05-14T14:15+02:00,6.4
2026-05-14T14:30+02:00,6.48
2026-05-14T14:45+02:00,7.38
2026-05-14T15:00+02:00,5.91
2026-05-14T15:15+02:00,8.99
2026-05-14T15:30+02:00,18.71
2026-05-14T15:45+02:00,40.93
2026-05-14T16:00+02:00,23.15
2026-05-14T16:15+02:00,29.7
2026-05-14T16:30+02:00,34.96
2026-05-14T16:45+02:00,50.02
2026-05-14T17:00+02:00,20.04
2026-05-14T17:15+02:00,42.08
2026-05-14T17:30+02:00,58.6
2026-05-14T17:45+02:00,86.81
2026-05-14T18:00+02:00,72.77
2026-05-14T18:15+02:00,88.53
2026-05-14T18:30+02:00,94.3
2026-05-14T18:45+02:00,97.37
2026-05-14T19:00+02:00,92.83
2026-05-14T19:15+02:00,95.69
2026-05-14T19:30+02:00,100
2026-05-14T19:45+02:00,102.71
2026-05-14T20:00+02:00,100.99
2026-05-14T20:15+02:00,102.35
2026-05-14T20:30+02:00,103.82
2026-05-14T20:45+02:00,104.88
2026-05-14T21:00+02:00,103.77
2026-05-14T21:15+02:00,103.18
2026-05-14T21:30+02:00,101.1
2026-05-14T21:45+02:00,97.8
2026-05-14T22:00+02:00,102.48
2026-05-14T22:15+02:00,99.27
2026-05-14T22:30+02:00,95.97
2026-05-14T22:45+02:00,88.76
2026-05-14T23:00+02:00,97.98
2026-05-14T23:15+02:00,91.45
2026-05-14T23:30+02:00,89.1
2026-05-14T23:45+02:00,84.09
2026-05-15T00:00+02:00,95.25
2026-05-15T00:15+02:00,91.98
2026-05-15T00:30+02:00,89.94
2026-05-15T00:45+02:00,85
2026-05-15T01:00+02:00,90.18
2026-05-15T01:15+02:00,86.41
2026-05-15T01:30+02:00,86.08
2026-05-15T01:45+02:00,85.68
2026-05-15T02:00+02:00,85
2026-05-15T02:15+02:00,87.48
2026-05-15T02:30+02:00,87.09
2026-05-15T02:45+02:00,89.13
2026-05-15T03:00+02:00,83.21
2026-05-15T03:15+02:00,85.65
2026-05-15T03:30+02:00,88.44
2026-05-15T03:45+02:00,93.65
2026-05-15T04:00+02:00,84.99
2026-05-15T04:15+02:00,85.69
2026-05-15T04:30+02:00,87.65
2026-05-15T04:45+02:00,90.62
2026-05-15T05:00+02:00,79.99
2026-05-15T05:15+02:00,85.29
2026-05-15T05:30+02:00,91.35
2026-05-15T05:45+02:00,100.05
2026-05-15T06:00+02:00,80
2026-05-15T06:15+02:00,98.44
2026-05-15T06:30+02:00,106.54
2026-05-15T06:45+02:00,117.6
2026-05-15T07:00+02:00,104.25
2026-05-15T07:15+02:00,107.3
2026-05-15T07:30+02:00,105.21
2026-05-15T07:45+02:00,102.4
2026-05-15T08:00+02:00,112.55
2026-05-15T08:15+02:00,102
2026-05-15T08:30+02:00,97.37
2026-05-15T08:45+02:00,89.08
2026-05-15T09:00+02:00,99.11
2026-05-15T09:15+02:00,91.03
2026-05-15T09:30+02:00,81.47
2026-05-15T09:45+02:00,71.74
2026-05-15T10:00+02:00,89.56
2026-05-15T10:15+02:00,76.48
2026-05-15T10:30+02:00,63.85
2026-05-15T10:45+02:00,42.96
2026-05-15T11:00+02:00,72.76
2026-05-15T11:15+02:00,62.53
2026-05-15T11:30+02:00,59.13
2026-05-15T11:45+02:00,46.01
2026-05-15T12:00+02:00,70.79
2026-05-15T12:15+02:00,59.48
2026-05-15T12:30+02:00,47.16
2026-05-15T12:45+02:00,37.06
2026-05-15T13:00+02:00,53.49
2026-05-15T13:15+02:00,42.2
2026-05-15T13:30+02:00,39.47
2026-05-15T13:45+02:00,32.66
2026-05-15T14:00+02:00,33.12
2026-05-15T14:15+02:00,38.27
2026-05-15T14:30+02:00,44.7
2026-05-15T14:45+02:00,49.9
2026-05-15T15:00+02:00,28.77
2026-05-15T15:15+02:00,44.43
2026-05-15T15:30+02:00,57.93
2026-05-15T15:45+02:00,81
2026-05-15T16:00+02:00,38.55
2026-05-15T16:15+02:00,68.34
2026-05-15T16:30+02:00,93.98
2026-05-15T16:45+02:00,104.24
2026-05-15T17:00+02:00,80.76
2026-05-15T17:15+02:00,95.49
2026-05-15T17:30+02:00,112
2026-05-15T17:45+02:00,119.01
2026-05-15T18:00+02:00,106.18
2026-05-15T18:15+02:00,111.46
2026-05-15T18:30+02:00,119.14
2026-05-15T18:45+02:00,119.38
2026-05-15T19:00+02:00,116
2026-05-15T19:15+02:00,118.37
2026-05-15T19:30+02:00,121.18
2026-05-15T19:45+02:00,125.5
2026-05-15T20:00+02:00,125.31
2026-05-15T20:15+02:00,123.38
2026-05-15T20:30+02:00,121.98
2026-05-15T20:45+02:00,120.46
2026-05-15T21:00+02:00,128.18
2026-05-15T21:15+02:00,123.48
2026-05-15T21:30+02:00,122.1
2026-05-15T21:45+02:00,116
2026-05-15T22:00+02:00,128.74
2026-05-15T22:15+02:00,121.81
2026-05-15T22:30+02:00,114.99
2026-05-15T22:45+02:00,112.19
2026-05-15T23:00+02:00,116
2026-05-15T23:15+02:00,116.88
2026-05-15T23:30+02:00,114.93
2026-05-15T23:45+02:00,108.28
2026-05-16T00:00+02:00,104.12
2026-05-16T00:15+02:00,107.33
2026-05-16T00:30+02:00,113.8
2026-05-16T00:45+02:00,119.07
2026-05-16T01:00+02:00,112.79
2026-05-16T01:15+02:00,113.21
2026-05-16T01:30+02:00,113.81
2026-05-16T01:45+02:00,110.16
2026-05-16T02:00+02:00,115.05
2026-05-16T02:15+02:00,112.6
2026-05-16T02:30+02:00,108.8
2026-05-16T02:45+02:00,102.74
2026-05-16T03:00+02:00,113.16
2026-05-16T03:15+02:00,108.2
2026-05-16T03:30+02:00,104.63
2026-05-16T03:45+02:00,96.38
2026-05-16T04:00+02:00,107.56
2026-05-16T04:15+02:00,101.59
2026-05-16T04:30+02:00,103.19
2026-05-16T04:45+02:00,101.51
2026-05-16T05:00+02:00,96.28
2026-05-16T05:15+02:00,103.81
2026-05-16T05:30+02:00,103.58
2026-05-16T05:45+02:00,102.92
2026-05-16T06:00+02:00,103.14
2026-05-16T06:15+02:00,103.26
2026-05-16T06:30+02:00,102.47
2026-05-16T06:45+02:00,97.51
2026-05-16T07:00+02:00,106.03
2026-05-16T07:15+02:00,100.73
2026-05-16T07:30+02:00,96.28
2026-05-16T07:45+02:00,88.22
2026-05-16T08:00+02:00,99.15
2026-05-16T08:15+02:00,93.09
2026-05-16T08:30+02:00,79.96
2026-05-16T08:45+02:00,61.03
2026-05-16T09:00+02:00,99.41
2026-05-16T09:15+02:00,64.24
2026-05-16T09:30+02:00,26.1
2026-05-16T09:45+02:00,23.98
2026-05-16T10:00+02:00,54.27
2026-05-16T10:15+02:00,39.38
2026-05-16T10:30+02:00,34
2026-05-16T10:45+02:00,28.63
2026-05-16T11:00+02:00,50.1
2026-05-16T11:15+02:00,41.31
2026-05-16T11:30+02:00,31.38
2026-05-16T11:45+02:00,30.36
2026-05-16T12:00+02:00,52.68
2026-05-16T12:15+02:00,36.26
2026-05-16T12:30+02:00,30.57
2026-05-16T12:45+02:00,23.99
2026-05-16T13:00+02:00,39.44
2026-05-16T13:15+02:00,31.84
2026-05-16T13:30+02:00,31.32
2026-05-16T13:45+02:00,28.61
2026-05-16T14:00+02:00,31.32
2026-05-16T14:15+02:00,31.39
2026-05-16T14:30+02:00,36.12
2026-05-16T14:45+02:00,43.09
2026-05-16T15:00+02:00,31.31
2026-05-16T15:15+02:00,33.28
2026-05-16T15:30+02:00,32.86
2026-05-16T15:45+02:00,45.88
2026-05-16T16:00+02:00,21.29
2026-05-16T16:15+02:00,31.34
2026-05-16T16:30+02:00,49.42
2026-05-16T16:45+02:00,63.48
2026-05-16T17:00+02:00,15.54
2026-05-16T17:15+02:00,45.88
2026-05-16T17:30+02:00,88.1
2026-05-16T17:45+02:00,108.71
2026-05-16T18:00+02:00,70.31
2026-05-16T18:15+02:00,94.19
2026-05-16T18:30+02:00,112.45
2026-05-16T18:45+02:00,117.99
2026-05-16T19:00+02:00,110.08
2026-05-16T19:15+02:00,118.82
2026-05-16T19:30+02:00,122.68
2026-05-16T19:45+02:00,118.42
2026-05-16T20:00+02:00,123.55
2026-05-16T20:15+02:00,123.78
2026-05-16T20:30+02:00,120.73
2026-05-16T20:45+02:00,115.38
2026-05-16T21:00+02:00,127.07
2026-05-16T21:15+02:00,123.6
2026-05-16T21:30+02:00,115.5
2026-05-16T21:45+02:00,109.79
2026-05-16T22:00+02:00,129.33
2026-05-16T22:15+02:00,120.44
2026-05-16T22:30+02:00,106.2
2026-05-16T22:45+02:00,101.67
2026-05-16T23:00+02:00,107.75
2026-05-16T23:15+02:00,102.7
2026-05-16T23:30+02:00,100.01
2026-05-16T23:45+02:00,94.07
2026-05-17T00:00+02:00,100
2026-05-17T00:15+02:00,94.62
2026-05-17T00:30+02:00,85.78
2026-05-17T00:45+02:00,79.61
2026-05-17T01:00+02:00,87.38
2026-05-17T01:15+02:00,79.99
2026-05-17T01:30+02:00,78.21
2026-05-17T01:45+02:00,61.61
2026-05-17T02:00+02:00,87.05
2026-05-17T02:15+02:00,83.06
2026-05-17T02:30+02:00,79.99
2026-05-17T02:45+02:00,79.13
2026-05-17T03:00+02:00,84.86
2026-05-17T03:15+02:00,85.91
2026-05-17T03:30+02:00,85.19
2026-05-17T03:45+02:00,81.19
2026-05-17T04:00+02:00,78.94
2026-05-17T04:15+02:00,79.99
2026-05-17T04:30+02:00,76.34
2026-05-17T04:45+02:00,74.46
2026-05-17T05:00+02:00,78.47
2026-05-17T05:15+02:00,79.99
2026-05-17T05:30+02:00,78.76
2026-05-17T05:45+02:00,67.7
2026-05-17T06:00+02:00,75.79
2026-05-17T06:15+02:00,67.42
2026-05-17T06:30+02:00,74.58
2026-05-17T06:45+02:00,72.56
2026-05-17T07:00+02:00,81.08
2026-05-17T07:15+02:00,80
2026-05-17T07:30+02:00,69.58
2026-05-17T07:45+02:00,60.32
2026-05-17T08:00+02:00,83.95
2026-05-17T08:15+02:00,64.56
2026-05-17T08:30+02:00,48.44
2026-05-17T08:45+02:00,17.38
2026-05-17T09:00+02:00,40.26
2026-05-17T09:15+02:00,23.26
2026-05-17T09:30+02:00,16.64
2026-05-17T09:45+02:00,11.94
2026-05-17T10:00+02:00,17.74
2026-05-17T10:15+02:00,16.34
2026-05-17T10:30+02:00,11.48
2026-05-17T10:45+02:00,9.71
2026-05-17T11:00+02:00,11.59
2026-05-17T11:15+02:00,10.05
2026-05-17T11:30+02:00,8.67
2026-05-17T11:45+02:00,6.95
2026-05-17T12:00+02:00,7.87
2026-05-17T12:15+02:00,7.76
2026-05-17T12:30+02:00,7.14
2026-05-17T12:45+02:00,6.33
2026-05-17T13:00+02:00,6.42
2026-05-17T13:15+02:00,6.4
2026-05-17T13:30+02:00,6.39
2026-05-17T13:45+02:00,6.37
2026-05-17T14:00+02:00,6.49
2026-05-17T14:15+02:00,6.49
2026-05-17T14:30+02:00,5.89
2026-05-17T14:45+02:00,7
2026-05-17T15:00+02:00,6.14
2026-05-17T15:15+02:00,8.58
2026-05-17T15:30+02:00,16.13
2026-05-17T15:45+02:00,30.37
2026-05-17T16:00+02:00,13.01
2026-05-17T16:15+02:00,26.28
2026-05-17T16:30+02:00,65.16
2026-05-17T16:45+02:00,97.83
2026-05-17T17:00+02:00,50.09
2026-05-17T17:15+02:00,77.05
2026-05-17T17:30+02:00,98.08
2026-05-17T17:45+02:00,110.14
2026-05-17T18:00+02:00,87.44
2026-05-17T18:15+02:00,98.68
2026-05-17T18:30+02:00,107.89
2026-05-17T18:45+02:00,117.77
2026-05-17T19:00+02:00,107.23
2026-05-17T19:15+02:00,111.08
2026-05-17T19:30+02:00,114.65
2026-05-17T19:45+02:00,118.65
2026-05-17T20:00+02:00,118.52
2026-05-17T20:15+02:00,118.1
2026-05-17T20:30+02:00,116.21
2026-05-17T20:45+02:00,112.72
2026-05-17T21:00+02:00,127.64
2026-05-17T21:15+02:00,126.04
2026-05-17T21:30+02:00,117.24
2026-05-17T21:45+02:00,110.46
2026-05-17T22:00+02:00,122.67
2026-05-17T22:15+02:00,113.22
2026-05-17T22:30+02:00,109.46
2026-05-17T22:45+02:00,103.53
2026-05-17T23:00+02:00,109.22
2026-05-17T23:15+02:00,106.73
2026-05-17T23:30+02:00,105.02
2026-05-17T23:45+02:00,97.88
2026-05-18T00:00+02:00,102.33
2026-05-18T00:15+02:00,97.67
2026-05-18T00:30+02:00,90
2026-05-18T00:45+02:00,88.27
2026-05-18T01:00+02:00,90.64
2026-05-18T01:15+02:00,90.77
2026-05-18T01:30+02:00,90.46
2026-05-18T01:45+02:00,90
2026-05-18T02:00+02:00,89.06
2026-05-18T02:15+02:00,89.99
2026-05-18T02:30+02:00,91.5
2026-05-18T02:45+02:00,93.9
2026-05-18T03:00+02:00,88.08
2026-05-18T03:15+02:00,91.24
2026-05-18T03:30+02:00,93.24
2026-05-18T03:45+02:00,98.08
2026-05-18T04:00+02:00,87.47
2026-05-18T04:15+02:00,94.52
2026-05-18T04:30+02:00,106.72
2026-05-18T04:45+02:00,120.89
2026-05-18T05:00+02:00,87.67
2026-05-18T05:15+02:00,98.37
2026-05-18T05:30+02:00,113.25
2026-05-18T05:45+02:00,139.32
2026-05-18T06:00+02:00,106.26
2026-05-18T06:15+02:00,124.55
2026-05-18T06:30+02:00,141.58
2026-05-18T06:45+02:00,149.91
2026-05-18T07:00+02:00,144.75
2026-05-18T07:15+02:00,142.35
2026-05-18T07:30+02:00,145.03
2026-05-18T07:45+02:00,133.2
2026-05-18T08:00+02:00,149.27
2026-05-18T08:15+02:00,144.96
2026-05-18T08:30+02:00,136.67
2026-05-18T08:45+02:00,123.36
2026-05-18T09:00+02:00,138.65
2026-05-18T09:15+02:00,127.66
2026-05-18T09:30+02:00,115.92
2026-05-18T09:45+02:00,103.65
2026-05-18T10:00+02:00,116.11
2026-05-18T10:15+02:00,104.43
2026-05-18T10:30+02:00,101.98
2026-05-18T10:45+02:00,94.35
2026-05-18T11:00+02:00,102.84
2026-05-18T11:15+02:00,99.75
2026-05-18T11:30+02:00,98.08
2026-05-18T11:45+02:00,98.03
2026-05-18T12:00+02:00,101.1
2026-05-18T12:15+02:00,95.84
2026-05-18T12:30+02:00,92.95
2026-05-18T12:45+02:00,90
2026-05-18T13:00+02:00,95.25
2026-05-18T13:15+02:00,96.83
2026-05-18T13:30+02:00,99.42
2026-05-18T13:45+02:00,93.83
2026-05-18T14:00+02:00,88.87
2026-05-18T14:15+02:00,95.77
2026-05-18T14:30+02:00,102.75
2026-05-18T14:45+02:00,105.49
2026-05-18T15:00+02:00,90.19
2026-05-18T15:15+02:00,103.28
2026-05-18T15:30+02:00,106.34
2026-05-18T15:45+02:00,111.44
2026-05-18T16:00+02:00,99.93
2026-05-18T16:15+02:00,106.29
2026-05-18T16:30+02:00,113.62
2026-05-18T16:45+02:00,124.76
2026-05-18T17:00+02:00,109.75
2026-05-18T17:15+02:00,121.28
2026-05-18T17:30+02:00,130.66
2026-05-18T17:45+02:00,144.45
2026-05-18T18:00+02:00,130.61
2026-05-18T18:15+02:00,139.09
2026-05-18T18:30+02:00,141.24
2026-05-18T18:45+02:00,159.72
2026-05-18T19:00+02:00,143.94
2026-05-18T19:15+02:00,137.49
2026-05-18T19:30+02:00,146.89
2026-05-18T19:45+02:00,158.63
2026-05-18T20:00+02:00,162.41
2026-05-18T20:15+02:00,174.28
2026-05-18T20:30+02:00,170.51
2026-05-18T20:45+02:00,160.03
2026-05-18T21:00+02:00,159.74
2026-05-18T21:15+02:00,149.46
2026-05-18T21:30+02:00,132.56
2026-05-18T21:45+02:00,114.93
2026-05-18T22:00+02:00,133.92
2026-05-18T22:15+02:00,119.44
2026-05-18T22:30+02:00,111.64
2026-05-18T22:45+02:00,99.72
2026-05-18T23:00+02:00,116.05
2026-05-18T23:15+02:00,107.07
2026-05-18T23:30+02:00,100.21
2026-05-18T23:45+02:00,97.35
2026-05-19T00:00+02:00,100.43
2026-05-19T00:15+02:00,99.23
2026-05-19T00:30+02:00,98.07
2026-05-19T00:45+02:00,96.35
2026-05-19T01:00+02:00,96.9
2026-05-19T01:15+02:00,95.01
2026-05-19T01:30+02:00,94.42
2026-05-19T01:45+02:00,93.09
2026-05-19T02:00+02:00,93.66
2026-05-19T02:15+02:00,91.86
2026-05-19T02:30+02:00,91.63
2026-05-19T02:45+02:00,89.89
2026-05-19T03:00+02:00,91.76
2026-05-19T03:15+02:00,89.93
2026-05-19T03:30+02:00,88.12
2026-05-19T03:45+02:00,85.97
2026-05-19T04:00+02:00,90
2026-05-19T04:15+02:00,90.11
2026-05-19T04:30+02:00,91.65
2026-05-19T04:45+02:00,91.85
2026-05-19T05:00+02:00,85.5
2026-05-19T05:15+02:00,92.34
2026-05-19T05:30+02:00,94.31
2026-05-19T05:45+02:00,101.09
2026-05-19T06:00+02:00,95.81
2026-05-19T06:15+02:00,107.98
2026-05-19T06:30+02:00,109.88
2026-05-19T06:45+02:00,111.46
2026-05-19T07:00+02:00,100.27
2026-05-19T07:15+02:00,107.36
2026-05-19T07:30+02:00,116.19
2026-05-19T07:45+02:00,126.36
2026-05-19T08:00+02:00,119.99
2026-05-19T08:15+02:00,117.04
2026-05-19T08:30+02:00,105.42
2026-05-19T08:45+02:00,108.97
2026-05-19T09:00+02:00,111.68
2026-05-19T09:15+02:00,99.8
2026-05-19T09:30+02:00,97.23
2026-05-19T09:45+02:00,91.64
2026-05-19T10:00+02:00,101.43
2026-05-19T10:15+02:00,91.85
2026-05-19T10:30+02:00,86.73
2026-05-19T10:45+02:00,83.13
2026-05-19T11:00+02:00,89.45
2026-05-19T11:15+02:00,84.54
2026-05-19T11:30+02:00,79.94
2026-05-19T11:45+02:00,71.2
2026-05-19T12:00+02:00,76.72
2026-05-19T12:15+02:00,76.28
2026-05-19T12:30+02:00,70.41
2026-05-19T12:45+02:00,67.41
2026-05-19T13:00+02:00,74.21
2026-05-19T13:15+02:00,73.76
2026-05-19T13:30+02:00,72.75
2026-05-19T13:45+02:00,69.2
2026-05-19T14:00+02:00,68.6
2026-05-19T14:15+02:00,73.69
2026-05-19T14:30+02:00,76.04
2026-05-19T14:45+02:00,77.3
2026-05-19T15:00+02:00,73.99
2026-05-19T15:15+02:00,77.49
2026-05-19T15:30+02:00,80.11
2026-05-19T15:45+02:00,80.25
2026-05-19T16:00+02:00,79.23
2026-05-19T16:15+02:00,82.42
2026-05-19T16:30+02:00,86
2026-05-19T16:45+02:00,84.95
2026-05-19T17:00+02:00,91.08
2026-05-19T17:15+02:00,93.47
2026-05-19T17:30+02:00,88.28
2026-05-19T17:45+02:00,94.04
2026-05-19T18:00+02:00,93.91
2026-05-19T18:15+02:00,92.76
2026-05-19T18:30+02:00,96.11
2026-05-19T18:45+02:00,94.28
2026-05-19T19:00+02:00,98.07
2026-05-19T19:15+02:00,101.79
2026-05-19T19:30+02:00,105.14
2026-05-19T19:45+02:00,107.74
2026-05-19T20:00+02:00,119.99
2026-05-19T20:15+02:00,114.25
2026-05-19T20:30+02:00,106.9
2026-05-19T20:45+02:00,99.99
2026-05-19T21:00+02:00,109.99
2026-05-19T21:15+02:00,102.08
2026-05-19T21:30+02:00,92.02
2026-05-19T21:45+02:00,87.88
2026-05-19T22:00+02:00,99.46
2026-05-19T22:15+02:00,91.46
2026-05-19T22:30+02:00,82.75
2026-05-19T22:45+02:00,82.9
2026-05-19T23:00+02:00,83.97
2026-05-19T23:15+02:00,81.74
2026-05-19T23:30+02:00,80.19
2026-05-19T23:45+02:00,76.48
2026-05-20T00:00+02:00,79.67
2026-05-20T00:15+02:00,76.85
2026-05-20T00:30+02:00,78.23
2026-05-20T00:45+02:00,71.71
2026-05-20T01:00+02:00,75.78
2026-05-20T01:15+02:00,70.39
2026-05-20T01:30+02:00,66.67
2026-05-20T01:45+02:00,64.95
2026-05-20T02:00+02:00,66.56
2026-05-20T02:15+02:00,67.38
2026-05-20T02:30+02:00,66.1
2026-05-20T02:45+02:00,69.1
2026-05-20T03:00+02:00,69
2026-05-20T03:15+02:00,68.81
2026-05-20T03:30+02:00,71.74
2026-05-20T03:45+02:00,72.11
2026-05-20T04:00+02:00,65.09
2026-05-20T04:15+02:00,69.66
2026-05-20T04:30+02:00,72.63
2026-05-20T04:45+02:00,78.31
2026-05-20T05:00+02:00,69.72
2026-05-20T05:15+02:00,73.7
2026-05-20T05:30+02:00,80.91
2026-05-20T05:45+02:00,91.59
2026-05-20T06:00+02:00,71.19
2026-05-20T06:15+02:00,83.1
2026-05-20T06:30+02:00,96.57
2026-05-20T06:45+02:00,109.51
2026-05-20T07:00+02:00,90.98
2026-05-20T07:15+02:00,99.99
2026-05-20T07:30+02:00,103
2026-05-20T07:45+02:00,99.57
2026-05-20T08:00+02:00,102.54
2026-05-20T08:15+02:00,100
2026-05-20T08:30+02:00,102.06
2026-05-20T08:45+02:00,91.94
2026-05-20T09:00+02:00,105.75
2026-05-20T09:15+02:00,96.64
2026-05-20T09:30+02:00,86.69
2026-05-20T09:45+02:00,77.91
2026-05-20T10:00+02:00,82.6
2026-05-20T10:15+02:00,79
2026-05-20T10:30+02:00,75.53
2026-05-20T10:45+02:00,67.01
2026-05-20T11:00+02:00,75.64
2026-05-20T11:15+02:00,65.06
2026-05-20T11:30+02:00,65.58
2026-05-20T11:45+02:00,58.47
2026-05-20T12:00+02:00,73.97
2026-05-20T12:15+02:00,62.55
2026-05-20T12:30+02:00,57.58
2026-05-20T12:45+02:00,46
2026-05-20T13:00+02:00,60.61
2026-05-20T13:15+02:00,49.88
2026-05-20T13:30+02:00,42.68
2026-05-20T13:45+02:00,30.13
2026-05-20T14:00+02:00,35.4
2026-05-20T14:15+02:00,40
2026-05-20T14:30+02:00,40.6
2026-05-20T14:45+02:00,44.03
2026-05-20T15:00+02:00,32.6
2026-05-20T15:15+02:00,40.02
2026-05-20T15:30+02:00,50.2
2026-05-20T15:45+02:00,65.04
2026-05-20T16:00+02:00,18.21
2026-05-20T16:15+02:00,58.17
2026-05-20T16:30+02:00,78.23
2026-05-20T16:45+02:00,92.02
2026-05-20T17:00+02:00,62.38
2026-05-20T17:15+02:00,79.8
2026-05-20T17:30+02:00,85.75
2026-05-20T17:45+02:00,94.66
2026-05-20T18:00+02:00,87.85
2026-05-20T18:15+02:00,92.87
2026-05-20T18:30+02:00,96.57
2026-05-20T18:45+02:00,104.99
2026-05-20T19:00+02:00,96
2026-05-20T19:15+02:00,102.14
2026-05-20T19:30+02:00,103.61
2026-05-20T19:45+02:00,116.19
2026-05-20T20:00+02:00,110.74
2026-05-20T20:15+02:00,111.51
2026-05-20T20:30+02:00,110.51
2026-05-20T20:45+02:00,108.99
2026-05-20T21:00+02:00,122.1
2026-05-20T21:15+02:00,112.69
2026-05-20T21:30+02:00,104.56
2026-05-20T21:45+02:00,90.88
2026-05-20T22:00+02:00,114.42
2026-05-20T22:15+02:00,101.63
2026-05-20T22:30+02:00,90.14
2026-05-20T22:45+02:00,83.85
2026-05-20T23:00+02:00,93.36
2026-05-20T23:15+02:00,88.63
2026-05-20T23:30+02:00,85.42
2026-05-20T23:45+02:00,80.95
2026-05-21T00:00+02:00,86.3
2026-05-21T00:15+02:00,83.36
2026-05-21T00:30+02:00,81.81
2026-05-21T00:45+02:00,76.72
2026-05-21T01:00+02:00,78.6
2026-05-21T01:15+02:00,78.97
2026-05-21T01:30+02:00,77.11
2026-05-21T01:45+02:00,77.46
2026-05-21T02:00+02:00,75.9
2026-05-21T02:15+02:00,75.94
2026-05-21T02:30+02:00,75.37
2026-05-21T02:45+02:00,75.52
2026-05-21T03:00+02:00,71.48
2026-05-21T03:15+02:00,73.67
2026-05-21T03:30+02:00,74.71
2026-05-21T03:45+02:00,77.78
2026-05-21T04:00+02:00,71.83
2026-05-21T04:15+02:00,77
2026-05-21T04:30+02:00,85.81
2026-05-21T04:45+02:00,90.1
2026-05-21T05:00+02:00,75.96
2026-05-21T05:15+02:00,87.11
2026-05-21T05:30+02:00,96.3
2026-05-21T05:45+02:00,119.14
2026-05-21T06:00+02:00,73.26
2026-05-21T06:15+02:00,92.41
2026-05-21T06:30+02:00,121.83
2026-05-21T06:45+02:00,137.94
2026-05-21T07:00+02:00,129.24
2026-05-21T07:15+02:00,127.57
2026-05-21T07:30+02:00,130.73
2026-05-21T07:45+02:00,128.86
2026-05-21T08:00+02:00,138.53
2026-05-21T08:15+02:00,123.43
2026-05-21T08:30+02:00,114.76
2026-05-21T08:45+02:00,106.95
2026-05-21T09:00+02:00,112.33
2026-05-21T09:15+02:00,97.33
2026-05-21T09:30+02:00,92.1
2026-05-21T09:45+02:00,84.48
2026-05-21T10:00+02:00,97.89
2026-05-21T10:15+02:00,86.35
2026-05-21T10:30+02:00,72.52
2026-05-21T10:45+02:00,55.63
2026-05-21T11:00+02:00,73.65
2026-05-21T11:15+02:00,55.42
2026-05-21T11:30+02:00,41.71
2026-05-21T11:45+02:00,30.05
2026-05-21T12:00+02:00,51.96
2026-05-21T12:15+02:00,48.53
2026-05-21T12:30+02:00,39.06
2026-05-21T12:45+02:00,28.87
2026-05-21T13:00+02:00,43.71
2026-05-21T13:15+02:00,39.52
2026-05-21T13:30+02:00,33.45
2026-05-21T13:45+02:00,30.26
2026-05-21T14:00+02:00,30.3
2026-05-21T14:15+02:00,37.14
2026-05-21T14:30+02:00,33.91
2026-05-21T14:45+02:00,30.77
2026-05-21T15:00+02:00,26.27
2026-05-21T15:15+02:00,24.36
2026-05-21T15:30+02:00,48.55
2026-05-21T15:45+02:00,67.43
2026-05-21T16:00+02:00,27.42
2026-05-21T16:15+02:00,66.89
2026-05-21T16:30+02:00,90.19
2026-05-21T16:45+02:00,99.03
2026-05-21T17:00+02:00,66.86
2026-05-21T17:15+02:00,91.9
2026-05-21T17:30+02:00,106.81
2026-05-21T17:45+02:00,120.89
2026-05-21T18:00+02:00,107.2
2026-05-21T18:15+02:00,118.01
2026-05-21T18:30+02:00,132.91
2026-05-21T18:45+02:00,146.2
2026-05-21T19:00+02:00,127.29
2026-05-21T19:15+02:00,132.17
2026-05-21T19:30+02:00,144.89
2026-05-21T19:45+02:00,168.52
2026-05-21T20:00+02:00,152.74
2026-05-21T20:15+02:00,160.32
2026-05-21T20:30+02:00,167.23
2026-05-21T20:45+02:00,173.39
2026-05-21T21:00+02:00,170.63
2026-05-21T21:15+02:00,160.17
2026-05-21T21:30+02:00,147.85
2026-05-21T21:45+02:00,131.2
2026-05-21T22:00+02:00,164.48
2026-05-21T22:15+02:00,141.77
2026-05-21T22:30+02:00,124.15
2026-05-21T22:45+02:00,108.1
2026-05-21T23:00+02:00,122.73
2026-05-21T23:15+02:00,100.54
2026-05-21T23:30+02:00,90.24
2026-05-21T23:45+02:00,85.5
2026-05-22T00:00+02:00,94.38
2026-05-22T00:15+02:00,90.93
2026-05-22T00:30+02:00,88.16
2026-05-22T00:45+02:00,84.09
2026-05-22T01:00+02:00,90.38
2026-05-22T01:15+02:00,88.1
2026-05-22T01:30+02:00,86.77
2026-05-22T01:45+02:00,85.02
2026-05-22T02:00+02:00,87.12
2026-05-22T02:15+02:00,87.3
2026-05-22T02:30+02:00,86.08
2026-05-22T02:45+02:00,86.35
2026-05-22T03:00+02:00,87.95
2026-05-22T03:15+02:00,85.75
2026-05-22T03:30+02:00,84.72
2026-05-22T03:45+02:00,84.53
2026-05-22T04:00+02:00,83.32
2026-05-22T04:15+02:00,84.87
2026-05-22T04:30+02:00,84.77
2026-05-22T04:45+02:00,88.78
2026-05-22T05:00+02:00,102.46
2026-05-22T05:15+02:00,109.64
2026-05-22T05:30+02:00,110
2026-05-22T05:45+02:00,126.8
2026-05-22T06:00+02:00,115.99
2026-05-22T06:15+02:00,125.78
2026-05-22T06:30+02:00,134.88
2026-05-22T06:45+02:00,135.11
2026-05-22T07:00+02:00,138.48
2026-05-22T07:15+02:00,138.49
2026-05-22T07:30+02:00,128.76
2026-05-22T07:45+02:00,113.12
2026-05-22T08:00+02:00,136.93
2026-05-22T08:15+02:00,125.08
2026-05-22T08:30+02:00,115.88
2026-05-22T08:45+02:00,99.42
2026-05-22T09:00+02:00,114.97
2026-05-22T09:15+02:00,104.56
2026-05-22T09:30+02:00,81.15
2026-05-22T09:45+02:00,54.96
2026-05-22T10:00+02:00,93.17
2026-05-22T10:15+02:00,62.96
2026-05-22T10:30+02:00,16.42
2026-05-22T10:45+02:00,13.51
2026-05-22T11:00+02:00,46.39
2026-05-22T11:15+02:00,37.82
2026-05-22T11:30+02:00,34.99
2026-05-22T11:45+02:00,23.89
2026-05-22T12:00+02:00,32.21
2026-05-22T12:15+02:00,31.37
2026-05-22T12:30+02:00,27.34
2026-05-22T12:45+02:00,21.4
2026-05-22T13:00+02:00,29.87
2026-05-22T13:15+02:00,27.63
2026-05-22T13:30+02:00,23.33
2026-05-22T13:45+02:00,19.28
2026-05-22T14:00+02:00,24.07
2026-05-22T14:15+02:00,20.17
2026-05-22T14:30+02:00,15.73
2026-05-22T14:45+02:00,14.62
2026-05-22T15:00+02:00,13.47
2026-05-22T15:15+02:00,13.93
2026-05-22T15:30+02:00,23.61
2026-05-22T15:45+02:00,50.83
2026-05-22T16:00+02:00,14.85
2026-05-22T16:15+02:00,52.95
2026-05-22T16:30+02:00,73.97
2026-05-22T16:45+02:00,84.45
2026-05-22T17:00+02:00,57.35
2026-05-22T17:15+02:00,74.88
2026-05-22T17:30+02:00,87.59
2026-05-22T17:45+02:00,109.99
2026-05-22T18:00+02:00,86.5
2026-05-22T18:15+02:00,109.05
2026-05-22T18:30+02:00,115.93
2026-05-22T18:45+02:00,125.23
2026-05-22T19:00+02:00,106.91
2026-05-22T19:15+02:00,117.56
2026-05-22T19:30+02:00,127.21
2026-05-22T19:45+02:00,153.33
2026-05-22T20:00+02:00,140.11
2026-05-22T20:15+02:00,137.63
2026-05-22T20:30+02:00,138.51
2026-05-22T20:45+02:00,117.77
2026-05-22T21:00+02:00,152.79
2026-05-22T21:15+02:00,129.12
2026-05-22T21:30+02:00,105.2
2026-05-22T21:45+02:00,102.01
2026-05-22T22:00+02:00,112.68
2026-05-22T22:15+02:00,91.33
2026-05-22T22:30+02:00,80.26
2026-05-22T22:45+02:00,72.06
2026-05-22T23:00+02:00,91.51
2026-05-22T23:15+02:00,84.01
2026-05-22T23:30+02:00,76.48
2026-05-22T23:45+02:00,72.04
2026-05-23T00:00+02:00,66.32
2026-05-23T00:15+02:00,65.62
2026-05-23T00:30+02:00,63.06
2026-05-23T00:45+02:00,60.14
2026-05-23T01:00+02:00,63.98
2026-05-23T01:15+02:00,63.13
2026-05-23T01:30+02:00,63.08
2026-05-23T01:45+02:00,62.77
2026-05-23T02:00+02:00,62.47
2026-05-23T02:15+02:00,62.46
2026-05-23T02:30+02:00,62.38
2026-05-23T02:45+02:00,63.1
2026-05-23T03:00+02:00,60.46
2026-05-23T03:15+02:00,62.04
2026-05-23T03:30+02:00,63.45
2026-05-23T03:45+02:00,63.63
2026-05-23T04:00+02:00,62.72
2026-05-23T04:15+02:00,62.95
2026-05-23T04:30+02:00,63.54
2026-05-23T04:45+02:00,63.92
2026-05-23T05:00+02:00,63.57
2026-05-23T05:15+02:00,63.65
2026-05-23T05:30+02:00,63.06
2026-05-23T05:45+02:00,62.98
2026-05-23T06:00+02:00,64.2
2026-05-23T06:15+02:00,63.62
2026-05-23T06:30+02:00,62.79
2026-05-23T06:45+02:00,60.88
2026-05-23T07:00+02:00,66.3
2026-05-23T07:15+02:00,64.15
2026-05-23T07:30+02:00,60.39
2026-05-23T07:45+02:00,45.98
2026-05-23T08:00+02:00,69.2
2026-05-23T08:15+02:00,52.24
2026-05-23T08:30+02:00,20.23
2026-05-23T08:45+02:00,4.28
2026-05-23T09:00+02:00,12.59
2026-05-23T09:15+02:00,3.8
2026-05-23T09:30+02:00,2.69
2026-05-23T09:45+02:00,2.2
2026-05-23T10:00+02:00,3.44
2026-05-23T10:15+02:00,3
2026-05-23T10:30+02:00,2.79
2026-05-23T10:45+02:00,2.11
2026-05-23T11:00+02:00,2.86
2026-05-23T11:15+02:00,2.05
2026-05-23T11:30+02:00,1.45
2026-05-23T11:45+02:00,1.38
2026-05-23T12:00+02:00,1.51
2026-05-23T12:15+02:00,1.2
2026-05-23T12:30+02:00,0.8
2026-05-23T12:45+02:00,0.25
2026-05-23T13:00+02:00,0.21
2026-05-23T13:15+02:00,0.25
2026-05-23T13:30+02:00,-0.01
2026-05-23T13:45+02:00,-0.13
2026-05-23T14:00+02:00,0
2026-05-23T14:15+02:00,0
2026-05-23T14:30+02:00,0.14
2026-05-23T14:45+02:00,0.02
2026-05-23T15:00+02:00,0.21
2026-05-23T15:15+02:00,0.59
2026-05-23T15:30+02:00,0.85
2026-05-23T15:45+02:00,1.19
2026-05-23T16:00+02:00,1.35
2026-05-23T16:15+02:00,1.73
2026-05-23T16:30+02:00,1.84
2026-05-23T16:45+02:00,2.49
2026-05-23T17:00+02:00,1.61
2026-05-23T17:15+02:00,3.95
2026-05-23T17:30+02:00,14.09
2026-05-23T17:45+02:00,19.21
2026-05-23T18:00+02:00,8.61
2026-05-23T18:15+02:00,15.23
2026-05-23T18:30+02:00,46.91
2026-05-23T18:45+02:00,59.35
2026-05-23T19:00+02:00,30.21
2026-05-23T19:15+02:00,60.21
2026-05-23T19:30+02:00,61.82
2026-05-23T19:45+02:00,60.37
2026-05-23T20:00+02:00,63.07
2026-05-23T20:15+02:00,62.56
2026-05-23T20:30+02:00,61.86
2026-05-23T20:45+02:00,59.71
2026-05-23T21:00+02:00,63.22
2026-05-23T21:15+02:00,62.67
2026-05-23T21:30+02:00,59.32
2026-05-23T21:45+02:00,58.66
2026-05-23T22:00+02:00,61.24
2026-05-23T22:15+02:00,55.7
2026-05-23T22:30+02:00,48.33
2026-05-23T22:45+02:00,10
2026-05-23T23:00+02:00,11.73
2026-05-23T23:15+02:00,6.95
2026-05-23T23:30+02:00,6.95
2026-05-23T23:45+02:00,6.43
2026-05-24T00:00+02:00,47.15
2026-05-24T00:15+02:00,26.13
2026-05-24T00:30+02:00,21.5
2026-05-24T00:45+02:00,10
2026-05-24T01:00+02:00,10.06
2026-05-24T01:15+02:00,10
2026-05-24T01:30+02:00,8.42
2026-05-24T01:45+02:00,8.16
2026-05-24T02:00+02:00,10
2026-05-24T02:15+02:00,10.01
2026-05-24T02:30+02:00,10
2026-05-24T02:45+02:00,10
2026-05-24T03:00+02:00,14.11
2026-05-24T03:15+02:00,16.73
2026-05-24T03:30+02:00,14.15
2026-05-24T03:45+02:00,11.01
2026-05-24T04:00+02:00,10.01
2026-05-24T04:15+02:00,10
2026-05-24T04:30+02:00,9.95
2026-05-24T04:45+02:00,8.05
2026-05-24T05:00+02:00,17.04
2026-05-24T05:15+02:00,17.38
2026-05-24T05:30+02:00,6.95
2026-05-24T05:45+02:00,6.95
2026-05-24T06:00+02:00,7.72
2026-05-24T06:15+02:00,7.71
2026-05-24T06:30+02:00,7.72
2026-05-24T06:45+02:00,6.95
2026-05-24T07:00+02:00,29.44
2026-05-24T07:15+02:00,29.38
2026-05-24T07:30+02:00,22.62
2026-05-24T07:45+02:00,10.01
2026-05-24T08:00+02:00,29.24
2026-05-24T08:15+02:00,4.58
2026-05-24T08:30+02:00,1.83
2026-05-24T08:45+02:00,0
2026-05-24T09:00+02:00,0.01
2026-05-24T09:15+02:00,0
2026-05-24T09:30+02:00,-0.01
2026-05-24T09:45+02:00,-0.11
2026-05-24T10:00+02:00,-0.11
2026-05-24T10:15+02:00,-0.88
2026-05-24T10:30+02:00,-1.63
2026-05-24T10:45+02:00,-2.22
2026-05-24T11:00+02:00,-2.24
2026-05-24T11:15+02:00,-3.19
2026-05-24T11:30+02:00,-4.5
2026-05-24T11:45+02:00,-6.67
2026-05-24T12:00+02:00,-5
2026-05-24T12:15+02:00,-6.95
2026-05-24T12:30+02:00,-9.3
2026-05-24T12:45+02:00,-9.95
2026-05-24T13:00+02:00,-9.76
2026-05-24T13:15+02:00,-11.33
2026-05-24T13:30+02:00,-12.22
2026-05-24T13:45+02:00,-13.04
2026-05-24T14:00+02:00,-14.49
2026-05-24T14:15+02:00,-13.97
2026-05-24T14:30+02:00,-13.25
2026-05-24T14:45+02:00,-10.56
2026-05-24T15:00+02:00,-13.71
2026-05-24T15:15+02:00,-8.62
2026-05-24T15:30+02:00,-5.01
2026-05-24T15:45+02:00,-2.94
2026-05-24T16:00+02:00,-2
2026-05-24T16:15+02:00,-1
2026-05-24T16:30+02:00,-0.26
2026-05-24T16:45+02:00,-0.03
2026-05-24T17:00+02:00,-0.01
2026-05-24T17:15+02:00,0.02
2026-05-24T17:30+02:00,2
2026-05-24T17:45+02:00,4.31
2026-05-24T18:00+02:00,13.88
2026-05-24T18:15+02:00,47.48
2026-05-24T18:30+02:00,49.92
2026-05-24T18:45+02:00,54.09
2026-05-24T19:00+02:00,54.49
2026-05-24T19:15+02:00,64.27
2026-05-24T19:30+02:00,64.08
2026-05-24T19:45+02:00,65.54
2026-05-24T20:00+02:00,64.13
2026-05-24T20:15+02:00,64.16
2026-05-24T20:30+02:00,64.07
2026-05-24T20:45+02:00,63.78
2026-05-24T21:00+02:00,65.3
2026-05-24T21:15+02:00,64.83
2026-05-24T21:30+02:00,61.94
2026-05-24T21:45+02:00,59.07
2026-05-24T22:00+02:00,64.93
2026-05-24T22:15+02:00,61.78
2026-05-24T22:30+02:00,54.87
2026-05-24T22:45+02:00,54.74
2026-05-24T23:00+02:00,61.41
2026-05-24T23:15+02:00,60.37
2026-05-24T23:30+02:00,59.58
2026-05-24T23:45+02:00,46.55
2026-05-25T00:00+02:00,62.18
2026-05-25T00:15+02:00,61.05
2026-05-25T00:30+02:00,60.51
2026-05-25T00:45+02:00,54.38
2026-05-25T01:00+02:00,59.76
2026-05-25T01:15+02:00,58.7
2026-05-25T01:30+02:00,59.53
2026-05-25T01:45+02:00,58.3
2026-05-25T02:00+02:00,58.14
2026-05-25T02:15+02:00,57.98
2026-05-25T02:30+02:00,57.56
2026-05-25T02:45+02:00,55.91
2026-05-25T03:00+02:00,57.35
2026-05-25T03:15+02:00,57.22
2026-05-25T03:30+02:00,57.86
2026-05-25T03:45+02:00,58.77
2026-05-25T04:00+02:00,57.03
2026-05-25T04:15+02:00,57.25
2026-05-25T04:30+02:00,57.4
2026-05-25T04:45+02:00,57.6
2026-05-25T05:00+02:00,56.8
2026-05-25T05:15+02:00,57.49
2026-05-25T05:30+02:00,58.35
2026-05-25T05:45+02:00,58.46
2026-05-25T06:00+02:00,60.14
2026-05-25T06:15+02:00,61.48
2026-05-25T06:30+02:00,61.23
2026-05-25T06:45+02:00,59.22
2026-05-25T07:00+02:00,67.65
2026-05-25T07:15+02:00,61.21
2026-05-25T07:30+02:00,57.91
2026-05-25T07:45+02:00,53.19
2026-05-25T08:00+02:00,59.03
2026-05-25T08:15+02:00,54.06
2026-05-25T08:30+02:00,42.49
2026-05-25T08:45+02:00,5.47
2026-05-25T09:00+02:00,11.74
2026-05-25T09:15+02:00,2.83
2026-05-25T09:30+02:00,1.83
2026-05-25T09:45+02:00,0.98
2026-05-25T10:00+02:00,0.17
2026-05-25T10:15+02:00,0.04
2026-05-25T10:30+02:00,0
2026-05-25T10:45+02:00,-0.01
2026-05-25T11:00+02:00,-0.05
2026-05-25T11:15+02:00,-0.16
2026-05-25T11:30+02:00,-0.47
2026-05-25T11:45+02:00,-0.88
2026-05-25T12:00+02:00,-1.02
2026-05-25T12:15+02:00,-1.03
2026-05-25T12:30+02:00,-1.32
2026-05-25T12:45+02:00,-1.68
2026-05-25T13:00+02:00,-1.73
2026-05-25T13:15+02:00,-1.76
2026-05-25T13:30+02:00,-2.16
2026-05-25T13:45+02:00,-1.62
2026-05-25T14:00+02:00,-2.96
2026-05-25T14:15+02:00,-1.03
2026-05-25T14:30+02:00,-0.68
2026-05-25T14:45+02:00,-0.56
2026-05-25T15:00+02:00,-0.59
2026-05-25T15:15+02:00,-0.63
2026-05-25T15:30+02:00,-0.54
2026-05-25T15:45+02:00,-0.5
2026-05-25T16:00+02:00,0
2026-05-25T16:15+02:00,0.19
2026-05-25T16:30+02:00,0.17
2026-05-25T16:45+02:00,0.72
2026-05-25T17:00+02:00,0.46
2026-05-25T17:15+02:00,2.59
2026-05-25T17:30+02:00,12.5
2026-05-25T17:45+02:00,52.57
2026-05-25T18:00+02:00,50.4
2026-05-25T18:15+02:00,53.55
2026-05-25T18:30+02:00,56.81
2026-05-25T18:45+02:00,63.22
2026-05-25T19:00+02:00,63.99
2026-05-25T19:15+02:00,70.16
2026-05-25T19:30+02:00,71.29
2026-05-25T19:45+02:00,78.04
2026-05-25T20:00+02:00,69.49
2026-05-25T20:15+02:00,71.23
2026-05-25T20:30+02:00,71.7
2026-05-25T20:45+02:00,71.98
2026-05-25T21:00+02:00,69.19
2026-05-25T21:15+02:00,72.2
2026-05-25T21:30+02:00,71.37
2026-05-25T21:45+02:00,70.02
2026-05-25T22:00+02:00,72.22
2026-05-25T22:15+02:00,70.31
2026-05-25T22:30+02:00,68.72
2026-05-25T22:45+02:00,63.46
2026-05-25T23:00+02:00,67.58
2026-05-25T23:15+02:00,63.5
2026-05-25T23:30+02:00,59.33
2026-05-25T23:45+02:00,58.84
2026-05-26T00:00+02:00,59.89
2026-05-26T00:15+02:00,59.95
2026-05-26T00:30+02:00,59.65
2026-05-26T00:45+02:00,57.52
2026-05-26T01:00+02:00,60.75
2026-05-26T01:15+02:00,58.37
2026-05-26T01:30+02:00,57.01
2026-05-26T01:45+02:00,54.07
2026-05-26T02:00+02:00,56.22
2026-05-26T02:15+02:00,54.84
2026-05-26T02:30+02:00,52.75
2026-05-26T02:45+02:00,50.68
2026-05-26T03:00+02:00,53.53
2026-05-26T03:15+02:00,52.6
2026-05-26T03:30+02:00,51.58
2026-05-26T03:45+02:00,51.69
2026-05-26T04:00+02:00,52.37
2026-05-26T04:15+02:00,52.97
2026-05-26T04:30+02:00,54.86
2026-05-26T04:45+02:00,55.67
2026-05-26T05:00+02:00,53.35
2026-05-26T05:15+02:00,54.5
2026-05-26T05:30+02:00,59.72
2026-05-26T05:45+02:00,62.22
2026-05-26T06:00+02:00,58.3
2026-05-26T06:15+02:00,63.11
2026-05-26T06:30+02:00,65.43
2026-05-26T06:45+02:00,70.7
2026-05-26T07:00+02:00,105
2026-05-26T07:15+02:00,97.29
2026-05-26T07:30+02:00,80
2026-05-26T07:45+02:00,64.87
2026-05-26T08:00+02:00,69.99
2026-05-26T08:15+02:00,64.47
2026-05-26T08:30+02:00,60.68
2026-05-26T08:45+02:00,56.13
2026-05-26T09:00+02:00,59.08
2026-05-26T09:15+02:00,54.9
2026-05-26T09:30+02:00,46.63
2026-05-26T09:45+02:00,11.92
2026-05-26T10:00+02:00,19.02
2026-05-26T10:15+02:00,4.26
2026-05-26T10:30+02:00,2.7
2026-05-26T10:45+02:00,2.16
2026-05-26T11:00+02:00,4.56
2026-05-26T11:15+02:00,4
2026-05-26T11:30+02:00,3.77
2026-05-26T11:45+02:00,3.32
2026-05-26T12:00+02:00,4.05
2026-05-26T12:15+02:00,3.77
2026-05-26T12:30+02:00,3.07
2026-05-26T12:45+02:00,2.6
2026-05-26T13:00+02:00,3.06
2026-05-26T13:15+02:00,2.77
2026-05-26T13:30+02:00,2.51
2026-05-26T13:45+02:00,2.18
2026-05-26T14:00+02:00,2.68
2026-05-26T14:15+02:00,2.68
2026-05-26T14:30+02:00,2.3
2026-05-26T14:45+02:00,2.29
2026-05-26T15:00+02:00,2.14
2026-05-26T15:15+02:00,2.26
2026-05-26T15:30+02:00,2.31
2026-05-26T15:45+02:00,2.47
2026-05-26T16:00+02:00,1.83
2026-05-26T16:15+02:00,2.4
2026-05-26T16:30+02:00,4.51
2026-05-26T16:45+02:00,9.71
2026-05-26T17:00+02:00,8.28
2026-05-26T17:15+02:00,37.97
2026-05-26T17:30+02:00,52.58
2026-05-26T17:45+02:00,55.13
2026-05-26T18:00+02:00,53.19
2026-05-26T18:15+02:00,57.22
2026-05-26T18:30+02:00,59.62
2026-05-26T18:45+02:00,63.47
2026-05-26T19:00+02:00,58.59
2026-05-26T19:15+02:00,61.73
2026-05-26T19:30+02:00,70
2026-05-26T19:45+02:00,70
2026-05-26T20:00+02:00,69.99
2026-05-26T20:15+02:00,70.68
2026-05-26T20:30+02:00,78.93
2026-05-26T20:45+02:00,74.58
2026-05-26T21:00+02:00,70
2026-05-26T21:15+02:00,71.47
2026-05-26T21:30+02:00,78.73
2026-05-26T21:45+02:00,68.92
2026-05-26T22:00+02:00,65.1
2026-05-26T22:15+02:00,60.58
2026-05-26T22:30+02:00,59.59
2026-05-26T22:45+02:00,58.07
2026-05-26T23:00+02:00,57.86
2026-05-26T23:15+02:00,56.28
2026-05-26T23:30+02:00,54.74
2026-05-26T23:45+02:00,53.79
2026-05-27T00:00+02:00,53.31
2026-05-27T00:15+02:00,52.2
2026-05-27T00:30+02:00,51.04
2026-05-27T00:45+02:00,50.33
2026-05-27T01:00+02:00,50.59
2026-05-27T01:15+02:00,50.19
2026-05-27T01:30+02:00,49.98
2026-05-27T01:45+02:00,48.18
2026-05-27T02:00+02:00,50.06
2026-05-27T02:15+02:00,50.07
2026-05-27T02:30+02:00,49.8
2026-05-27T02:45+02:00,49.9
2026-05-27T03:00+02:00,49.72
2026-05-27T03:15+02:00,49.66
2026-05-27T03:30+02:00,49.51
2026-05-27T03:45+02:00,49.42
2026-05-27T04:00+02:00,49.21
2026-05-27T04:15+02:00,49.26
2026-05-27T04:30+02:00,49.71
2026-05-27T04:45+02:00,50.06
2026-05-27T05:00+02:00,49.44
2026-05-27T05:15+02:00,50.65
2026-05-27T05:30+02:00,51.27
2026-05-27T05:45+02:00,52.45
2026-05-27T06:00+02:00,54.84
2026-05-27T06:15+02:00,55.95
2026-05-27T06:30+02:00,56.15
2026-05-27T06:45+02:00,56.42
2026-05-27T07:00+02:00,72.71
2026-05-27T07:15+02:00,58.78
2026-05-27T07:30+02:00,60.26
2026-05-27T07:45+02:00,59.67
2026-05-27T08:00+02:00,61.48
2026-05-27T08:15+02:00,59.59
2026-05-27T08:30+02:00,55.08
2026-05-27T08:45+02:00,44.79
2026-05-27T09:00+02:00,53.78
2026-05-27T09:15+02:00,35.75
2026-05-27T09:30+02:00,11.53
2026-05-27T09:45+02:00,3.53
2026-05-27T10:00+02:00,7.19
2026-05-27T10:15+02:00,2.58
2026-05-27T10:30+02:00,0.65
2026-05-27T10:45+02:00,0.55
2026-05-27T11:00+02:00,0.77
2026-05-27T11:15+02:00,0.65
2026-05-27T11:30+02:00,0.41
2026-05-27T11:45+02:00,0.23
2026-05-27T12:00+02:00,0.3
2026-05-27T12:15+02:00,0.03
2026-05-27T12:30+02:00,0
2026-05-27T12:45+02:00,-0.23
2026-05-27T13:00+02:00,0
2026-05-27T13:15+02:00,-0.17
2026-05-27T13:30+02:00,-0.53
2026-05-27T13:45+02:00,-0.62
2026-05-27T14:00+02:00,-0.44
2026-05-27T14:15+02:00,-0.06
2026-05-27T14:30+02:00,0
2026-05-27T14:45+02:00,0
2026-05-27T15:00+02:00,-0.22
2026-05-27T15:15+02:00,-0.24
2026-05-27T15:30+02:00,0
2026-05-27T15:45+02:00,0
2026-05-27T16:00+02:00,-0.15
2026-05-27T16:15+02:00,0.48
2026-05-27T16:30+02:00,0.56
2026-05-27T16:45+02:00,1.07
2026-05-27T17:00+02:00,1.99
2026-05-27T17:15+02:00,4.13
2026-05-27T17:30+02:00,7.13
2026-05-27T17:45+02:00,23.5
2026-05-27T18:00+02:00,27.55
2026-05-27T18:15+02:00,48.85
2026-05-27T18:30+02:00,54.94
2026-05-27T18:45+02:00,58.04
2026-05-27T19:00+02:00,58.3
2026-05-27T19:15+02:00,62.08
2026-05-27T19:30+02:00,62.19
2026-05-27T19:45+02:00,63.68
2026-05-27T20:00+02:00,69.11
2026-05-27T20:15+02:00,70
2026-05-27T20:30+02:00,70.47
2026-05-27T20:45+02:00,71.59
2026-05-27T21:00+02:00,70.86
2026-05-27T21:15+02:00,71.16
2026-05-27T21:30+02:00,71.99
2026-05-27T21:45+02:00,71.29
2026-05-27T22:00+02:00,70.5
2026-05-27T22:15+02:00,69.85
2026-05-27T22:30+02:00,69.37
2026-05-27T22:45+02:00,68.49
2026-05-27T23:00+02:00,66.25
2026-05-27T23:15+02:00,64.72
2026-05-27T23:30+02:00,63.81
2026-05-27T23:45+02:00,62.34
2026-05-28T00:00+02:00,63.92
2026-05-28T00:15+02:00,65.02
2026-05-28T00:30+02:00,65.64
2026-05-28T00:45+02:00,64.92
2026-05-28T01:00+02:00,64.3
2026-05-28T01:15+02:00,64.01
2026-05-28T01:30+02:00,63.92
2026-05-28T01:45+02:00,63.89
2026-05-28T02:00+02:00,61.98
2026-05-28T02:15+02:00,61.91
2026-05-28T02:30+02:00,61.17
2026-05-28T02:45+02:00,61.3
2026-05-28T03:00+02:00,58.69
2026-05-28T03:15+02:00,58.74
2026-05-28T03:30+02:00,58.93
2026-05-28T03:45+02:00,59.1
2026-05-28T04:00+02:00,57.01
2026-05-28T04:15+02:00,57.25
2026-05-28T04:30+02:00,57.48
2026-05-28T04:45+02:00,57.84
2026-05-28T05:00+02:00,56.74
2026-05-28T05:15+02:00,58.5
2026-05-28T05:30+02:00,59.43
2026-05-28T05:45+02:00,61.12
2026-05-28T06:00+02:00,69.32
2026-05-28T06:15+02:00,71.91
2026-05-28T06:30+02:00,75.86
2026-05-28T06:45+02:00,74.99
2026-05-28T07:00+02:00,80.58
2026-05-28T07:15+02:00,76.88
2026-05-28T07:30+02:00,72.57
2026-05-28T07:45+02:00,64.62
2026-05-28T08:00+02:00,76.37
2026-05-28T08:15+02:00,71.59
2026-05-28T08:30+02:00,65.67
2026-05-28T08:45+02:00,57.13
2026-05-28T09:00+02:00,62.64
2026-05-28T09:15+02:00,54.05
2026-05-28T09:30+02:00,46.66
2026-05-28T09:45+02:00,34.91
2026-05-28T10:00+02:00,33.25
2026-05-28T10:15+02:00,12.22
2026-05-28T10:30+02:00,5.63
2026-05-28T10:45+02:00,2.81
2026-05-28T11:00+02:00,2.14
2026-05-28T11:15+02:00,1.49
2026-05-28T11:30+02:00,1.1
2026-05-28T11:45+02:00,1.1
2026-05-28T12:00+02:00,1.09
2026-05-28T12:15+02:00,1.07
2026-05-28T12:30+02:00,1.05
2026-05-28T12:45+02:00,1.06
2026-05-28T13:00+02:00,1.09
2026-05-28T13:15+02:00,1.05
2026-05-28T13:30+02:00,0.8
2026-05-28T13:45+02:00,0.75
2026-05-28T14:00+02:00,1.97
2026-05-28T14:15+02:00,1.46
2026-05-28T14:30+02:00,1.53
2026-05-28T14:45+02:00,1.65
2026-05-28T15:00+02:00,1.02
2026-05-28T15:15+02:00,1.13
2026-05-28T15:30+02:00,1.99
2026-05-28T15:45+02:00,4.38
2026-05-28T16:00+02:00,3.06
2026-05-28T16:15+02:00,8.82
2026-05-28T16:30+02:00,35.69
2026-05-28T16:45+02:00,51.72
2026-05-28T17:00+02:00,43.81
2026-05-28T17:15+02:00,53.8
2026-05-28T17:30+02:00,63.05
2026-05-28T17:45+02:00,80.15
2026-05-28T18:00+02:00,60.35
2026-05-28T18:15+02:00,83.6
2026-05-28T18:30+02:00,108.83
2026-05-28T18:45+02:00,132.96
2026-05-28T19:00+02:00,95.75
2026-05-28T19:15+02:00,116.6
2026-05-28T19:30+02:00,143.23
2026-05-28T19:45+02:00,198.98
2026-05-28T20:00+02:00,135.69
2026-05-28T20:15+02:00,149.11
2026-05-28T20:30+02:00,171.33
2026-05-28T20:45+02:00,194.7
2026-05-28T21:00+02:00,208.5
2026-05-28T21:15+02:00,200.37
2026-05-28T21:30+02:00,169.44
2026-05-28T21:45+02:00,125.16
2026-05-28T22:00+02:00,178.69
2026-05-28T22:15+02:00,115.96
2026-05-28T22:30+02:00,88.25
2026-05-28T22:45+02:00,78.01
2026-05-28T23:00+02:00,90.97
2026-05-28T23:15+02:00,80.66
2026-05-28T23:30+02:00,76.56
2026-05-28T23:45+02:00,72.07
2026-05-29T00:00+02:00,72.23
2026-05-29T00:15+02:00,73.72
2026-05-29T00:30+02:00,73.29
2026-05-29T00:45+02:00,70.7
2026-05-29T01:00+02:00,70.66
2026-05-29T01:15+02:00,70.64
2026-05-29T01:30+02:00,70.59
2026-05-29T01:45+02:00,69.14
2026-05-29T02:00+02:00,68.21
2026-05-29T02:15+02:00,67.99
2026-05-29T02:30+02:00,67.7
2026-05-29T02:45+02:00,67.62
2026-05-29T03:00+02:00,68.46
2026-05-29T03:15+02:00,68.44
2026-05-29T03:30+02:00,68.84
2026-05-29T03:45+02:00,70.3
2026-05-29T04:00+02:00,67.35
2026-05-29T04:15+02:00,69.49
2026-05-29T04:30+02:00,73.04
2026-05-29T04:45+02:00,76.23
2026-05-29T05:00+02:00,64.99
2026-05-29T05:15+02:00,70.9
2026-05-29T05:30+02:00,79.09
2026-05-29T05:45+02:00,94.72
2026-05-29T06:00+02:00,76.69
2026-05-29T06:15+02:00,84.21
2026-05-29T06:30+02:00,90.29
2026-05-29T06:45+02:00,97.24
2026-05-29T07:00+02:00,86.09
2026-05-29T07:15+02:00,84.45
2026-05-29T07:30+02:00,86.96
2026-05-29T07:45+02:00,84.34
2026-05-29T08:00+02:00,92.1
2026-05-29T08:15+02:00,80.53
2026-05-29T08:30+02:00,75.05
2026-05-29T08:45+02:00,68.15
2026-05-29T09:00+02:00,79.77
2026-05-29T09:15+02:00,66.82
2026-05-29T09:30+02:00,53.96
2026-05-29T09:45+02:00,27.77
2026-05-29T10:00+02:00,41.95
2026-05-29T10:15+02:00,18.12
2026-05-29T10:30+02:00,10.24
2026-05-29T10:45+02:00,6.46
2026-05-29T11:00+02:00,8.66
2026-05-29T11:15+02:00,8.41
2026-05-29T11:30+02:00,7.5
2026-05-29T11:45+02:00,7.47
2026-05-29T12:00+02:00,8.55
2026-05-29T12:15+02:00,7.64
2026-05-29T12:30+02:00,7.45
2026-05-29T12:45+02:00,8.52
2026-05-29T13:00+02:00,8.26
2026-05-29T13:15+02:00,8.25
2026-05-29T13:30+02:00,6.06
2026-05-29T13:45+02:00,5.92
2026-05-29T14:00+02:00,6.12
2026-05-29T14:15+02:00,6.16
2026-05-29T14:30+02:00,7.24
2026-05-29T14:45+02:00,7.45
2026-05-29T15:00+02:00,6.14
2026-05-29T15:15+02:00,7.21
2026-05-29T15:30+02:00,10.11
2026-05-29T15:45+02:00,26
2026-05-29T16:00+02:00,6.86
2026-05-29T16:15+02:00,26.89
2026-05-29T16:30+02:00,64.19
2026-05-29T16:45+02:00,83.92
2026-05-29T17:00+02:00,58.98
2026-05-29T17:15+02:00,69.57
2026-05-29T17:30+02:00,82.69
2026-05-29T17:45+02:00,89.27
2026-05-29T18:00+02:00,75.23
2026-05-29T18:15+02:00,98.69
2026-05-29T18:30+02:00,104.62
2026-05-29T18:45+02:00,133.75
2026-05-29T19:00+02:00,114.43
2026-05-29T19:15+02:00,133.7
2026-05-29T19:30+02:00,141.37
2026-05-29T19:45+02:00,151.48
2026-05-29T20:00+02:00,146.7
2026-05-29T20:15+02:00,137.22
2026-05-29T20:30+02:00,136.13
2026-05-29T20:45+02:00,123.76
2026-05-29T21:00+02:00,130.09
2026-05-29T21:15+02:00,140.45
2026-05-29T21:30+02:00,141.94
2026-05-29T21:45+02:00,115
2026-05-29T22:00+02:00,149.06
2026-05-29T22:15+02:00,136.19
2026-05-29T22:30+02:00,115.62
2026-05-29T22:45+02:00,100.07
2026-05-29T23:00+02:00,110.1
2026-05-29T23:15+02:00,105.14
2026-05-29T23:30+02:00,89.67
2026-05-29T23:45+02:00,84
2026-05-30T00:00+02:00,115
2026-05-30T00:15+02:00,110
2026-05-30T00:30+02:00,105.6
2026-05-30T00:45+02:00,98.69
2026-05-30T01:00+02:00,101.32
2026-05-30T01:15+02:00,98.7
2026-05-30T01:30+02:00,84.78
2026-05-30T01:45+02:00,82.46
2026-05-30T02:00+02:00,94.31
2026-05-30T02:15+02:00,87.56
2026-05-30T02:30+02:00,85.07
2026-05-30T02:45+02:00,80.12
2026-05-30T03:00+02:00,84.8
2026-05-30T03:15+02:00,85.63
2026-05-30T03:30+02:00,79.53
2026-05-30T03:45+02:00,77.11
2026-05-30T04:00+02:00,74.73
2026-05-30T04:15+02:00,76.44
2026-05-30T04:30+02:00,78.19
2026-05-30T04:45+02:00,79.21
2026-05-30T05:00+02:00,74.63
2026-05-30T05:15+02:00,74.76
2026-05-30T05:30+02:00,74.77
2026-05-30T05:45+02:00,82.28
2026-05-30T06:00+02:00,69.18
2026-05-30T06:15+02:00,68.89
2026-05-30T06:30+02:00,75.65
2026-05-30T06:45+02:00,81.92
2026-05-30T07:00+02:00,68.7
2026-05-30T07:15+02:00,72.2
2026-05-30T07:30+02:00,73.9
2026-05-30T07:45+02:00,78.43
2026-05-30T08:00+02:00,80.06
2026-05-30T08:15+02:00,76.95
2026-05-30T08:30+02:00,69.4
2026-05-30T08:45+02:00,59.38
2026-05-30T09:00+02:00,77.42
2026-05-30T09:15+02:00,47.77
2026-05-30T09:30+02:00,17.33
2026-05-30T09:45+02:00,7.84
2026-05-30T10:00+02:00,23.56
2026-05-30T10:15+02:00,21.5
2026-05-30T10:30+02:00,20.01
2026-05-30T10:45+02:00,21.46
2026-05-30T11:00+02:00,24.77
2026-05-30T11:15+02:00,22.45
2026-05-30T11:30+02:00,20.01
2026-05-30T11:45+02:00,19.99
2026-05-30T12:00+02:00,24.78
2026-05-30T12:15+02:00,23.94
2026-05-30T12:30+02:00,20.94
2026-05-30T12:45+02:00,20.38
2026-05-30T13:00+02:00,23.98
2026-05-30T13:15+02:00,21.64
2026-05-30T13:30+02:00,20.99
2026-05-30T13:45+02:00,21.14
2026-05-30T14:00+02:00,20
2026-05-30T14:15+02:00,20.38
2026-05-30T14:30+02:00,22
2026-05-30T14:45+02:00,23.83
2026-05-30T15:00+02:00,22.32
2026-05-30T15:15+02:00,20.01
2026-05-30T15:30+02:00,20.87
2026-05-30T15:45+02:00,24.99
2026-05-30T16:00+02:00,18.45
2026-05-30T16:15+02:00,20.17
2026-05-30T16:30+02:00,26.02
2026-05-30T16:45+02:00,34.77
2026-05-30T17:00+02:00,8.44
2026-05-30T17:15+02:00,49.68
2026-05-30T17:30+02:00,85.36
2026-05-30T17:45+02:00,95.76
2026-05-30T18:00+02:00,72.28
2026-05-30T18:15+02:00,90.82
2026-05-30T18:30+02:00,106.92
2026-05-30T18:45+02:00,113.47
2026-05-30T19:00+02:00,108.46
2026-05-30T19:15+02:00,114.99
2026-05-30T19:30+02:00,120.8
2026-05-30T19:45+02:00,124.99
2026-05-30T20:00+02:00,121.83
2026-05-30T20:15+02:00,114.99
2026-05-30T20:30+02:00,109.08
2026-05-30T20:45+02:00,103.69
2026-05-30T21:00+02:00,120.37
2026-05-30T21:15+02:00,115
2026-05-30T21:30+02:00,110.25
2026-05-30T21:45+02:00,102.88
2026-05-30T22:00+02:00,104.5
2026-05-30T22:15+02:00,95.63
2026-05-30T22:30+02:00,90.66
2026-05-30T22:45+02:00,84.06
2026-05-30T23:00+02:00,93.7
2026-05-30T23:15+02:00,87.01
2026-05-30T23:30+02:00,84.79
2026-05-30T23:45+02:00,81.56
2026-05-31T00:00+02:00,99.24
2026-05-31T00:15+02:00,94.38
2026-05-31T00:30+02:00,94.19
2026-05-31T00:45+02:00,92.61
2026-05-31T01:00+02:00,91.18
2026-05-31T01:15+02:00,92.05
2026-05-31T01:30+02:00,94.66
2026-05-31T01:45+02:00,95.9
2026-05-31T02:00+02:00,88.77
2026-05-31T02:15+02:00,90.89
2026-05-31T02:30+02:00,93.66
2026-05-31T02:45+02:00,95.38
2026-05-31T03:00+02:00,88.18
2026-05-31T03:15+02:00,89.88
2026-05-31T03:30+02:00,94.98
2026-05-31T03:45+02:00,93.54
2026-05-31T04:00+02:00,92.29
2026-05-31T04:15+02:00,92.45
2026-05-31T04:30+02:00,93.55
2026-05-31T04:45+02:00,92.23
2026-05-31T05:00+02:00,91.78
2026-05-31T05:15+02:00,90.47
2026-05-31T05:30+02:00,91.27
2026-05-31T05:45+02:00,89.24
2026-05-31T06:00+02:00,90.2
2026-05-31T06:15+02:00,89.82
2026-05-31T06:30+02:00,86.21
2026-05-31T06:45+02:00,89.8
2026-05-31T07:00+02:00,88.88
2026-05-31T07:15+02:00,94.83
2026-05-31T07:30+02:00,89.43
2026-05-31T07:45+02:00,79.04
2026-05-31T08:00+02:00,93.25
2026-05-31T08:15+02:00,88.37
2026-05-31T08:30+02:00,77.01
2026-05-31T08:45+02:00,72.72
2026-05-31T09:00+02:00,79.45
2026-05-31T09:15+02:00,63.67
2026-05-31T09:30+02:00,51.69
2026-05-31T09:45+02:00,25.11
2026-05-31T10:00+02:00,42.41
2026-05-31T10:15+02:00,37.04
2026-05-31T10:30+02:00,34.83
2026-05-31T10:45+02:00,36.67
2026-05-31T11:00+02:00,43.83
2026-05-31T11:15+02:00,41.1
2026-05-31T11:30+02:00,36.63
2026-05-31T11:45+02:00,32.43
2026-05-31T12:00+02:00,40.58
2026-05-31T12:15+02:00,39.98
2026-05-31T12:30+02:00,36.32
2026-05-31T12:45+02:00,36.64
2026-05-31T13:00+02:00,40.08
2026-05-31T13:15+02:00,39.79
2026-05-31T13:30+02:00,38.79
2026-05-31T13:45+02:00,36.73
2026-05-31T14:00+02:00,37.93
2026-05-31T14:15+02:00,37.23
2026-05-31T14:30+02:00,40.69
2026-05-31T14:45+02:00,40.1
2026-05-31T15:00+02:00,32.1
2026-05-31T15:15+02:00,34.5
2026-05-31T15:30+02:00,39.73
2026-05-31T15:45+02:00,56.6
2026-05-31T16:00+02:00,19.17
2026-05-31T16:15+02:00,40.48
2026-05-31T16:30+02:00,65.64
2026-05-31T16:45+02:00,88.51
2026-05-31T17:00+02:00,67.47
2026-05-31T17:15+02:00,86.95
2026-05-31T17:30+02:00,101.05
2026-05-31T17:45+02:00,118.78
2026-05-31T18:00+02:00,102.91
2026-05-31T18:15+02:00,116.25
2026-05-31T18:30+02:00,124.57
2026-05-31T18:45+02:00,131.41
2026-05-31T19:00+02:00,123.91
2026-05-31T19:15+02:00,126.78
2026-05-31T19:30+02:00,129.15
2026-05-31T19:45+02:00,130.95
2026-05-31T20:00+02:00,133.1
2026-05-31T20:15+02:00,131.54
2026-05-31T20:30+02:00,135.34
2026-05-31T20:45+02:00,127.69
2026-05-31T21:00+02:00,138.49
2026-05-31T21:15+02:00,132.73
2026-05-31T21:30+02:00,131.06
2026-05-31T21:45+02:00,125.48
2026-05-31T22:00+02:00,145.6
2026-05-31T22:15+02:00,131.91
2026-05-31T22:30+02:00,124.62
2026-05-31T22:45+02:00,108.09
2026-05-31T23:00+02:00,113.94
2026-05-31T23:15+02:00,102.81
2026-05-31T23:30+02:00,98.2
2026-05-31T23:45+02:00,94.92
2026-06-01T00:00+02:00,114.99
2026-06-01T00:15+02:00,112.41
2026-06-01T00:30+02:00,111.62
2026-06-01T00:45+02:00,110.84
2026-06-01T01:00+02:00,111.39
2026-06-01T01:15+02:00,106.13
2026-06-01T01:30+02:00,107.87
2026-06-01T01:45+02:00,112.67
2026-06-01T02:00+02:00,103.47
2026-06-01T02:15+02:00,108.38
2026-06-01T02:30+02:00,110.54
2026-06-01T02:45+02:00,109.12
2026-06-01T03:00+02:00,102.49
2026-06-01T03:15+02:00,108.14
2026-06-01T03:30+02:00,108.36
2026-06-01T03:45+02:00,108.97
2026-06-01T04:00+02:00,99.46
2026-06-01T04:15+02:00,102.23
2026-06-01T04:30+02:00,108.87
2026-06-01T04:45+02:00,122.23
2026-06-01T05:00+02:00,82.2
2026-06-01T05:15+02:00,95.75
2026-06-01T05:30+02:00,114.99
2026-06-01T05:45+02:00,134
2026-06-01T06:00+02:00,138.5
2026-06-01T06:15+02:00,148.11
2026-06-01T06:30+02:00,144.33
2026-06-01T06:45+02:00,144.51
2026-06-01T07:00+02:00,156.94
2026-06-01T07:15+02:00,150.98
2026-06-01T07:30+02:00,146.63
2026-06-01T07:45+02:00,143.64
2026-06-01T08:00+02:00,166.51
2026-06-01T08:15+02:00,154.82
2026-06-01T08:30+02:00,134.99
2026-06-01T08:45+02:00,120.8
2026-06-01T09:00+02:00,154.62
2026-06-01T09:15+02:00,133
2026-06-01T09:30+02:00,117.98
2026-06-01T09:45+02:00,110.99
2026-06-01T10:00+02:00,125.68
2026-06-01T10:15+02:00,114.58
2026-06-01T10:30+02:00,112.84
2026-06-01T10:45+02:00,110.71
2026-06-01T11:00+02:00,113.5
2026-06-01T11:15+02:00,110.97
2026-06-01T11:30+02:00,105.43
2026-06-01T11:45+02:00,98.97
2026-06-01T12:00+02:00,100.42
2026-06-01T12:15+02:00,94.99
2026-06-01T12:30+02:00,93.08
2026-06-01T12:45+02:00,89.15
2026-06-01T13:00+02:00,94.27
2026-06-01T13:15+02:00,93.86
2026-06-01T13:30+02:00,90.61
2026-06-01T13:45+02:00,88.45
2026-06-01T14:00+02:00,87.72
2026-06-01T14:15+02:00,88.22
2026-06-01T14:30+02:00,86.85
2026-06-01T14:45+02:00,89.39
2026-06-01T15:00+02:00,86.68
2026-06-01T15:15+02:00,91.46
2026-06-01T15:30+02:00,95.83
2026-06-01T15:45+02:00,103.91
2026-06-01T16:00+02:00,82.74
2026-06-01T16:15+02:00,94.45
2026-06-01T16:30+02:00,105.36
2026-06-01T16:45+02:00,117.69
2026-06-01T17:00+02:00,100.22
2026-06-01T17:15+02:00,108.68
2026-06-01T17:30+02:00,121.23
2026-06-01T17:45+02:00,135.36
2026-06-01T18:00+02:00,113.88
2026-06-01T18:15+02:00,124.92
2026-06-01T18:30+02:00,139.58
2026-06-01T18:45+02:00,164.21
2026-06-01T19:00+02:00,156.24
2026-06-01T19:15+02:00,173.54
2026-06-01T19:30+02:00,200.79
2026-06-01T19:45+02:00,253.61
2026-06-01T20:00+02:00,214.17
2026-06-01T20:15+02:00,249.32
2026-06-01T20:30+02:00,270.8
2026-06-01T20:45+02:00,293.85
2026-06-01T21:00+02:00,256.73
2026-06-01T21:15+02:00,239.88
2026-06-01T21:30+02:00,222.46
2026-06-01T21:45+02:00,194.65
2026-06-01T22:00+02:00,239.9
2026-06-01T22:15+02:00,190.32
2026-06-01T22:30+02:00,162.09
2026-06-01T22:45+02:00,143.78
2026-06-01T23:00+02:00,147.01
2026-06-01T23:15+02:00,129.46
2026-06-01T23:30+02:00,117.59
2026-06-01T23:45+02:00,103.99
2026-06-02T00:00+02:00,144.66
2026-06-02T00:15+02:00,135.96
2026-06-02T00:30+02:00,128.14
2026-06-02T00:45+02:00,122.34
2026-06-02T01:00+02:00,134.65
2026-06-02T01:15+02:00,127.22
2026-06-02T01:30+02:00,123.76
2026-06-02T01:45+02:00,119.95
2026-06-02T02:00+02:00,124.38
2026-06-02T02:15+02:00,123.76
2026-06-02T02:30+02:00,122.91
2026-06-02T02:45+02:00,120.31
2026-06-02T03:00+02:00,122.89
2026-06-02T03:15+02:00,119.98
2026-06-02T03:30+02:00,119.48
2026-06-02T03:45+02:00,118.36
2026-06-02T04:00+02:00,118.05
2026-06-02T04:15+02:00,118.24
2026-06-02T04:30+02:00,119.93
2026-06-02T04:45+02:00,125.2
2026-06-02T05:00+02:00,102.43
2026-06-02T05:15+02:00,115.89
2026-06-02T05:30+02:00,122.57
2026-06-02T05:45+02:00,127.04
2026-06-02T06:00+02:00,127.33
2026-06-02T06:15+02:00,131.55
2026-06-02T06:30+02:00,130.83
2026-06-02T06:45+02:00,124.72
2026-06-02T07:00+02:00,138.59
2026-06-02T07:15+02:00,133.76
2026-06-02T07:30+02:00,130.64
2026-06-02T07:45+02:00,125.69
2026-06-02T08:00+02:00,131.02
2026-06-02T08:15+02:00,127.81
2026-06-02T08:30+02:00,119.57
2026-06-02T08:45+02:00,109.52
2026-06-02T09:00+02:00,121.82
2026-06-02T09:15+02:00,110.19
2026-06-02T09:30+02:00,100.58
2026-06-02T09:45+02:00,96.22
2026-06-02T10:00+02:00,100.71
2026-06-02T10:15+02:00,95.52
2026-06-02T10:30+02:00,91.75
2026-06-02T10:45+02:00,82.48
2026-06-02T11:00+02:00,92.69
2026-06-02T11:15+02:00,88.81
2026-06-02T11:30+02:00,85.42
2026-06-02T11:45+02:00,84.03
2026-06-02T12:00+02:00,85.88
2026-06-02T12:15+02:00,85.63
2026-06-02T12:30+02:00,85.62
2026-06-02T12:45+02:00,85.8
2026-06-02T13:00+02:00,82.65
2026-06-02T13:15+02:00,88.34
2026-06-02T13:30+02:00,89.29
2026-06-02T13:45+02:00,90.42
2026-06-02T14:00+02:00,87.82
2026-06-02T14:15+02:00,91.87
2026-06-02T14:30+02:00,95.46
2026-06-02T14:45+02:00,98.97
2026-06-02T15:00+02:00,94.28
2026-06-02T15:15+02:00,98.86
2026-06-02T15:30+02:00,104.7
2026-06-02T15:45+02:00,111.53
2026-06-02T16:00+02:00,103.19
2026-06-02T16:15+02:00,109.35
2026-06-02T16:30+02:00,116.31
2026-06-02T16:45+02:00,127.91
2026-06-02T17:00+02:00,121.51
2026-06-02T17:15+02:00,127.58
2026-06-02T17:30+02:00,135
2026-06-02T17:45+02:00,142.3
2026-06-02T18:00+02:00,137.2
2026-06-02T18:15+02:00,143.86
2026-06-02T18:30+02:00,149.81
2026-06-02T18:45+02:00,161.33
2026-06-02T19:00+02:00,154.25
2026-06-02T19:15+02:00,160.97
2026-06-02T19:30+02:00,170.88
2026-06-02T19:45+02:00,172.88
2026-06-02T20:00+02:00,170.89
2026-06-02T20:15+02:00,161.87
2026-06-02T20:30+02:00,158.22
2026-06-02T20:45+02:00,152.17
2026-06-02T21:00+02:00,165.96
2026-06-02T21:15+02:00,152.22
2026-06-02T21:30+02:00,147.09
2026-06-02T21:45+02:00,137.94
2026-06-02T22:00+02:00,144.19
2026-06-02T22:15+02:00,141.39
2026-06-02T22:30+02:00,137.13
2026-06-02T22:45+02:00,133.02
2026-06-02T23:00+02:00,137.24
2026-06-02T23:15+02:00,125.07
2026-06-02T23:30+02:00,123.82
2026-06-02T23:45+02:00,113.25
2026-06-03T00:00+02:00,116.18
2026-06-03T00:15+02:00,116.13
2026-06-03T00:30+02:00,111.59
2026-06-03T00:45+02:00,109.64
2026-06-03T01:00+02:00,110.66
2026-06-03T01:15+02:00,108.78
2026-06-03T01:30+02:00,106.85
2026-06-03T01:45+02:00,104.1
2026-06-03T02:00+02:00,108.41
2026-06-03T02:15+02:00,106.43
2026-06-03T02:30+02:00,106.09
2026-06-03T02:45+02:00,105.18
2026-06-03T03:00+02:00,105.45
2026-06-03T03:15+02:00,104.76
2026-06-03T03:30+02:00,104.9
2026-06-03T03:45+02:00,106.69
2026-06-03T04:00+02:00,102.71
2026-06-03T04:15+02:00,102.78
2026-06-03T04:30+02:00,104.08
2026-06-03T04:45+02:00,107.25
2026-06-03T05:00+02:00,104.8
2026-06-03T05:15+02:00,108.09
2026-06-03T05:30+02:00,112.27
2026-06-03T05:45+02:00,119.71
2026-06-03T06:00+02:00,127.46
2026-06-03T06:15+02:00,130.28
2026-06-03T06:30+02:00,132.32
2026-06-03T06:45+02:00,133.19
2026-06-03T07:00+02:00,144.44
2026-06-03T07:15+02:00,139.58
2026-06-03T07:30+02:00,134.11
2026-06-03T07:45+02:00,129.99
2026-06-03T08:00+02:00,146
2026-06-03T08:15+02:00,135.74
2026-06-03T08:30+02:00,129.55
2026-06-03T08:45+02:00,116
2026-06-03T09:00+02:00,131.85
2026-06-03T09:15+02:00,119.28
2026-06-03T09:30+02:00,109.58
2026-06-03T09:45+02:00,95.07
2026-06-03T10:00+02:00,105.83
2026-06-03T10:15+02:00,96.61
2026-06-03T10:30+02:00,91.21
2026-06-03T10:45+02:00,84.55
2026-06-03T11:00+02:00,87.17
2026-06-03T11:15+02:00,81.43
2026-06-03T11:30+02:00,78.85
2026-06-03T11:45+02:00,67.68
2026-06-03T12:00+02:00,79.9
2026-06-03T12:15+02:00,67.01
2026-06-03T12:30+02:00,63.2
2026-06-03T12:45+02:00,53.32
2026-06-03T13:00+02:00,63.29
2026-06-03T13:15+02:00,59.54
2026-06-03T13:30+02:00,56.41
2026-06-03T13:45+02:00,47.31
2026-06-03T14:00+02:00,46.64
2026-06-03T14:15+02:00,51.69
2026-06-03T14:30+02:00,52.49
2026-06-03T14:45+02:00,62.81
2026-06-03T15:00+02:00,40.69
2026-06-03T15:15+02:00,50.63
2026-06-03T15:30+02:00,54.94
2026-06-03T15:45+02:00,74.28
2026-06-03T16:00+02:00,45.25
2026-06-03T16:15+02:00,74.93
2026-06-03T16:30+02:00,83.13
2026-06-03T16:45+02:00,108.92
2026-06-03T17:00+02:00,70.04
2026-06-03T17:15+02:00,87.89
2026-06-03T17:30+02:00,108.97
2026-06-03T17:45+02:00,122.84
2026-06-03T18:00+02:00,106.94
2026-06-03T18:15+02:00,118.65
2026-06-03T18:30+02:00,131.81
2026-06-03T18:45+02:00,138.66
2026-06-03T19:00+02:00,126.45
2026-06-03T19:15+02:00,131.82
2026-06-03T19:30+02:00,139.42
2026-06-03T19:45+02:00,149.08
2026-06-03T20:00+02:00,140.26
2026-06-03T20:15+02:00,138.76
2026-06-03T20:30+02:00,134.7
2026-06-03T20:45+02:00,126.96
2026-06-03T21:00+02:00,142.14
2026-06-03T21:15+02:00,128.1
2026-06-03T21:30+02:00,116.81
2026-06-03T21:45+02:00,102.4
2026-06-03T22:00+02:00,128.75
2026-06-03T22:15+02:00,112.59
2026-06-03T22:30+02:00,98.56
2026-06-03T22:45+02:00,85.98
2026-06-03T23:00+02:00,102.35
2026-06-03T23:15+02:00,78.7
2026-06-03T23:30+02:00,67.39
2026-06-03T23:45+02:00,55.16
2026-06-04T00:00+02:00,78.82
2026-06-04T00:15+02:00,71.8
2026-06-04T00:30+02:00,64.52
2026-06-04T00:45+02:00,49.93
2026-06-04T01:00+02:00,66.34
2026-06-04T01:15+02:00,63.95
2026-06-04T01:30+02:00,55.28
2026-06-04T01:45+02:00,49.85
2026-06-04T02:00+02:00,56.32
2026-06-04T02:15+02:00,52.51
2026-06-04T02:30+02:00,49.84
2026-06-04T02:45+02:00,47.29
2026-06-04T03:00+02:00,51.25
2026-06-04T03:15+02:00,49.46
2026-06-04T03:30+02:00,51.67
2026-06-04T03:45+02:00,52.62
2026-06-04T04:00+02:00,46.68
2026-06-04T04:15+02:00,47.98
2026-06-04T04:30+02:00,50.68
2026-06-04T04:45+02:00,58.9
2026-06-04T05:00+02:00,46.4
2026-06-04T05:15+02:00,51.75
2026-06-04T05:30+02:00,59.95
2026-06-04T05:45+02:00,60.56
2026-06-04T06:00+02:00,53.88
2026-06-04T06:15+02:00,66.81
2026-06-04T06:30+02:00,71.62
2026-06-04T06:45+02:00,71.21
2026-06-04T07:00+02:00,89.64
2026-06-04T07:15+02:00,85.72
2026-06-04T07:30+02:00,81.54
2026-06-04T07:45+02:00,74.39
2026-06-04T08:00+02:00,100.1
2026-06-04T08:15+02:00,81.24
2026-06-04T08:30+02:00,64.11
2026-06-04T08:45+02:00,41.4
2026-06-04T09:00+02:00,67.76
2026-06-04T09:15+02:00,47.31
2026-06-04T09:30+02:00,22.01
2026-06-04T09:45+02:00,10.08
2026-06-04T10:00+02:00,26.25
2026-06-04T10:15+02:00,17.47
2026-06-04T10:30+02:00,12.48
2026-06-04T10:45+02:00,9.53
2026-06-04T11:00+02:00,11.05
2026-06-04T11:15+02:00,9.07
2026-06-04T11:30+02:00,7.12
2026-06-04T11:45+02:00,7.99
2026-06-04T12:00+02:00,10.29
2026-06-04T12:15+02:00,10
2026-06-04T12:30+02:00,9.8
2026-06-04T12:45+02:00,9.67
2026-06-04T13:00+02:00,9.78
2026-06-04T13:15+02:00,9.77
2026-06-04T13:30+02:00,9.78
2026-06-04T13:45+02:00,9.99
2026-06-04T14:00+02:00,8.12
2026-06-04T14:15+02:00,9.18
2026-06-04T14:30+02:00,9.99
2026-06-04T14:45+02:00,11
2026-06-04T15:00+02:00,10.01
2026-06-04T15:15+02:00,11
2026-06-04T15:30+02:00,11.01
2026-06-04T15:45+02:00,15.56
2026-06-04T16:00+02:00,6.74
2026-06-04T16:15+02:00,15.14
2026-06-04T16:30+02:00,37.23
2026-06-04T16:45+02:00,62.5
2026-06-04T17:00+02:00,35.16
2026-06-04T17:15+02:00,57.66
2026-06-04T17:30+02:00,76.95
2026-06-04T17:45+02:00,92.96
2026-06-04T18:00+02:00,64.98
2026-06-04T18:15+02:00,88.07
2026-06-04T18:30+02:00,109.18
2026-06-04T18:45+02:00,108.8
2026-06-04T19:00+02:00,94.06
2026-06-04T19:15+02:00,100.5
2026-06-04T19:30+02:00,105.85
2026-06-04T19:45+02:00,100.83
2026-06-04T20:00+02:00,101.3
2026-06-04T20:15+02:00,89.77
2026-06-04T20:30+02:00,87.2
2026-06-04T20:45+02:00,78.35
2026-06-04T21:00+02:00,90.71
2026-06-04T21:15+02:00,85.39
2026-06-04T21:30+02:00,79.1
2026-06-04T21:45+02:00,71.72
2026-06-04T22:00+02:00,89.47
2026-06-04T22:15+02:00,78.35
2026-06-04T22:30+02:00,69.69
2026-06-04T22:45+02:00,63
2026-06-04T23:00+02:00,68.14
2026-06-04T23:15+02:00,62.49
2026-06-04T23:30+02:00,55.57
2026-06-04T23:45+02:00,50.09
2026-06-05T00:00+02:00,
2026-06-05T00:15+02:00,
2026-06-05T00:30+02:00,
2026-06-05T00:45+02:00,
2026-06-05T01:00+02:00,
2026-06-05T01:15+02:00,
2026-06-05T01:30+02:00,
2026-06-05T01:45+02:00,
2026-06-05T02:00+02:00,
2026-06-05T02:15+02:00,
2026-06-05T02:30+02:00,
2026-06-05T02:45+02:00,
2026-06-05T03:00+02:00,
2026-06-05T03:15+02:00,
2026-06-05T03:30+02:00,
2026-06-05T03:45+02:00,
2026-06-05T04:00+02:00,
2026-06-05T04:15+02:00,
2026-06-05T04:30+02:00,
2026-06-05T04:45+02:00,
2026-06-05T05:00+02:00,
2026-06-05T05:15+02:00,
2026-06-05T05:30+02:00,
2026-06-05T05:45+02:00,
2026-06-05T06:00+02:00,
2026-06-05T06:15+02:00,
2026-06-05T06:30+02:00,
2026-06-05T06:45+02:00,
2026-06-05T07:00+02:00,
2026-06-05T07:15+02:00,
2026-06-05T07:30+02:00,
2026-06-05T07:45+02:00,
2026-06-05T08:00+02:00,
2026-06-05T08:15+02:00,
2026-06-05T08:30+02:00,
2026-06-05T08:45+02:00,
2026-06-05T09:00+02:00,
2026-06-05T09:15+02:00,
2026-06-05T09:30+02:00,
2026-06-05T09:45+02:00,
2026-06-05T10:00+02:00,
2026-06-05T10:15+02:00,
2026-06-05T10:30+02:00,
2026-06-05T10:45+02:00,
2026-06-05T11:00+02:00,
2026-06-05T11:15+02:00,
2026-06-05T11:30+02:00,
2026-06-05T11:45+02:00,
2026-06-05T12:00+02:00,
2026-06-05T12:15+02:00,
2026-06-05T12:30+02:00,
2026-06-05T12:45+02:00,
2026-06-05T13:00+02:00,
2026-06-05T13:15+02:00,
2026-06-05T13:30+02:00,
2026-06-05T13:45+02:00,
2026-06-05T14:00+02:00,
2026-06-05T14:15+02:00,
2026-06-05T14:30+02:00,
2026-06-05T14:45+02:00,
2026-06-05T15:00+02:00,
2026-06-05T15:15+02:00,
2026-06-05T15:30+02:00,
2026-06-05T15:45+02:00,
2026-06-05T16:00+02:00,
2026-06-05T16:15+02:00,
2026-06-05T16:30+02:00,
2026-06-05T16:45+02:00,
2026-06-05T17:00+02:00,
2026-06-05T17:15+02:00,
2026-06-05T17:30+02:00,
2026-06-05T17:45+02:00,
2026-06-05T18:00+02:00,
2026-06-05T18:15+02:00,
2026-06-05T18:30+02:00,
2026-06-05T18:45+02:00,
2026-06-05T19:00+02:00,
2026-06-05T19:15+02:00,
2026-06-05T19:30+02:00,
2026-06-05T19:45+02:00,
2026-06-05T20:00+02:00,
2026-06-05T20:15+02:00,
2026-06-05T20:30+02:00,
2026-06-05T20:45+02:00,
2026-06-05T21:00+02:00,
2026-06-05T21:15+02:00,
2026-06-05T21:30+02:00,
2026-06-05T21:45+02:00,
2026-06-05T22:00+02:00,
2026-06-05T22:15+02:00,
2026-06-05T22:30+02:00,
2026-06-05T22:45+02:00,
2026-06-05T23:00+02:00,
2026-06-05T23:15+02:00,
2026-06-05T23:30+02:00,
2026-06-05T23:45+02:00,